mse,r2
0.05343404603959783,0.942455642726587
