mse,r2
0.15786585746074228,0.8338254131992187
