mse,r2
0.08923524135655263,0.9071953489891853
