mse,r2
0.04380904159582547,0.9545684013080329
