{"workload1": {"Best shared with 100-100% MPS thread%": 90.29066171923314, "Random select collocation": 66.33406789887876, "stage1-shared 100-100% throughput of predicted pairs": 55.580670489423966, "_Threads": 90.29066171923314, "_Compute (SM) Throughput": 90.29066171923314, "_DRAM Throughput": 90.29066171923314, "_Memory Throughput": 90.29066171923314, "_Registers": 90.29066171923314, "_Static Shared Memory": 60.86344806023814, "exclusive_throughput": 40.41189042160482, "sm%": 42.5469911117587, "mem%": 90.29066171923314, "memcap": 84.82278097546198}, "workload2": {"Best shared with 100-100% MPS thread%": 52.56636503585777, "Random select collocation": 33.73908820668504, "stage1-shared 100-100% throughput of predicted pairs": 57.621744054360136, "_Threads": 52.56636503585777, "_Compute (SM) Throughput": 52.56636503585777, "_DRAM Throughput": 52.56636503585777, "_Memory Throughput": 52.56636503585777, "_Registers": 52.56636503585777, "_Static Shared Memory": 16.548157724628314, "exclusive_throughput": 72.32534018607676, "sm%": 21.71277615937177, "mem%": 52.56636503585777, "memcap": 23.843547135916385}, "workload1+workload2": {"Best shared with 100-100% MPS thread%": 142.8570267550909, "Random select collocation": 100.0731561055638, "stage1-shared 100-100% throughput of predicted pairs": 113.2024145437841, "_Threads": 142.8570267550909, "_Compute (SM) Throughput": 142.8570267550909, "_DRAM Throughput": 142.8570267550909, "_Memory Throughput": 142.8570267550909, "_Registers": 142.8570267550909, "_Static Shared Memory": 77.41160578486645, "exclusive_throughput": 112.73723060768157, "sm%": 64.25976727113047, "mem%": 142.8570267550909, "memcap": 108.66632811137836}}