{"workload1": {"Best shared with 100-100% MPS thread%": 7.033997655334115, "Random select collocation": 5.26167834997976, "stage1-shared 100-100% throughput of predicted pairs": 5.873819043912105, "_Threads": 5.873819043912105, "_Compute (SM) Throughput": 5.873819043912105, "_DRAM Throughput": 5.873819043912105, "_Memory Throughput": 6.896551724137932, "_Registers": 5.873819043912105, "_Static Shared Memory": 5.873819043912105, "exclusive_throughput": 7.033997655334115, "sm%": 3.788667717972369, "mem%": 6.896551724137932, "memcap": 7.033997655334115}, "workload2": {"Best shared with 100-100% MPS thread%": 85.76883536495814, "Random select collocation": 39.452126936572974, "stage1-shared 100-100% throughput of predicted pairs": 65.43600661082944, "_Threads": 65.43600661082944, "_Compute (SM) Throughput": 65.43600661082944, "_DRAM Throughput": 65.43600661082944, "_Memory Throughput": 44.37666793747617, "_Registers": 65.43600661082944, "_Static Shared Memory": 65.43600661082944, "exclusive_throughput": 85.76883536495814, "sm%": 3.849762533491967, "mem%": 44.37666793747617, "memcap": 85.76883536495814}, "workload1+workload2": {"Best shared with 100-100% MPS thread%": 92.80283302029225, "Random select collocation": 44.713805286552734, "stage1-shared 100-100% throughput of predicted pairs": 71.30982565474154, "_Threads": 71.30982565474154, "_Compute (SM) Throughput": 71.30982565474154, "_DRAM Throughput": 71.30982565474154, "_Memory Throughput": 51.27321966161411, "_Registers": 71.30982565474154, "_Static Shared Memory": 71.30982565474154, "exclusive_throughput": 92.80283302029225, "sm%": 7.638430251464336, "mem%": 51.27321966161411, "memcap": 92.80283302029225}}