{"workload1": {"Best shared with 100-100% MPS thread%": 81.64121203648692, "Random select collocation": 66.49427764139506, "stage1-shared 100-100% throughput of predicted pairs": 80.92285308483736, "_Threads": 80.92285308483736, "_Compute (SM) Throughput": 80.92285308483736, "_DRAM Throughput": 80.92285308483736, "_Memory Throughput": 66.73332381088416, "_Registers": 80.92285308483736, "_Static Shared Memory": 80.92285308483736, "exclusive_throughput": 52.56636503585777, "sm%": 65.43600661082944, "mem%": 66.73332381088416, "memcap": 72.20216606498194}, "workload2": {"Best shared with 100-100% MPS thread%": 83.04498269896193, "Random select collocation": 50.85716271919316, "stage1-shared 100-100% throughput of predicted pairs": 80.82296944572394, "_Threads": 80.82296944572394, "_Compute (SM) Throughput": 80.82296944572394, "_DRAM Throughput": 80.82296944572394, "_Memory Throughput": 44.81551032837639, "_Registers": 80.82296944572394, "_Static Shared Memory": 80.82296944572394, "exclusive_throughput": 90.29066171923314, "sm%": 5.873819043912105, "mem%": 44.81551032837639, "memcap": 71.39364303178485}, "workload1+workload2": {"Best shared with 100-100% MPS thread%": 164.68619473544885, "Random select collocation": 117.35144036058821, "stage1-shared 100-100% throughput of predicted pairs": 161.7458225305613, "_Threads": 161.7458225305613, "_Compute (SM) Throughput": 161.7458225305613, "_DRAM Throughput": 161.7458225305613, "_Memory Throughput": 111.54883413926055, "_Registers": 161.7458225305613, "_Static Shared Memory": 161.7458225305613, "exclusive_throughput": 142.8570267550909, "sm%": 71.30982565474154, "mem%": 111.54883413926055, "memcap": 143.5958090967668}}