mse,r2
0.1805999505695967,0.7914529595033887
