{"workload1": {"Best shared with 100-100% MPS thread%": 80.92285308483736, "stage1-shared 100-100% throughput of predicted pairs": 52.61810519682559}, "workload2": {"Best shared with 100-100% MPS thread%": 80.82296944572394, "stage1-shared 100-100% throughput of predicted pairs": 92.6984126984127}, "workload1+workload2": {"Best shared with 100-100% MPS thread%": 161.74582253056127, "stage1-shared 100-100% throughput of predicted pairs": 145.3165178952383}}