mse,r2
0.1613871550221176,0.8353192295692677
