{"workload1": {"Best shared with 100-100% MPS thread%": 55.580670489423966, "Random select collocation": 60.85312708684205, "stage1-shared 100-100% throughput of predicted pairs": 55.580670489423966, "_Threads": 84.77282624473798, "_Compute (SM) Throughput": 40.41189042160482, "_DRAM Throughput": 84.82278097546198, "_Memory Throughput": 84.82278097546198, "_Registers": 84.77282624473798, "_Static Shared Memory": 61.26891704041755, "exclusive_throughput": 40.54640445732734, "sm%": 42.5469911117587, "mem%": 53.84845900278924, "memcap": 84.82278097546198}, "workload2": {"Best shared with 100-100% MPS thread%": 57.621744054360136, "Random select collocation": 30.82218571240014, "stage1-shared 100-100% throughput of predicted pairs": 57.621744054360136, "_Threads": 7.892353473929357, "_Compute (SM) Throughput": 72.32534018607676, "_DRAM Throughput": 23.843547135916385, "_Memory Throughput": 23.843547135916385, "_Registers": 7.892353473929357, "_Static Shared Memory": 5.9886643139771145, "exclusive_throughput": 51.14776398571672, "sm%": 21.71277615937177, "mem%": 41.41184693342653, "memcap": 23.843547135916385}, "workload1+workload2": {"Best shared with 100-100% MPS thread%": 113.2024145437841, "Random select collocation": 91.67531279924219, "stage1-shared 100-100% throughput of predicted pairs": 113.2024145437841, "_Threads": 92.66517971866735, "_Compute (SM) Throughput": 112.73723060768157, "_DRAM Throughput": 108.66632811137836, "_Memory Throughput": 108.66632811137836, "_Registers": 92.66517971866735, "_Static Shared Memory": 67.25758135439466, "exclusive_throughput": 91.69416844304406, "sm%": 64.25976727113047, "mem%": 95.26030593621577, "memcap": 108.66632811137836}}