{"workload1": {"Best shared with 100-100% MPS thread%": 2.485012269748082, "Random select collocation": 2.9410764895329224, "stage1-shared 100-100% throughput of predicted pairs": 3.589574397888485, "_Threads": 3.714731591494414, "_Compute (SM) Throughput": 2.485012269748082, "_DRAM Throughput": 3.589574397888485, "_Memory Throughput": 3.1421541302185334, "_Registers": 3.714731591494414, "_Static Shared Memory": 0.9448105950010336, "exclusive_throughput": 2.485012269748082, "sm%": 3.714731591494414, "mem%": 3.589574397888485, "memcap": 2.485012269748082}, "workload2": {"Best shared with 100-100% MPS thread%": 58.367897656289045, "Random select collocation": 17.47969770645282, "stage1-shared 100-100% throughput of predicted pairs": 41.77732471318328, "_Threads": 4.197695002352801, "_Compute (SM) Throughput": 58.367897656289045, "_DRAM Throughput": 41.77732471318328, "_Memory Throughput": 0.95585192305125, "_Registers": 4.197695002352801, "_Static Shared Memory": 3.524229074889868, "exclusive_throughput": 58.367897656289045, "sm%": 4.197695002352801, "mem%": 41.77732471318328, "memcap": 58.367897656289045}, "workload1+workload2": {"Best shared with 100-100% MPS thread%": 60.85290992603713, "Random select collocation": 20.420774195985747, "stage1-shared 100-100% throughput of predicted pairs": 45.36689911107177, "_Threads": 7.912426593847215, "_Compute (SM) Throughput": 60.85290992603713, "_DRAM Throughput": 45.36689911107177, "_Memory Throughput": 4.098006053269783, "_Registers": 7.912426593847215, "_Static Shared Memory": 4.469039669890901, "exclusive_throughput": 60.85290992603713, "sm%": 7.912426593847215, "mem%": 45.36689911107177, "memcap": 60.85290992603713}}