{"workload1": {"Best shared with 100-100% MPS thread%": 61.571012959534514, "Random select collocation": 57.72084058779005, "stage1-shared 100-100% throughput of predicted pairs": 62.87844288147885, "_Threads": 62.87844288147885, "_Compute (SM) Throughput": 62.87844288147885, "_DRAM Throughput": 62.87844288147885, "_Memory Throughput": 62.87844288147885, "_Registers": 62.87844288147885, "_Static Shared Memory": 62.87844288147885, "exclusive_throughput": 51.14776398571672, "sm%": 51.61862527716186, "mem%": 61.571012959534514, "memcap": 51.14776398571672}, "workload2": {"Best shared with 100-100% MPS thread%": 62.26737884110588, "Random select collocation": 32.94506881848635, "stage1-shared 100-100% throughput of predicted pairs": 41.65255068380793, "_Threads": 41.65255068380793, "_Compute (SM) Throughput": 41.65255068380793, "_DRAM Throughput": 41.65255068380793, "_Memory Throughput": 41.65255068380793, "_Registers": 41.65255068380793, "_Static Shared Memory": 41.65255068380793, "exclusive_throughput": 40.54640445732734, "sm%": 12.538516488788904, "mem%": 62.26737884110588, "memcap": 40.54640445732734}, "workload1+workload2": {"Best shared with 100-100% MPS thread%": 123.8383918006404, "Random select collocation": 90.66590940627643, "stage1-shared 100-100% throughput of predicted pairs": 104.53099356528678, "_Threads": 104.53099356528678, "_Compute (SM) Throughput": 104.53099356528678, "_DRAM Throughput": 104.53099356528678, "_Memory Throughput": 104.53099356528678, "_Registers": 104.53099356528678, "_Static Shared Memory": 104.53099356528678, "exclusive_throughput": 91.69416844304406, "sm%": 64.15714176595077, "mem%": 123.8383918006404, "memcap": 91.69416844304406}}