mse,r2
0.1864407598648862,0.7874295640501611
