{"workload1": {"Best shared with 100-100% MPS thread%": 92.6984126984127, "Random select collocation": 81.33377567016333, "stage1-shared 100-100% throughput of predicted pairs": 72.32534018607676, "_Threads": 101.56742537881256, "_Compute (SM) Throughput": 95.44626593806922, "_DRAM Throughput": 101.56742537881256, "_Memory Throughput": 101.56742537881256, "_Registers": 101.56742537881256, "_Static Shared Memory": 101.56742537881256, "exclusive_throughput": 54.48460040350325, "sm%": 73.45565460748706, "mem%": 101.56742537881256, "memcap": 95.44626593806922}, "workload2": {"Best shared with 100-100% MPS thread%": 52.61810519682559, "Random select collocation": 21.546821109888697, "stage1-shared 100-100% throughput of predicted pairs": 40.41189042160482, "_Threads": 20.798668885191347, "_Compute (SM) Throughput": 13.794080827644848, "_DRAM Throughput": 20.798668885191347, "_Memory Throughput": 20.798668885191347, "_Registers": 20.798668885191347, "_Static Shared Memory": 20.798668885191347, "exclusive_throughput": 41.31169170922575, "sm%": 12.097491549546344, "mem%": 20.798668885191347, "memcap": 13.794080827644848}, "workload1+workload2": {"Best shared with 100-100% MPS thread%": 145.3165178952383, "Random select collocation": 102.88059678005202, "stage1-shared 100-100% throughput of predicted pairs": 112.73723060768157, "_Threads": 122.3660942640039, "_Compute (SM) Throughput": 109.24034676571407, "_DRAM Throughput": 122.3660942640039, "_Memory Throughput": 122.3660942640039, "_Registers": 122.3660942640039, "_Static Shared Memory": 122.3660942640039, "exclusive_throughput": 95.79629211272899, "sm%": 85.55314615703341, "mem%": 122.3660942640039, "memcap": 109.24034676571407}}