mse,r2
0.15806366040200046,0.8181754236507542
