mse,r2
0.11812313545928244,0.8771519391223462
