{"workload1": {"Best shared with 100-100% MPS thread%": 25.89140610892726, "Random select collocation": 18.780599693189117, "stage1-shared 100-100% throughput of predicted pairs": 25.89140610892726, "_Threads": 30.13044277053096, "_Compute (SM) Throughput": 17.656191857108027, "_DRAM Throughput": 30.13044277053096, "_Memory Throughput": 30.13044277053096, "_Registers": 30.13044277053096, "_Static Shared Memory": 7.380307886253097, "exclusive_throughput": 25.89140610892726, "sm%": 16.27164884417704, "mem%": 30.13044277053096, "memcap": 30.13044277053096}, "workload2": {"Best shared with 100-100% MPS thread%": 68.67356538099718, "Random select collocation": 23.287231212856195, "stage1-shared 100-100% throughput of predicted pairs": 68.67356538099718, "_Threads": 30.084483824438493, "_Compute (SM) Throughput": 2.049959846147344, "_DRAM Throughput": 30.084483824438493, "_Memory Throughput": 30.084483824438493, "_Registers": 30.084483824438493, "_Static Shared Memory": 3.2853305334640126, "exclusive_throughput": 68.67356538099718, "sm%": 18.49050667376599, "mem%": 30.084483824438493, "memcap": 30.084483824438493}, "workload1+workload2": {"Best shared with 100-100% MPS thread%": 94.56497148992443, "Random select collocation": 42.06783090604531, "stage1-shared 100-100% throughput of predicted pairs": 94.56497148992443, "_Threads": 60.214926594969455, "_Compute (SM) Throughput": 19.706151703255372, "_DRAM Throughput": 60.214926594969455, "_Memory Throughput": 60.214926594969455, "_Registers": 60.214926594969455, "_Static Shared Memory": 10.665638419717109, "exclusive_throughput": 94.56497148992443, "sm%": 34.76215551794303, "mem%": 60.214926594969455, "memcap": 60.214926594969455}}