{"workload1": {"Best shared with 100-100% MPS thread%": 5.135074793480688, "Random select collocation": 14.450451789471387, "stage1-shared 100-100% throughput of predicted pairs": 19.834622849698228, "_Threads": 19.834622849698228, "_Compute (SM) Throughput": 19.834622849698228, "_DRAM Throughput": 19.834622849698228, "_Memory Throughput": 19.834622849698228, "_Registers": 19.834622849698228, "_Static Shared Memory": 19.834622849698228, "exclusive_throughput": 5.135074793480688, "sm%": 14.496603544457516, "mem%": 19.00976676833965, "memcap": 5.135074793480688}, "workload2": {"Best shared with 100-100% MPS thread%": 94.45635032954593, "Random select collocation": 52.72216727036539, "stage1-shared 100-100% throughput of predicted pairs": 70.7450030284676, "_Threads": 70.7450030284676, "_Compute (SM) Throughput": 70.7450030284676, "_DRAM Throughput": 70.7450030284676, "_Memory Throughput": 70.7450030284676, "_Registers": 70.7450030284676, "_Static Shared Memory": 70.7450030284676, "exclusive_throughput": 94.45635032954593, "sm%": 5.056570381138992, "mem%": 78.86696264285352, "memcap": 94.45635032954593}, "workload1+workload2": {"Best shared with 100-100% MPS thread%": 99.59142512302661, "Random select collocation": 67.17261905983678, "stage1-shared 100-100% throughput of predicted pairs": 90.57962587816581, "_Threads": 90.57962587816581, "_Compute (SM) Throughput": 90.57962587816581, "_DRAM Throughput": 90.57962587816581, "_Memory Throughput": 90.57962587816581, "_Registers": 90.57962587816581, "_Static Shared Memory": 90.57962587816581, "exclusive_throughput": 99.59142512302661, "sm%": 19.553173925596507, "mem%": 97.87672941119317, "memcap": 99.59142512302661}}