mse,r2
0.16620092213763585,0.7974760549727797
