mse,r2
0.8275102622400622,0.12381266351052245
