mse,r2
0.0930154939611757,0.8936965783300849
