mse,r2
0.09834504803784046,0.8995625041315671
