mse,r2
0.10198890605734223,0.8961567501961606
