{"workload1": {"Best shared with 100-100% MPS thread%": 9.53658173148562, "Random select collocation": 9.127637431589555, "stage1-shared 100-100% throughput of predicted pairs": 9.53658173148562, "_Threads": 9.824657160401172, "_Compute (SM) Throughput": 9.53658173148562, "_DRAM Throughput": 9.53658173148562, "_Memory Throughput": 9.358288770053475, "_Registers": 9.824657160401172, "_Static Shared Memory": 9.53658173148562, "exclusive_throughput": 9.53658173148562, "sm%": 7.791022064417955, "mem%": 9.358288770053475, "memcap": 9.824657160401172}, "workload2": {"Best shared with 100-100% MPS thread%": 49.89640515197471, "Random select collocation": 24.583734353363926, "stage1-shared 100-100% throughput of predicted pairs": 49.89640515197471, "_Threads": 7.229508506974016, "_Compute (SM) Throughput": 49.89640515197471, "_DRAM Throughput": 49.89640515197471, "_Memory Throughput": 28.973963259819783, "_Registers": 7.229508506974016, "_Static Shared Memory": 49.89640515197471, "exclusive_throughput": 49.89640515197471, "sm%": 12.235060494687197, "mem%": 28.973963259819783, "memcap": 7.229508506974016}, "workload1+workload2": {"Best shared with 100-100% MPS thread%": 59.43298688346033, "Random select collocation": 33.711371784953485, "stage1-shared 100-100% throughput of predicted pairs": 59.43298688346033, "_Threads": 17.054165667375187, "_Compute (SM) Throughput": 59.43298688346033, "_DRAM Throughput": 59.43298688346033, "_Memory Throughput": 38.33225202987326, "_Registers": 17.054165667375187, "_Static Shared Memory": 59.43298688346033, "exclusive_throughput": 59.43298688346033, "sm%": 20.026082559105152, "mem%": 38.33225202987326, "memcap": 17.054165667375187}}