mse,r2
0.1898322492923395,0.7904572166338918
