{"workload1": {"Best shared with 100-100% MPS thread%": 81.64121203648692, "stage1-shared 100-100% throughput of predicted pairs": 52.61810519682559}, "workload2": {"Best shared with 100-100% MPS thread%": 83.04498269896193, "stage1-shared 100-100% throughput of predicted pairs": 92.6984126984127}, "workload1+workload2": {"Best shared with 100-100% MPS thread%": 164.68619473544885, "stage1-shared 100-100% throughput of predicted pairs": 145.3165178952383}}