mse,r2
0.3079831432398917,0.6801713512508818
