mse,r2
0.07432622422709635,0.9224422008065082
