{"workload1": {"Best shared with 100-100% MPS thread%": 29.40360610263523, "Random select collocation": 23.729609805100925, "stage1-shared 100-100% throughput of predicted pairs": 31.03071335378539, "_Threads": 31.03071335378539, "_Compute (SM) Throughput": 29.40360610263523, "_DRAM Throughput": 31.03071335378539, "_Memory Throughput": 31.03071335378539, "_Registers": 31.03071335378539, "_Static Shared Memory": 31.03071335378539, "exclusive_throughput": 21.71277615937177, "sm%": 17.335072891258722, "mem%": 31.03071335378539, "memcap": 21.71277615937177}, "workload2": {"Best shared with 100-100% MPS thread%": 41.937452874223546, "Random select collocation": 23.987843312414554, "stage1-shared 100-100% throughput of predicted pairs": 21.55379221258535, "_Threads": 21.55379221258535, "_Compute (SM) Throughput": 41.937452874223546, "_DRAM Throughput": 21.55379221258535, "_Memory Throughput": 21.55379221258535, "_Registers": 21.55379221258535, "_Static Shared Memory": 21.55379221258535, "exclusive_throughput": 42.5469911117587, "sm%": 17.449377691330405, "mem%": 21.55379221258535, "memcap": 42.5469911117587}, "workload1+workload2": {"Best shared with 100-100% MPS thread%": 71.34105897685878, "Random select collocation": 47.71745311751548, "stage1-shared 100-100% throughput of predicted pairs": 52.58450556637074, "_Threads": 52.58450556637074, "_Compute (SM) Throughput": 71.34105897685878, "_DRAM Throughput": 52.58450556637074, "_Memory Throughput": 52.58450556637074, "_Registers": 52.58450556637074, "_Static Shared Memory": 52.58450556637074, "exclusive_throughput": 64.25976727113047, "sm%": 34.78445058258913, "mem%": 52.58450556637074, "memcap": 64.25976727113047}}