{"workload1": {"Best shared with 100-100% MPS thread%": 2.934469810129216, "Random select collocation": 2.7601874263636255, "stage1-shared 100-100% throughput of predicted pairs": 2.934469810129216, "_Threads": 3.313421491979044, "_Compute (SM) Throughput": 3.700801045380914, "_DRAM Throughput": 2.934469810129216, "_Memory Throughput": 0.9448105950010336, "_Registers": 3.313421491979044, "_Static Shared Memory": 0.9448105950010336, "exclusive_throughput": 2.934469810129216, "sm%": 3.313421491979044, "mem%": 0.9448105950010336, "memcap": 3.700801045380914}, "workload2": {"Best shared with 100-100% MPS thread%": 10.54139215124606, "Random select collocation": 4.783496802539748, "stage1-shared 100-100% throughput of predicted pairs": 10.54139215124606, "_Threads": 1.6991106175383557, "_Compute (SM) Throughput": 4.90239666139081, "_DRAM Throughput": 10.54139215124606, "_Memory Throughput": 3.524229074889868, "_Registers": 1.6991106175383557, "_Static Shared Memory": 3.524229074889868, "exclusive_throughput": 10.54139215124606, "sm%": 1.6991106175383557, "mem%": 3.524229074889868, "memcap": 4.90239666139081}, "workload1+workload2": {"Best shared with 100-100% MPS thread%": 13.475861961375276, "Random select collocation": 7.543684228903373, "stage1-shared 100-100% throughput of predicted pairs": 13.475861961375276, "_Threads": 5.0125321095174, "_Compute (SM) Throughput": 8.603197706771724, "_DRAM Throughput": 13.475861961375276, "_Memory Throughput": 4.469039669890901, "_Registers": 5.0125321095174, "_Static Shared Memory": 4.469039669890901, "exclusive_throughput": 13.475861961375276, "sm%": 5.0125321095174, "mem%": 4.469039669890901, "memcap": 8.603197706771724}}