mse,r2
0.2770335606869999,0.6133332459086152
