mse,r2
0.06053527424731296,0.935903827267551
