{"workload1": {"Best shared with 100-100% MPS thread%": 5.9886643139771145, "Random select collocation": 6.939037132172247, "stage1-shared 100-100% throughput of predicted pairs": 5.9886643139771145, "_Threads": 7.328642618359017, "_Compute (SM) Throughput": 6.278691561850259, "_DRAM Throughput": 5.9886643139771145, "_Memory Throughput": 6.278691561850259, "_Registers": 7.328642618359017, "_Static Shared Memory": 6.393180607352158, "exclusive_throughput": 5.9886643139771145, "sm%": 7.328642618359017, "mem%": 6.278691561850259, "memcap": 5.9886643139771145}, "workload2": {"Best shared with 100-100% MPS thread%": 61.26891704041755, "Random select collocation": 16.713271028347357, "stage1-shared 100-100% throughput of predicted pairs": 61.26891704041755, "_Threads": 2.4118720856545632, "_Compute (SM) Throughput": 1.561942283280508, "_DRAM Throughput": 61.26891704041755, "_Memory Throughput": 1.561942283280508, "_Registers": 2.4118720856545632, "_Static Shared Memory": 15.27358509426041, "exclusive_throughput": 61.26891704041755, "sm%": 2.4118720856545632, "mem%": 1.561942283280508, "memcap": 61.26891704041755}, "workload1+workload2": {"Best shared with 100-100% MPS thread%": 67.25758135439466, "Random select collocation": 23.652308160519603, "stage1-shared 100-100% throughput of predicted pairs": 67.25758135439466, "_Threads": 9.74051470401358, "_Compute (SM) Throughput": 7.8406338451307676, "_DRAM Throughput": 67.25758135439466, "_Memory Throughput": 7.8406338451307676, "_Registers": 9.74051470401358, "_Static Shared Memory": 21.66676570161257, "exclusive_throughput": 67.25758135439466, "sm%": 9.74051470401358, "mem%": 7.8406338451307676, "memcap": 67.25758135439466}}