mse,r2
0.16273363972507895,0.7953576611543175
