{"workload1": {"Best shared with 100-100% MPS thread%": 16.371572525807245, "Random select collocation": 21.80557162961672, "stage1-shared 100-100% throughput of predicted pairs": 28.354682253451063, "_PCIe read bandwidth": 17.335072891258722, "_PCIe write bandwidth": 16.371572525807245, "_Long_Kernel": 28.53008448863371, "_ave_Kernel_Length": 28.354682253451063, "_long/short_Ratio": 28.354682253451063, "_avg_Thread": 28.53008448863371, "sm%": 17.335072891258722, "mem%": 21.71277615937177, "CPU%": 21.71277615937177, "MainMem%": 28.354682253451063}, "workload2": {"Best shared with 100-100% MPS thread%": 59.896667991436, "Random select collocation": 26.738514153577906, "stage1-shared 100-100% throughput of predicted pairs": 18.33076995511472, "_PCIe read bandwidth": 17.449377691330405, "_PCIe write bandwidth": 59.896667991436, "_Long_Kernel": 5.127782508767592, "_ave_Kernel_Length": 18.33076995511472, "_long/short_Ratio": 18.33076995511472, "_avg_Thread": 5.127782508767592, "sm%": 17.449377691330405, "mem%": 42.5469911117587, "CPU%": 42.5469911117587, "MainMem%": 18.33076995511472}, "workload1+workload2": {"Best shared with 100-100% MPS thread%": 76.26824051724324, "Random select collocation": 48.54408578319462, "stage1-shared 100-100% throughput of predicted pairs": 46.685452208565785, "_PCIe read bandwidth": 34.78445058258913, "_PCIe write bandwidth": 76.26824051724324, "_Long_Kernel": 33.65786699740131, "_ave_Kernel_Length": 46.685452208565785, "_long/short_Ratio": 46.685452208565785, "_avg_Thread": 33.65786699740131, "sm%": 34.78445058258913, "mem%": 64.25976727113047, "CPU%": 64.25976727113047, "MainMem%": 46.685452208565785}}