{"workload1": {"Best shared with 100-100% MPS thread%": 28.799499139145404, "Random select collocation": 21.01159876751131, "stage1-shared 100-100% throughput of predicted pairs": 22.538107194401057, "_PCIe read bandwidth": 17.07949566306, "_PCIe write bandwidth": 17.07949566306, "_Long_Kernel": 29.404750213942, "_ave_Kernel_Length": 11.104234944275774, "_long/short_Ratio": 22.538107194401057, "_avg_Thread": 29.404750213942, "sm%": 17.07949566306, "mem%": 22.538107194401057, "CPU%": 18.22475608883376, "MainMem%": 28.799499139145404}, "workload2": {"Best shared with 100-100% MPS thread%": 21.35361439175107, "Random select collocation": 10.454840450501054, "stage1-shared 100-100% throughput of predicted pairs": 1.5484488905443516, "_PCIe read bandwidth": 18.529241459177765, "_PCIe write bandwidth": 18.529241459177765, "_Long_Kernel": 5.391672547635851, "_ave_Kernel_Length": 2.9377099490948373, "_long/short_Ratio": 1.5484488905443516, "_avg_Thread": 5.391672547635851, "sm%": 18.529241459177765, "mem%": 1.5484488905443516, "CPU%": 18.444237940079752, "MainMem%": 21.35361439175107}, "workload1+workload2": {"Best shared with 100-100% MPS thread%": 50.153113530896476, "Random select collocation": 31.46643921801237, "stage1-shared 100-100% throughput of predicted pairs": 24.086556084945407, "_PCIe read bandwidth": 35.60873712223777, "_PCIe write bandwidth": 35.60873712223777, "_Long_Kernel": 34.79642276157785, "_ave_Kernel_Length": 14.041944893370612, "_long/short_Ratio": 24.086556084945407, "_avg_Thread": 34.79642276157785, "sm%": 35.60873712223777, "mem%": 24.086556084945407, "CPU%": 36.66899402891352, "MainMem%": 50.153113530896476}}