{"workload1": {"Best shared with 100-100% MPS thread%": 19.834622849698228, "Random select collocation": 10.732915493087946, "stage1-shared 100-100% throughput of predicted pairs": 19.834622849698228, "_PCIe read bandwidth": 5.127782508767592, "_PCIe write bandwidth": 5.127782508767592, "_Long_Kernel": 21.2018567306486, "_ave_Kernel_Length": 21.2018567306486, "_long/short_Ratio": 9.260726722893526, "_avg_Thread": 21.2018567306486, "sm%": 14.496603544457516, "mem%": 21.2018567306486, "CPU%": 5.391672547635851, "MainMem%": 5.127782508767592}, "workload2": {"Best shared with 100-100% MPS thread%": 70.7450030284676, "Random select collocation": 31.975808951644627, "stage1-shared 100-100% throughput of predicted pairs": 70.7450030284676, "_PCIe read bandwidth": 28.53008448863371, "_PCIe write bandwidth": 28.53008448863371, "_Long_Kernel": 49.6261046906866, "_ave_Kernel_Length": 49.6261046906866, "_long/short_Ratio": 2.8225571786067625, "_avg_Thread": 49.6261046906866, "sm%": 5.056570381138992, "mem%": 49.6261046906866, "CPU%": 29.404750213942, "MainMem%": 28.53008448863371}, "workload1+workload2": {"Best shared with 100-100% MPS thread%": 90.57962587816581, "Random select collocation": 42.708724444732574, "stage1-shared 100-100% throughput of predicted pairs": 90.57962587816581, "_PCIe read bandwidth": 33.65786699740131, "_PCIe write bandwidth": 33.65786699740131, "_Long_Kernel": 70.8279614213352, "_ave_Kernel_Length": 70.8279614213352, "_long/short_Ratio": 12.08328390150029, "_avg_Thread": 70.8279614213352, "sm%": 19.553173925596507, "mem%": 70.8279614213352, "CPU%": 34.79642276157785, "MainMem%": 33.65786699740131}}