{"workload1": {"Best shared with 100-100% MPS thread%": 75.46194598785372, "Random select collocation": 37.73941179001802, "stage1-shared 100-100% throughput of predicted pairs": 75.46194598785372, "_PCIe read bandwidth": 18.33076995511472, "_PCIe write bandwidth": 18.33076995511472, "_Long_Kernel": 75.46194598785372, "_ave_Kernel_Length": 75.46194598785372, "_long/short_Ratio": 51.58099275746335, "_avg_Thread": 75.46194598785372, "sm%": 28.806787352636512, "mem%": 75.46194598785372, "CPU%": 23.843547135916385, "MainMem%": 49.52090223013653}, "workload2": {"Best shared with 100-100% MPS thread%": 52.875381312846, "Random select collocation": 39.495345568737584, "stage1-shared 100-100% throughput of predicted pairs": 52.875381312846, "_PCIe read bandwidth": 28.354682253451063, "_PCIe write bandwidth": 28.354682253451063, "_Long_Kernel": 52.875381312846, "_ave_Kernel_Length": 52.875381312846, "_long/short_Ratio": 17.477500978218337, "_avg_Thread": 52.875381312846, "sm%": 24.80782669461915, "mem%": 52.875381312846, "CPU%": 84.82278097546198, "MainMem%": 54.79849231661351}, "workload1+workload2": {"Best shared with 100-100% MPS thread%": 128.3373273006997, "Random select collocation": 77.23475735875559, "stage1-shared 100-100% throughput of predicted pairs": 128.3373273006997, "_PCIe read bandwidth": 46.685452208565785, "_PCIe write bandwidth": 46.685452208565785, "_Long_Kernel": 128.3373273006997, "_ave_Kernel_Length": 128.3373273006997, "_long/short_Ratio": 69.05849373568168, "_avg_Thread": 128.3373273006997, "sm%": 53.61461404725566, "mem%": 128.3373273006997, "CPU%": 108.66632811137836, "MainMem%": 104.31939454675003}}