{"workload1": {"Best shared with 100-100% MPS thread%": 25.89140610892726, "Random select collocation": 19.91627016419828, "stage1-shared 100-100% throughput of predicted pairs": 25.89140610892726, "_PCIe read bandwidth": 11.38203404798116, "_PCIe write bandwidth": 11.38203404798116, "_Long_Kernel": 30.13044277053096, "_ave_Kernel_Length": 30.13044277053096, "_long/short_Ratio": 17.656191857108027, "_avg_Thread": 30.13044277053096, "sm%": 25.095406501628403, "mem%": 30.13044277053096, "CPU%": 16.548157724628314, "MainMem%": 24.02660087954521}, "workload2": {"Best shared with 100-100% MPS thread%": 68.67356538099718, "Random select collocation": 32.28012581322088, "stage1-shared 100-100% throughput of predicted pairs": 68.67356538099718, "_PCIe read bandwidth": 76.38854825787675, "_PCIe write bandwidth": 76.38854825787675, "_Long_Kernel": 30.084483824438493, "_ave_Kernel_Length": 30.084483824438493, "_long/short_Ratio": 2.049959846147344, "_avg_Thread": 30.084483824438493, "sm%": 7.833808420318684, "mem%": 30.084483824438493, "CPU%": 60.86344806023814, "MainMem%": 33.01673450927183}, "workload1+workload2": {"Best shared with 100-100% MPS thread%": 94.56497148992443, "Random select collocation": 52.19639597741916, "stage1-shared 100-100% throughput of predicted pairs": 94.56497148992443, "_PCIe read bandwidth": 87.77058230585791, "_PCIe write bandwidth": 87.77058230585791, "_Long_Kernel": 60.214926594969455, "_ave_Kernel_Length": 60.214926594969455, "_long/short_Ratio": 19.706151703255372, "_avg_Thread": 60.214926594969455, "sm%": 32.929214921947086, "mem%": 60.214926594969455, "CPU%": 77.41160578486645, "MainMem%": 57.04333538881704}}