{"workload1": {"Best shared with 100-100% MPS thread%": 52.875381312846, "Random select collocation": 39.19102756179718, "stage1-shared 100-100% throughput of predicted pairs": 60.13179571663921, "_PCIe read bandwidth": 20.798668885191347, "_PCIe write bandwidth": 20.798668885191347, "_Long_Kernel": 60.13179571663921, "_ave_Kernel_Length": 60.13179571663921, "_long/short_Ratio": 60.13179571663921, "_avg_Thread": 60.13179571663921, "sm%": 28.829540405785654, "mem%": 60.13179571663921, "CPU%": 31.99121809699298, "MainMem%": 52.875381312846}, "workload2": {"Best shared with 100-100% MPS thread%": 75.46194598785372, "Random select collocation": 59.111052712366245, "stage1-shared 100-100% throughput of predicted pairs": 60.17783423308987, "_PCIe read bandwidth": 101.56742537881256, "_PCIe write bandwidth": 101.56742537881256, "_Long_Kernel": 60.17783423308987, "_ave_Kernel_Length": 60.17783423308987, "_long/short_Ratio": 60.17783423308987, "_avg_Thread": 60.17783423308987, "sm%": 28.99527983816588, "mem%": 60.17783423308987, "CPU%": 96.2425840474621, "MainMem%": 75.46194598785372}, "workload1+workload2": {"Best shared with 100-100% MPS thread%": 128.3373273006997, "Random select collocation": 98.3020802741634, "stage1-shared 100-100% throughput of predicted pairs": 120.30962994972907, "_PCIe read bandwidth": 122.3660942640039, "_PCIe write bandwidth": 122.3660942640039, "_Long_Kernel": 120.30962994972907, "_ave_Kernel_Length": 120.30962994972907, "_long/short_Ratio": 120.30962994972907, "_avg_Thread": 120.30962994972907, "sm%": 57.824820243951535, "mem%": 120.30962994972907, "CPU%": 128.23380214445507, "MainMem%": 128.3373273006997}}