{"workload1": {"Best shared with 100-100% MPS thread%": 2.439768222018908, "Random select collocation": 2.031892236758532, "stage1-shared 100-100% throughput of predicted pairs": 2.021263694061528, "_PCIe read bandwidth": 1.5484488905443516, "_PCIe write bandwidth": 1.5484488905443516, "_Long_Kernel": 2.8225571786067625, "_ave_Kernel_Length": 2.021263694061528, "_long/short_Ratio": 1.8773345719870715, "_avg_Thread": 2.8225571786067625, "sm%": 1.9338632074217816, "mem%": 2.021263694061528, "CPU%": 2.439768222018908, "MainMem%": 1.9338632074217816}, "workload2": {"Best shared with 100-100% MPS thread%": 82.98401420959148, "Random select collocation": 25.716078971565363, "stage1-shared 100-100% throughput of predicted pairs": 47.01700529143272, "_PCIe read bandwidth": 22.538107194401057, "_PCIe write bandwidth": 22.538107194401057, "_Long_Kernel": 9.260726722893526, "_ave_Kernel_Length": 47.01700529143272, "_long/short_Ratio": 1.887885216578832, "_avg_Thread": 9.260726722893526, "sm%": 18.106009718666986, "mem%": 47.01700529143272, "CPU%": 82.98401420959148, "MainMem%": 18.106009718666986}, "workload1+workload2": {"Best shared with 100-100% MPS thread%": 85.42378243161039, "Random select collocation": 27.747971208323893, "stage1-shared 100-100% throughput of predicted pairs": 49.03826898549425, "_PCIe read bandwidth": 24.086556084945407, "_PCIe write bandwidth": 24.086556084945407, "_Long_Kernel": 12.08328390150029, "_ave_Kernel_Length": 49.03826898549425, "_long/short_Ratio": 3.7652197885659033, "_avg_Thread": 12.08328390150029, "sm%": 20.03987292608877, "mem%": 49.03826898549425, "CPU%": 85.42378243161039, "MainMem%": 20.03987292608877}}