{"workload1": {"Best shared with 100-100% MPS thread%": 3.589574397888485, "Random select collocation": 3.4548239062886705, "stage1-shared 100-100% throughput of predicted pairs": 3.4848264846812835, "_PCIe read bandwidth": 3.589574397888485, "_PCIe write bandwidth": 3.589574397888485, "_Long_Kernel": 3.589574397888485, "_ave_Kernel_Length": 3.700801045380914, "_long/short_Ratio": 3.700801045380914, "_avg_Thread": 3.4848264846812835, "sm%": 3.700801045380914, "mem%": 3.4848264846812835, "CPU%": 3.700801045380914, "MainMem%": 3.700801045380914}, "workload2": {"Best shared with 100-100% MPS thread%": 41.77732471318328, "Random select collocation": 20.32112734761104, "stage1-shared 100-100% throughput of predicted pairs": 11.742956903038175, "_PCIe read bandwidth": 41.77732471318328, "_PCIe write bandwidth": 41.77732471318328, "_Long_Kernel": 41.77732471318328, "_ave_Kernel_Length": 4.90239666139081, "_long/short_Ratio": 4.90239666139081, "_avg_Thread": 11.742956903038175, "sm%": 4.90239666139081, "mem%": 11.742956903038175, "CPU%": 4.90239666139081, "MainMem%": 4.90239666139081}, "workload1+workload2": {"Best shared with 100-100% MPS thread%": 45.36689911107177, "Random select collocation": 23.775951253899713, "stage1-shared 100-100% throughput of predicted pairs": 15.227783387719459, "_PCIe read bandwidth": 45.36689911107177, "_PCIe write bandwidth": 45.36689911107177, "_Long_Kernel": 45.36689911107177, "_ave_Kernel_Length": 8.603197706771724, "_long/short_Ratio": 8.603197706771724, "_avg_Thread": 15.227783387719459, "sm%": 8.603197706771724, "mem%": 15.227783387719459, "CPU%": 8.603197706771724, "MainMem%": 8.603197706771724}}