{"workload1": {"Best shared with 100-100% MPS thread%": 56.28430791433652, "Random select collocation": 46.12301049339134, "stage1-shared 100-100% throughput of predicted pairs": 56.28430791433652, "_PCIe read bandwidth": 51.83239079129002, "_PCIe write bandwidth": 56.28430791433652, "_Long_Kernel": 55.91718108231451, "_ave_Kernel_Length": 54.86166753075364, "_long/short_Ratio": 54.86166753075364, "_avg_Thread": 55.91718108231451, "sm%": 51.83239079129002, "mem%": 56.28430791433652, "CPU%": 40.763438977412015, "MainMem%": 54.86166753075364}, "workload2": {"Best shared with 100-100% MPS thread%": 64.34995799071665, "Random select collocation": 18.603281294826317, "stage1-shared 100-100% throughput of predicted pairs": 64.34995799071665, "_PCIe read bandwidth": 3.133285128946734, "_PCIe write bandwidth": 64.34995799071665, "_Long_Kernel": 8.627974205025573, "_ave_Kernel_Length": 10.387197567875692, "_long/short_Ratio": 10.387197567875692, "_avg_Thread": 8.627974205025573, "sm%": 3.133285128946734, "mem%": 64.34995799071665, "CPU%": 16.828889593802696, "MainMem%": 10.387197567875692}, "workload1+workload2": {"Best shared with 100-100% MPS thread%": 120.63426590505317, "Random select collocation": 64.72629178821767, "stage1-shared 100-100% throughput of predicted pairs": 120.63426590505317, "_PCIe read bandwidth": 54.96567592023675, "_PCIe write bandwidth": 120.63426590505317, "_Long_Kernel": 64.54515528734008, "_ave_Kernel_Length": 65.24886509862934, "_long/short_Ratio": 65.24886509862934, "_avg_Thread": 64.54515528734008, "sm%": 54.96567592023675, "mem%": 120.63426590505317, "CPU%": 57.59232857121471, "MainMem%": 65.24886509862934}}