{"workload1": {"Best shared with 100-100% MPS thread%": 41.31169170922575, "Random select collocation": 51.79174442220104, "stage1-shared 100-100% throughput of predicted pairs": 62.271797135176335, "_PCIe read bandwidth": 41.31169170922575, "_PCIe write bandwidth": 41.31169170922575, "_Long_Kernel": 62.271797135176335, "_ave_Kernel_Length": 62.271797135176335, "_long/short_Ratio": 62.271797135176335, "_avg_Thread": 62.271797135176335, "sm%": 62.271797135176335, "mem%": 41.31169170922575, "CPU%": 41.31169170922575, "MainMem%": 62.271797135176335}, "workload2": {"Best shared with 100-100% MPS thread%": 54.48460040350325, "Random select collocation": 30.429188433028656, "stage1-shared 100-100% throughput of predicted pairs": 6.373776462554064, "_PCIe read bandwidth": 54.48460040350325, "_PCIe write bandwidth": 54.48460040350325, "_Long_Kernel": 6.373776462554064, "_ave_Kernel_Length": 6.373776462554064, "_long/short_Ratio": 6.373776462554064, "_avg_Thread": 6.373776462554064, "sm%": 6.373776462554064, "mem%": 54.48460040350325, "CPU%": 54.48460040350325, "MainMem%": 6.373776462554064}, "workload1+workload2": {"Best shared with 100-100% MPS thread%": 95.79629211272899, "Random select collocation": 82.2209328552297, "stage1-shared 100-100% throughput of predicted pairs": 68.6455735977304, "_PCIe read bandwidth": 95.79629211272899, "_PCIe write bandwidth": 95.79629211272899, "_Long_Kernel": 68.6455735977304, "_ave_Kernel_Length": 68.6455735977304, "_long/short_Ratio": 68.6455735977304, "_avg_Thread": 68.6455735977304, "sm%": 68.6455735977304, "mem%": 95.79629211272899, "CPU%": 95.79629211272899, "MainMem%": 68.6455735977304}}