mse,r2
0.5463294417391868,0.32834401890974496
