{"workload1": {"Best shared with 100-100% MPS thread%": 11.38203404798116, "Random select collocation": 16.75227700906196, "stage1-shared 100-100% throughput of predicted pairs": 27.95779788104665, "_Threads": 27.95779788104665, "_Compute (SM) Throughput": 27.95779788104665, "_DRAM Throughput": 27.95779788104665, "_Memory Throughput": 27.95779788104665, "_Registers": 27.95779788104665, "_Static Shared Memory": 15.27358509426041, "exclusive_throughput": 11.38203404798116, "sm%": 11.862646213136223, "mem%": 27.95779788104665, "memcap": 16.548157724628314}, "workload2": {"Best shared with 100-100% MPS thread%": 76.38854825787675, "Random select collocation": 40.04091494994113, "stage1-shared 100-100% throughput of predicted pairs": 55.69463319266624, "_Threads": 55.69463319266624, "_Compute (SM) Throughput": 55.69463319266624, "_DRAM Throughput": 55.69463319266624, "_Memory Throughput": 55.69463319266624, "_Registers": 55.69463319266624, "_Static Shared Memory": 6.393180607352158, "exclusive_throughput": 76.38854825787675, "sm%": 23.108624144580133, "mem%": 55.69463319266624, "memcap": 60.86344806023814}, "workload1+workload2": {"Best shared with 100-100% MPS thread%": 87.77058230585791, "Random select collocation": 56.79319195900309, "stage1-shared 100-100% throughput of predicted pairs": 83.65243107371289, "_Threads": 83.65243107371289, "_Compute (SM) Throughput": 83.65243107371289, "_DRAM Throughput": 83.65243107371289, "_Memory Throughput": 83.65243107371289, "_Registers": 83.65243107371289, "_Static Shared Memory": 21.66676570161257, "exclusive_throughput": 87.77058230585791, "sm%": 34.97127035771636, "mem%": 83.65243107371289, "memcap": 77.41160578486645}}