{"workload1": {"Best shared with 100-100% MPS thread%": 58.77025259132535, "Random select collocation": 43.299411945849094, "stage1-shared 100-100% throughput of predicted pairs": 58.77025259132535, "_Threads": 60.13179571663921, "_Compute (SM) Throughput": 61.59628967231502, "_DRAM Throughput": 60.13179571663921, "_Memory Throughput": 60.13179571663921, "_Registers": 60.13179571663921, "_Static Shared Memory": 11.660452119954767, "exclusive_throughput": 31.99121809699298, "sm%": 56.58366437360721, "mem%": 60.13179571663921, "memcap": 52.875381312846}, "workload2": {"Best shared with 100-100% MPS thread%": 81.52278407998462, "Random select collocation": 51.83515547174788, "stage1-shared 100-100% throughput of predicted pairs": 81.52278407998462, "_Threads": 60.17783423308987, "_Compute (SM) Throughput": 77.98364212986147, "_DRAM Throughput": 60.17783423308987, "_Memory Throughput": 60.17783423308987, "_Registers": 60.17783423308987, "_Static Shared Memory": 3.7903062916590815, "exclusive_throughput": 96.2425840474621, "sm%": 6.707317073170732, "mem%": 60.17783423308987, "memcap": 75.46194598785372}, "workload1+workload2": {"Best shared with 100-100% MPS thread%": 140.29303667130998, "Random select collocation": 95.13456741759697, "stage1-shared 100-100% throughput of predicted pairs": 140.29303667130998, "_Threads": 120.30962994972907, "_Compute (SM) Throughput": 139.57993180217647, "_DRAM Throughput": 120.30962994972907, "_Memory Throughput": 120.30962994972907, "_Registers": 120.30962994972907, "_Static Shared Memory": 15.45075841161385, "exclusive_throughput": 128.23380214445507, "sm%": 63.29098144677795, "mem%": 120.30962994972907, "memcap": 128.3373273006997}}