mse,r2
0.38419958154368433,0.49005073664708754
