mse,r2
0.1334162006699781,0.8499067742462746
