{"workload1": {"Best shared with 100-100% MPS thread%": 25.52420466630779, "Random select collocation": 19.475738088294918, "stage1-shared 100-100% throughput of predicted pairs": 25.52420466630779, "_PCIe read bandwidth": 12.097491549546344, "_PCIe write bandwidth": 12.097491549546344, "_Long_Kernel": 15.587181034176812, "_ave_Kernel_Length": 25.26298521541206, "_long/short_Ratio": 25.26298521541206, "_avg_Thread": 22.78488562822463, "sm%": 22.78488562822463, "mem%": 25.52420466630779, "CPU%": 16.967408805729832, "MainMem%": 25.26298521541206}, "workload2": {"Best shared with 100-100% MPS thread%": 66.97823780715083, "Random select collocation": 25.20725829549525, "stage1-shared 100-100% throughput of predicted pairs": 66.97823780715083, "_PCIe read bandwidth": 73.45565460748706, "_PCIe write bandwidth": 73.45565460748706, "_Long_Kernel": 5.903306315146925, "_ave_Kernel_Length": 8.035338662179218, "_long/short_Ratio": 8.035338662179218, "_avg_Thread": 2.920463577383043, "sm%": 2.920463577383043, "mem%": 66.97823780715083, "CPU%": 17.223943891697928, "MainMem%": 8.035338662179218}, "workload1+workload2": {"Best shared with 100-100% MPS thread%": 92.50244247345861, "Random select collocation": 44.682996383790176, "stage1-shared 100-100% throughput of predicted pairs": 92.50244247345861, "_PCIe read bandwidth": 85.55314615703341, "_PCIe write bandwidth": 85.55314615703341, "_Long_Kernel": 21.490487349323736, "_ave_Kernel_Length": 33.29832387759127, "_long/short_Ratio": 33.29832387759127, "_avg_Thread": 25.70534920560767, "sm%": 25.70534920560767, "mem%": 92.50244247345861, "CPU%": 34.19135269742776, "MainMem%": 33.29832387759127}}