{"workload1": {"Best shared with 100-100% MPS thread%": 11.38203404798116, "Random select collocation": 16.75227700906196, "stage1-shared 100-100% throughput of predicted pairs": 11.38203404798116, "_PCIe read bandwidth": 11.862646213136223, "_PCIe write bandwidth": 11.38203404798116, "_Long_Kernel": 15.27358509426041, "_ave_Kernel_Length": 15.27358509426041, "_long/short_Ratio": 27.95779788104665, "_avg_Thread": 27.95779788104665, "sm%": 11.862646213136223, "mem%": 27.95779788104665, "CPU%": 16.548157724628314, "MainMem%": 11.862646213136223}, "workload2": {"Best shared with 100-100% MPS thread%": 76.38854825787675, "Random select collocation": 40.04091494994113, "stage1-shared 100-100% throughput of predicted pairs": 76.38854825787675, "_PCIe read bandwidth": 23.108624144580133, "_PCIe write bandwidth": 76.38854825787675, "_Long_Kernel": 6.393180607352158, "_ave_Kernel_Length": 6.393180607352158, "_long/short_Ratio": 55.69463319266624, "_avg_Thread": 55.69463319266624, "sm%": 23.108624144580133, "mem%": 55.69463319266624, "CPU%": 60.86344806023814, "MainMem%": 23.108624144580133}, "workload1+workload2": {"Best shared with 100-100% MPS thread%": 87.77058230585791, "Random select collocation": 56.79319195900309, "stage1-shared 100-100% throughput of predicted pairs": 87.77058230585791, "_PCIe read bandwidth": 34.97127035771636, "_PCIe write bandwidth": 87.77058230585791, "_Long_Kernel": 21.66676570161257, "_ave_Kernel_Length": 21.66676570161257, "_long/short_Ratio": 83.65243107371289, "_avg_Thread": 83.65243107371289, "sm%": 34.97127035771636, "mem%": 83.65243107371289, "CPU%": 77.41160578486645, "MainMem%": 34.97127035771636}}