{"workload1": {"Best shared with 100-100% MPS thread%": 3.163979312442957, "Random select collocation": 3.9476629240590047, "stage1-shared 100-100% throughput of predicted pairs": 5.873819043912105, "_PCIe read bandwidth": 3.163979312442957, "_PCIe write bandwidth": 3.163979312442957, "_Long_Kernel": 6.707317073170732, "_ave_Kernel_Length": 6.707317073170732, "_long/short_Ratio": 5.126327352618089, "_avg_Thread": 6.707317073170732, "sm%": 3.788667717972369, "mem%": 6.707317073170732, "CPU%": 3.163979312442957, "MainMem%": 5.126327352618089}, "workload2": {"Best shared with 100-100% MPS thread%": 80.52673308283636, "Random select collocation": 33.98026413826411, "stage1-shared 100-100% throughput of predicted pairs": 65.43600661082944, "_PCIe read bandwidth": 80.52673308283636, "_PCIe write bandwidth": 80.52673308283636, "_Long_Kernel": 56.58366437360721, "_ave_Kernel_Length": 56.58366437360721, "_long/short_Ratio": 19.05522023245373, "_avg_Thread": 56.58366437360721, "sm%": 3.849762533491967, "mem%": 56.58366437360721, "CPU%": 80.52673308283636, "MainMem%": 19.05522023245373}, "workload1+workload2": {"Best shared with 100-100% MPS thread%": 83.69071239527932, "Random select collocation": 37.92792706232311, "stage1-shared 100-100% throughput of predicted pairs": 71.30982565474154, "_PCIe read bandwidth": 83.69071239527932, "_PCIe write bandwidth": 83.69071239527932, "_Long_Kernel": 63.29098144677795, "_ave_Kernel_Length": 63.29098144677795, "_long/short_Ratio": 24.18154758507182, "_avg_Thread": 63.29098144677795, "sm%": 7.638430251464336, "mem%": 63.29098144677795, "CPU%": 83.69071239527932, "MainMem%": 24.18154758507182}}