{"workload1": {"Best shared with 100-100% MPS thread%": 8.446108071791919, "Random select collocation": 7.051190598573919, "stage1-shared 100-100% throughput of predicted pairs": 6.278691561850259, "_PCIe read bandwidth": 6.393180607352158, "_PCIe write bandwidth": 6.393180607352158, "_Long_Kernel": 8.234666436728338, "_ave_Kernel_Length": 8.446108071791919, "_long/short_Ratio": 8.446108071791919, "_avg_Thread": 8.234666436728338, "sm%": 5.903306315146925, "mem%": 6.278691561850259, "CPU%": 5.903306315146925, "MainMem%": 8.446108071791919}, "workload2": {"Best shared with 100-100% MPS thread%": 13.81855013746202, "Random select collocation": 10.662421614471878, "stage1-shared 100-100% throughput of predicted pairs": 1.561942283280508, "_PCIe read bandwidth": 15.27358509426041, "_PCIe write bandwidth": 15.27358509426041, "_Long_Kernel": 7.070849523179645, "_ave_Kernel_Length": 13.81855013746202, "_long/short_Ratio": 13.81855013746202, "_avg_Thread": 7.070849523179645, "sm%": 15.587181034176812, "mem%": 1.561942283280508, "CPU%": 15.587181034176812, "MainMem%": 13.81855013746202}, "workload1+workload2": {"Best shared with 100-100% MPS thread%": 22.264658209253938, "Random select collocation": 17.7136122130458, "stage1-shared 100-100% throughput of predicted pairs": 7.8406338451307676, "_PCIe read bandwidth": 21.66676570161257, "_PCIe write bandwidth": 21.66676570161257, "_Long_Kernel": 15.305515959907982, "_ave_Kernel_Length": 22.264658209253938, "_long/short_Ratio": 22.264658209253938, "_avg_Thread": 15.305515959907982, "sm%": 21.490487349323736, "mem%": 7.8406338451307676, "CPU%": 21.490487349323736, "MainMem%": 22.264658209253938}}