{"workload1": {"Best shared with 100-100% MPS thread%": 60.66003409582453, "Random select collocation": 61.440063022019736, "stage1-shared 100-100% throughput of predicted pairs": 60.66003409582453, "_PCIe read bandwidth": 62.271797135176335, "_PCIe write bandwidth": 62.271797135176335, "_Long_Kernel": 62.271797135176335, "_ave_Kernel_Length": 61.38835783505834, "_long/short_Ratio": 61.38835783505834, "_avg_Thread": 62.271797135176335, "sm%": 62.271797135176335, "mem%": 60.66003409582453, "CPU%": 61.38835783505834, "MainMem%": 61.38835783505834}, "workload2": {"Best shared with 100-100% MPS thread%": 15.085145537959098, "Random select collocation": 9.72647187397162, "stage1-shared 100-100% throughput of predicted pairs": 15.085145537959098, "_PCIe read bandwidth": 6.373776462554064, "_PCIe write bandwidth": 6.373776462554064, "_Long_Kernel": 6.373776462554064, "_ave_Kernel_Length": 7.720493621401698, "_long/short_Ratio": 7.720493621401698, "_avg_Thread": 6.373776462554064, "sm%": 6.373776462554064, "mem%": 15.085145537959098, "CPU%": 7.720493621401698, "MainMem%": 7.720493621401698}, "workload1+workload2": {"Best shared with 100-100% MPS thread%": 75.74517963378362, "Random select collocation": 71.16653489599135, "stage1-shared 100-100% throughput of predicted pairs": 75.74517963378362, "_PCIe read bandwidth": 68.6455735977304, "_PCIe write bandwidth": 68.6455735977304, "_Long_Kernel": 68.6455735977304, "_ave_Kernel_Length": 69.10885145646004, "_long/short_Ratio": 69.10885145646004, "_avg_Thread": 68.6455735977304, "sm%": 68.6455735977304, "mem%": 75.74517963378362, "CPU%": 69.10885145646004, "MainMem%": 69.10885145646004}}