mse,r2
0.5101106870167667,0.40041009705690056
