{"workload1": {"Best shared with 100-100% MPS thread%": 21.13183382694309, "Random select collocation": 20.95547284258063, "stage1-shared 100-100% throughput of predicted pairs": 21.13183382694309, "_Threads": 26.24167067390259, "_Compute (SM) Throughput": 21.13183382694309, "_DRAM Throughput": 21.13183382694309, "_Memory Throughput": 21.13183382694309, "_Registers": 26.24167067390259, "_Static Shared Memory": 11.811782413568404, "exclusive_throughput": 21.13183382694309, "sm%": 26.24167067390259, "mem%": 21.13183382694309, "memcap": 28.53008448863371}, "workload2": {"Best shared with 100-100% MPS thread%": 31.13131853436748, "Random select collocation": 12.487429134313162, "stage1-shared 100-100% throughput of predicted pairs": 31.13131853436748, "_Threads": 1.9816984321268287, "_Compute (SM) Throughput": 31.13131853436748, "_DRAM Throughput": 31.13131853436748, "_Memory Throughput": 31.13131853436748, "_Registers": 1.9816984321268287, "_Static Shared Memory": 2.7796848974035977, "exclusive_throughput": 31.13131853436748, "sm%": 1.9816984321268287, "mem%": 31.13131853436748, "memcap": 5.127782508767592}, "workload1+workload2": {"Best shared with 100-100% MPS thread%": 52.263152361310574, "Random select collocation": 33.44290197689379, "stage1-shared 100-100% throughput of predicted pairs": 52.263152361310574, "_Threads": 28.22336910602942, "_Compute (SM) Throughput": 52.263152361310574, "_DRAM Throughput": 52.263152361310574, "_Memory Throughput": 52.263152361310574, "_Registers": 28.22336910602942, "_Static Shared Memory": 14.591467310972002, "exclusive_throughput": 52.263152361310574, "sm%": 28.22336910602942, "mem%": 52.263152361310574, "memcap": 33.65786699740131}}