{"workload1": {"Best shared with 100-100% MPS thread%": 92.6984126984127, "Random select collocation": 83.05513968424067, "stage1-shared 100-100% throughput of predicted pairs": 72.32534018607676, "_Threads": 96.51496684363832, "_Compute (SM) Throughput": 96.51496684363832, "_DRAM Throughput": 96.51496684363832, "_Memory Throughput": 88.95150695885611, "_Registers": 96.51496684363832, "_Static Shared Memory": 58.367897656289045, "exclusive_throughput": 72.32534018607676, "sm%": 87.77829967120714, "mem%": 88.95150695885611, "memcap": 72.32534018607676}, "workload2": {"Best shared with 100-100% MPS thread%": 52.61810519682559, "Random select collocation": 19.022320547168576, "stage1-shared 100-100% throughput of predicted pairs": 40.41189042160482, "_Threads": 38.74561084877104, "_Compute (SM) Throughput": 38.74561084877104, "_DRAM Throughput": 38.74561084877104, "_Memory Throughput": 14.920679292752814, "_Registers": 38.74561084877104, "_Static Shared Memory": 2.485012269748082, "exclusive_throughput": 40.41189042160482, "sm%": 2.062128222075347, "mem%": 14.920679292752814, "memcap": 40.41189042160482}, "workload1+workload2": {"Best shared with 100-100% MPS thread%": 145.3165178952383, "Random select collocation": 102.07746023140923, "stage1-shared 100-100% throughput of predicted pairs": 112.73723060768157, "_Threads": 135.26057769240936, "_Compute (SM) Throughput": 135.26057769240936, "_DRAM Throughput": 135.26057769240936, "_Memory Throughput": 103.87218625160892, "_Registers": 135.26057769240936, "_Static Shared Memory": 60.85290992603713, "exclusive_throughput": 112.73723060768157, "sm%": 89.84042789328248, "mem%": 103.87218625160892, "memcap": 112.73723060768157}}