{"workload1": {"Best shared with 100-100% MPS thread%": 8.31286604949934, "Random select collocation": 7.1816049943350935, "stage1-shared 100-100% throughput of predicted pairs": 8.31286604949934, "_Threads": 7.328642618359017, "_Compute (SM) Throughput": 8.31286604949934, "_DRAM Throughput": 8.31286604949934, "_Memory Throughput": 8.31286604949934, "_Registers": 7.328642618359017, "_Static Shared Memory": 7.328642618359017, "exclusive_throughput": 8.31286604949934, "sm%": 7.328642618359017, "mem%": 8.31286604949934, "memcap": 8.31286604949934}, "workload2": {"Best shared with 100-100% MPS thread%": 61.9341154636442, "Random select collocation": 26.644389527825194, "stage1-shared 100-100% throughput of predicted pairs": 61.9341154636442, "_Threads": 2.4118720856545632, "_Compute (SM) Throughput": 61.9341154636442, "_DRAM Throughput": 61.9341154636442, "_Memory Throughput": 61.9341154636442, "_Registers": 2.4118720856545632, "_Static Shared Memory": 2.4118720856545632, "exclusive_throughput": 61.9341154636442, "sm%": 2.4118720856545632, "mem%": 61.9341154636442, "memcap": 61.9341154636442}, "workload1+workload2": {"Best shared with 100-100% MPS thread%": 70.24698151314354, "Random select collocation": 33.82599452216028, "stage1-shared 100-100% throughput of predicted pairs": 70.24698151314354, "_Threads": 9.74051470401358, "_Compute (SM) Throughput": 70.24698151314354, "_DRAM Throughput": 70.24698151314354, "_Memory Throughput": 70.24698151314354, "_Registers": 9.74051470401358, "_Static Shared Memory": 9.74051470401358, "exclusive_throughput": 70.24698151314354, "sm%": 9.74051470401358, "mem%": 70.24698151314354, "memcap": 70.24698151314354}}