{"workload1": {"Best shared with 100-100% MPS thread%": 59.77980791754509, "Random select collocation": 40.108181329484786, "stage1-shared 100-100% throughput of predicted pairs": 59.77980791754509, "_Threads": 59.77980791754509, "_Compute (SM) Throughput": 59.77980791754509, "_DRAM Throughput": 59.77980791754509, "_Memory Throughput": 59.77980791754509, "_Registers": 59.77980791754509, "_Static Shared Memory": 22.861831112831894, "exclusive_throughput": 55.35159559446485, "sm%": 31.13131853436748, "mem%": 59.77980791754509, "memcap": 55.35159559446485}, "workload2": {"Best shared with 100-100% MPS thread%": 59.68318855390904, "Random select collocation": 24.00317308696861, "stage1-shared 100-100% throughput of predicted pairs": 59.68318855390904, "_Threads": 59.68318855390904, "_Compute (SM) Throughput": 59.68318855390904, "_DRAM Throughput": 59.68318855390904, "_Memory Throughput": 59.68318855390904, "_Registers": 59.68318855390904, "_Static Shared Memory": 3.044093697204, "exclusive_throughput": 29.918032786885245, "sm%": 21.13183382694309, "mem%": 59.68318855390904, "memcap": 29.918032786885245}, "workload1+workload2": {"Best shared with 100-100% MPS thread%": 119.46299647145413, "Random select collocation": 64.1113544164534, "stage1-shared 100-100% throughput of predicted pairs": 119.46299647145413, "_Threads": 119.46299647145413, "_Compute (SM) Throughput": 119.46299647145413, "_DRAM Throughput": 119.46299647145413, "_Memory Throughput": 119.46299647145413, "_Registers": 119.46299647145413, "_Static Shared Memory": 25.905924810035895, "exclusive_throughput": 85.26962838135009, "sm%": 52.263152361310574, "mem%": 119.46299647145413, "memcap": 85.26962838135009}}