mse,r2
0.1315720237694351,0.8436983660854847
