mse,r2
0.0828625151572663,0.914068502799872
