mse,r2
0.11680152851133362,0.8781201441620867
