mse,r2
0.16227394112405336,0.8312351012309845
