mse,r2
0.5300400570339902,0.4198054187283147
