{"workload1": {"Best shared with 100-100% MPS thread%": 16.371572525807245, "Random select collocation": 20.1476422824237, "stage1-shared 100-100% throughput of predicted pairs": 28.354682253451063, "_Threads": 28.354682253451063, "_Compute (SM) Throughput": 16.371572525807245, "_DRAM Throughput": 28.354682253451063, "_Memory Throughput": 28.354682253451063, "_Registers": 28.354682253451063, "_Static Shared Memory": 28.354682253451063, "exclusive_throughput": 16.371572525807245, "sm%": 17.335072891258722, "mem%": 16.371572525807245, "memcap": 28.354682253451063}, "workload2": {"Best shared with 100-100% MPS thread%": 59.896667991436, "Random select collocation": 28.18907782523528, "stage1-shared 100-100% throughput of predicted pairs": 18.33076995511472, "_Threads": 18.33076995511472, "_Compute (SM) Throughput": 59.896667991436, "_DRAM Throughput": 18.33076995511472, "_Memory Throughput": 18.33076995511472, "_Registers": 18.33076995511472, "_Static Shared Memory": 18.33076995511472, "exclusive_throughput": 59.896667991436, "sm%": 17.449377691330405, "mem%": 59.896667991436, "memcap": 18.33076995511472}, "workload1+workload2": {"Best shared with 100-100% MPS thread%": 76.26824051724324, "Random select collocation": 48.33672010765898, "stage1-shared 100-100% throughput of predicted pairs": 46.685452208565785, "_Threads": 46.685452208565785, "_Compute (SM) Throughput": 76.26824051724324, "_DRAM Throughput": 46.685452208565785, "_Memory Throughput": 46.685452208565785, "_Registers": 46.685452208565785, "_Static Shared Memory": 46.685452208565785, "exclusive_throughput": 76.26824051724324, "sm%": 34.78445058258913, "mem%": 76.26824051724324, "memcap": 46.685452208565785}}