{"workload1": {"Best shared with 100-100% MPS thread%": 19.834622849698228, "Random select collocation": 12.486643876083779, "stage1-shared 100-100% throughput of predicted pairs": 19.834622849698228, "_Threads": 19.834622849698228, "_Compute (SM) Throughput": 19.834622849698228, "_DRAM Throughput": 19.834622849698228, "_Memory Throughput": 13.576580398812048, "_Registers": 19.834622849698228, "_Static Shared Memory": 7.833808420318684, "exclusive_throughput": 19.834622849698228, "sm%": 14.496603544457516, "mem%": 13.576580398812048, "memcap": 19.834622849698228}, "workload2": {"Best shared with 100-100% MPS thread%": 70.7450030284676, "Random select collocation": 30.021238040709562, "stage1-shared 100-100% throughput of predicted pairs": 70.7450030284676, "_Threads": 70.7450030284676, "_Compute (SM) Throughput": 70.7450030284676, "_DRAM Throughput": 70.7450030284676, "_Memory Throughput": 36.025998142989785, "_Registers": 70.7450030284676, "_Static Shared Memory": 25.095406501628403, "exclusive_throughput": 70.7450030284676, "sm%": 5.056570381138992, "mem%": 36.025998142989785, "memcap": 70.7450030284676}, "workload1+workload2": {"Best shared with 100-100% MPS thread%": 90.57962587816581, "Random select collocation": 42.507881916793345, "stage1-shared 100-100% throughput of predicted pairs": 90.57962587816581, "_Threads": 90.57962587816581, "_Compute (SM) Throughput": 90.57962587816581, "_DRAM Throughput": 90.57962587816581, "_Memory Throughput": 49.60257854180183, "_Registers": 90.57962587816581, "_Static Shared Memory": 32.929214921947086, "exclusive_throughput": 90.57962587816581, "sm%": 19.553173925596507, "mem%": 49.60257854180183, "memcap": 90.57962587816581}}