mse,r2
0.2777651166021386,0.6134997953372426
