mse,r2
0.15212746506121336,0.8261400399300418
