{"workload1": {"Best shared with 100-100% MPS thread%": 29.40360610263523, "Random select collocation": 23.76555820540202, "stage1-shared 100-100% throughput of predicted pairs": 29.40360610263523, "_Threads": 31.03071335378539, "_Compute (SM) Throughput": 29.40360610263523, "_DRAM Throughput": 31.03071335378539, "_Memory Throughput": 31.03071335378539, "_Registers": 31.03071335378539, "_Static Shared Memory": 11.811782413568404, "exclusive_throughput": 21.71277615937177, "sm%": 17.335072891258722, "mem%": 31.03071335378539, "memcap": 28.354682253451063}, "workload2": {"Best shared with 100-100% MPS thread%": 41.937452874223546, "Random select collocation": 17.800082682206202, "stage1-shared 100-100% throughput of predicted pairs": 41.937452874223546, "_Threads": 21.55379221258535, "_Compute (SM) Throughput": 41.937452874223546, "_DRAM Throughput": 21.55379221258535, "_Memory Throughput": 21.55379221258535, "_Registers": 21.55379221258535, "_Static Shared Memory": 2.7796848974035977, "exclusive_throughput": 42.5469911117587, "sm%": 17.449377691330405, "mem%": 21.55379221258535, "memcap": 18.33076995511472}, "workload1+workload2": {"Best shared with 100-100% MPS thread%": 71.34105897685878, "Random select collocation": 41.565640887608225, "stage1-shared 100-100% throughput of predicted pairs": 71.34105897685878, "_Threads": 52.58450556637074, "_Compute (SM) Throughput": 71.34105897685878, "_DRAM Throughput": 52.58450556637074, "_Memory Throughput": 52.58450556637074, "_Registers": 52.58450556637074, "_Static Shared Memory": 14.591467310972002, "exclusive_throughput": 64.25976727113047, "sm%": 34.78445058258913, "mem%": 52.58450556637074, "memcap": 46.685452208565785}}