{"workload1": {"Best shared with 100-100% MPS thread%": 85.55836354979306, "Random select collocation": 68.3983025456857, "stage1-shared 100-100% throughput of predicted pairs": 85.55836354979306, "_Threads": 96.2425840474621, "_Compute (SM) Throughput": 90.29066171923314, "_DRAM Throughput": 96.2425840474621, "_Memory Throughput": 96.2425840474621, "_Registers": 96.2425840474621, "_Static Shared Memory": 60.36331688157317, "exclusive_throughput": 40.41189042160482, "sm%": 80.52673308283636, "mem%": 96.2425840474621, "memcap": 55.580670489423966}, "workload2": {"Best shared with 100-100% MPS thread%": 65.43844508648831, "Random select collocation": 31.001479547039477, "stage1-shared 100-100% throughput of predicted pairs": 65.43844508648831, "_Threads": 31.99121809699298, "_Compute (SM) Throughput": 52.56636503585777, "_DRAM Throughput": 31.99121809699298, "_Memory Throughput": 31.99121809699298, "_Registers": 31.99121809699298, "_Static Shared Memory": 3.0695443645083933, "exclusive_throughput": 72.32534018607676, "sm%": 3.163979312442957, "mem%": 31.99121809699298, "memcap": 57.621744054360136}, "workload1+workload2": {"Best shared with 100-100% MPS thread%": 150.99680863628137, "Random select collocation": 99.39978209272516, "stage1-shared 100-100% throughput of predicted pairs": 150.99680863628137, "_Threads": 128.23380214445507, "_Compute (SM) Throughput": 142.8570267550909, "_DRAM Throughput": 128.23380214445507, "_Memory Throughput": 128.23380214445507, "_Registers": 128.23380214445507, "_Static Shared Memory": 63.432861246081565, "exclusive_throughput": 112.73723060768157, "sm%": 83.69071239527932, "mem%": 128.23380214445507, "memcap": 113.2024145437841}}