mse,r2
0.10238995971244179,0.8857497736386587
