mse,r2
0.4843981368518047,0.4752353517438782
