mse,r2
0.17187092434283657,0.8215186554901313
