mse,r2
0.414103299437861,0.5670738233149635
