{"workload1": {"Best shared with 100-100% MPS thread%": 25.89140610892726, "Random select collocation": 18.125707248988327, "stage1-shared 100-100% throughput of predicted pairs": 25.89140610892726, "_Threads": 25.095406501628403, "_Compute (SM) Throughput": 11.38203404798116, "_DRAM Throughput": 16.548157724628314, "_Memory Throughput": 23.56271277206136, "_Registers": 25.095406501628403, "_Static Shared Memory": 7.380307886253097, "exclusive_throughput": 11.38203404798116, "sm%": 25.095406501628403, "mem%": 23.56271277206136, "memcap": 16.548157724628314}, "workload2": {"Best shared with 100-100% MPS thread%": 68.67356538099718, "Random select collocation": 32.46250497481232, "stage1-shared 100-100% throughput of predicted pairs": 68.67356538099718, "_Threads": 7.833808420318684, "_Compute (SM) Throughput": 76.38854825787675, "_DRAM Throughput": 60.86344806023814, "_Memory Throughput": 22.808323862523025, "_Registers": 7.833808420318684, "_Static Shared Memory": 3.2853305334640126, "exclusive_throughput": 76.38854825787675, "sm%": 7.833808420318684, "mem%": 22.808323862523025, "memcap": 60.86344806023814}, "workload1+workload2": {"Best shared with 100-100% MPS thread%": 94.56497148992443, "Random select collocation": 50.58821222380064, "stage1-shared 100-100% throughput of predicted pairs": 94.56497148992443, "_Threads": 32.929214921947086, "_Compute (SM) Throughput": 87.77058230585791, "_DRAM Throughput": 77.41160578486645, "_Memory Throughput": 46.371036634584385, "_Registers": 32.929214921947086, "_Static Shared Memory": 10.665638419717109, "exclusive_throughput": 87.77058230585791, "sm%": 32.929214921947086, "mem%": 46.371036634584385, "memcap": 77.41160578486645}}