{"workload1": {"Best shared with 100-100% MPS thread%": 28.799499139145404, "Random select collocation": 21.314441242872274, "stage1-shared 100-100% throughput of predicted pairs": 28.799499139145404, "_Threads": 28.799499139145404, "_Compute (SM) Throughput": 28.799499139145404, "_DRAM Throughput": 28.799499139145404, "_Memory Throughput": 22.538107194401057, "_Registers": 28.799499139145404, "_Static Shared Memory": 19.93034812892117, "exclusive_throughput": 28.799499139145404, "sm%": 17.07949566306, "mem%": 22.538107194401057, "memcap": 28.799499139145404}, "workload2": {"Best shared with 100-100% MPS thread%": 21.35361439175107, "Random select collocation": 12.97090013135534, "stage1-shared 100-100% throughput of predicted pairs": 21.35361439175107, "_Threads": 21.35361439175107, "_Compute (SM) Throughput": 21.35361439175107, "_DRAM Throughput": 21.35361439175107, "_Memory Throughput": 1.5484488905443516, "_Registers": 21.35361439175107, "_Static Shared Memory": 4.978957975223757, "exclusive_throughput": 21.35361439175107, "sm%": 18.529241459177765, "mem%": 1.5484488905443516, "memcap": 21.35361439175107}, "workload1+workload2": {"Best shared with 100-100% MPS thread%": 50.153113530896476, "Random select collocation": 34.28534137422762, "stage1-shared 100-100% throughput of predicted pairs": 50.153113530896476, "_Threads": 50.153113530896476, "_Compute (SM) Throughput": 50.153113530896476, "_DRAM Throughput": 50.153113530896476, "_Memory Throughput": 24.086556084945407, "_Registers": 50.153113530896476, "_Static Shared Memory": 24.909306104144928, "exclusive_throughput": 50.153113530896476, "sm%": 35.60873712223777, "mem%": 24.086556084945407, "memcap": 50.153113530896476}}