{"workload1": {"Best shared with 100-100% MPS thread%": 8.31286604949934, "Random select collocation": 6.389794975137618, "stage1-shared 100-100% throughput of predicted pairs": 8.31286604949934, "_Threads": 8.31286604949934, "_Compute (SM) Throughput": 6.278691561850259, "_DRAM Throughput": 5.9886643139771145, "_Memory Throughput": 6.278691561850259, "_Registers": 8.31286604949934, "_Static Shared Memory": 8.31286604949934, "exclusive_throughput": 5.9886643139771145, "sm%": 4.978957975223757, "mem%": 8.31286604949934, "memcap": 5.9886643139771145}, "workload2": {"Best shared with 100-100% MPS thread%": 61.9341154636442, "Random select collocation": 36.173830729065855, "stage1-shared 100-100% throughput of predicted pairs": 61.9341154636442, "_Threads": 61.9341154636442, "_Compute (SM) Throughput": 1.561942283280508, "_DRAM Throughput": 61.26891704041755, "_Memory Throughput": 1.561942283280508, "_Registers": 61.9341154636442, "_Static Shared Memory": 61.9341154636442, "exclusive_throughput": 61.26891704041755, "sm%": 19.93034812892117, "mem%": 61.9341154636442, "memcap": 61.26891704041755}, "workload1+workload2": {"Best shared with 100-100% MPS thread%": 70.24698151314354, "Random select collocation": 42.563625704203474, "stage1-shared 100-100% throughput of predicted pairs": 70.24698151314354, "_Threads": 70.24698151314354, "_Compute (SM) Throughput": 7.8406338451307676, "_DRAM Throughput": 67.25758135439466, "_Memory Throughput": 7.8406338451307676, "_Registers": 70.24698151314354, "_Static Shared Memory": 70.24698151314354, "exclusive_throughput": 67.25758135439466, "sm%": 24.909306104144928, "mem%": 70.24698151314354, "memcap": 67.25758135439466}}