mse,r2
0.1434725327735571,0.8273728667734337
