mse,r2
0.12528575078311247,0.8663618658313467
