{"workload1": {"Best shared with 100-100% MPS thread%": 44.81551032837639, "Random select collocation": 26.009771412187597, "stage1-shared 100-100% throughput of predicted pairs": 15.085145537959098, "_Threads": 47.05317488896891, "_Compute (SM) Throughput": 44.81551032837639, "_DRAM Throughput": 47.05317488896891, "_Memory Throughput": 47.05317488896891, "_Registers": 47.05317488896891, "_Static Shared Memory": 28.973963259819783, "exclusive_throughput": 15.085145537959098, "sm%": 44.37666793747617, "mem%": 47.05317488896891, "memcap": 35.52348574203844}, "workload2": {"Best shared with 100-100% MPS thread%": 66.73332381088416, "Random select collocation": 34.253021870322975, "stage1-shared 100-100% throughput of predicted pairs": 60.66003409582453, "_Threads": 45.66781357522677, "_Compute (SM) Throughput": 66.73332381088416, "_DRAM Throughput": 45.66781357522677, "_Memory Throughput": 45.66781357522677, "_Registers": 45.66781357522677, "_Static Shared Memory": 9.358288770053475, "exclusive_throughput": 60.66003409582453, "sm%": 6.896551724137932, "mem%": 45.66781357522677, "memcap": 48.57356732928554}, "workload1+workload2": {"Best shared with 100-100% MPS thread%": 111.54883413926055, "Random select collocation": 60.26279328251057, "stage1-shared 100-100% throughput of predicted pairs": 75.74517963378362, "_Threads": 92.72098846419568, "_Compute (SM) Throughput": 111.54883413926055, "_DRAM Throughput": 92.72098846419568, "_Memory Throughput": 92.72098846419568, "_Registers": 92.72098846419568, "_Static Shared Memory": 38.33225202987326, "exclusive_throughput": 75.74517963378362, "sm%": 51.27321966161411, "mem%": 92.72098846419568, "memcap": 84.09705307132398}}