mse,r2
0.17229960079836143,0.8094700035864706
