{"workload1": {"Best shared with 100-100% MPS thread%": 85.55836354979306, "Random select collocation": 70.92722472783093, "stage1-shared 100-100% throughput of predicted pairs": 85.55836354979306, "_PCIe read bandwidth": 40.41189042160482, "_PCIe write bandwidth": 40.41189042160482, "_Long_Kernel": 96.2425840474621, "_ave_Kernel_Length": 96.2425840474621, "_long/short_Ratio": 96.2425840474621, "_avg_Thread": 96.2425840474621, "sm%": 80.52673308283636, "mem%": 96.2425840474621, "CPU%": 55.580670489423966, "MainMem%": 55.580670489423966}, "workload2": {"Best shared with 100-100% MPS thread%": 65.43844508648831, "Random select collocation": 36.43739439823619, "stage1-shared 100-100% throughput of predicted pairs": 65.43844508648831, "_PCIe read bandwidth": 72.32534018607676, "_PCIe write bandwidth": 72.32534018607676, "_Long_Kernel": 31.99121809699298, "_ave_Kernel_Length": 31.99121809699298, "_long/short_Ratio": 31.99121809699298, "_avg_Thread": 31.99121809699298, "sm%": 3.163979312442957, "mem%": 31.99121809699298, "CPU%": 57.621744054360136, "MainMem%": 57.621744054360136}, "workload1+workload2": {"Best shared with 100-100% MPS thread%": 150.99680863628137, "Random select collocation": 107.36461912606713, "stage1-shared 100-100% throughput of predicted pairs": 150.99680863628137, "_PCIe read bandwidth": 112.73723060768157, "_PCIe write bandwidth": 112.73723060768157, "_Long_Kernel": 128.23380214445507, "_ave_Kernel_Length": 128.23380214445507, "_long/short_Ratio": 128.23380214445507, "_avg_Thread": 128.23380214445507, "sm%": 83.69071239527932, "mem%": 128.23380214445507, "CPU%": 113.2024145437841, "MainMem%": 113.2024145437841}}