{"workload1": {"Best shared with 100-100% MPS thread%": 11.38203404798116, "Random select collocation": 14.715020078520185, "stage1-shared 100-100% throughput of predicted pairs": 11.38203404798116, "_PCIe read bandwidth": 11.38203404798116, "_PCIe write bandwidth": 11.38203404798116, "_Long_Kernel": 15.27358509426041, "_ave_Kernel_Length": 15.27358509426041, "_long/short_Ratio": 11.38203404798116, "_avg_Thread": 17.489441093318987, "sm%": 11.38203404798116, "mem%": 15.27358509426041, "CPU%": 17.489441093318987, "MainMem%": 11.38203404798116}, "workload2": {"Best shared with 100-100% MPS thread%": 76.38854825787675, "Random select collocation": 33.52626143405409, "stage1-shared 100-100% throughput of predicted pairs": 76.38854825787675, "_PCIe read bandwidth": 76.38854825787675, "_PCIe write bandwidth": 76.38854825787675, "_Long_Kernel": 6.393180607352158, "_ave_Kernel_Length": 6.393180607352158, "_long/short_Ratio": 76.38854825787675, "_avg_Thread": 17.797055436933363, "sm%": 76.38854825787675, "mem%": 6.393180607352158, "CPU%": 17.797055436933363, "MainMem%": 76.38854825787675}, "workload1+workload2": {"Best shared with 100-100% MPS thread%": 87.77058230585791, "Random select collocation": 48.24128151257428, "stage1-shared 100-100% throughput of predicted pairs": 87.77058230585791, "_PCIe read bandwidth": 87.77058230585791, "_PCIe write bandwidth": 87.77058230585791, "_Long_Kernel": 21.66676570161257, "_ave_Kernel_Length": 21.66676570161257, "_long/short_Ratio": 87.77058230585791, "_avg_Thread": 35.28649653025235, "sm%": 87.77058230585791, "mem%": 21.66676570161257, "CPU%": 35.28649653025235, "MainMem%": 87.77058230585791}}