{"workload1": {"Best shared with 100-100% MPS thread%": 96.51496684363832, "Random select collocation": 75.9919861452959, "stage1-shared 100-100% throughput of predicted pairs": 96.51496684363832, "_PCIe read bandwidth": 61.84720880051893, "_PCIe write bandwidth": 61.84720880051893, "_Long_Kernel": 73.45565460748706, "_ave_Kernel_Length": 43.00639756984397, "_long/short_Ratio": 43.00639756984397, "_avg_Thread": 96.51496684363832, "sm%": 73.45565460748706, "mem%": 88.95150695885611, "CPU%": 72.32534018607676, "MainMem%": 95.44626593806922}, "workload2": {"Best shared with 100-100% MPS thread%": 38.74561084877104, "Random select collocation": 18.89051143447162, "stage1-shared 100-100% throughput of predicted pairs": 38.74561084877104, "_PCIe read bandwidth": 16.663697531963876, "_PCIe write bandwidth": 16.663697531963876, "_Long_Kernel": 12.097491549546344, "_ave_Kernel_Length": 3.108606955508063, "_long/short_Ratio": 3.108606955508063, "_avg_Thread": 38.74561084877104, "sm%": 12.097491549546344, "mem%": 14.920679292752814, "CPU%": 40.41189042160482, "MainMem%": 13.794080827644848}, "workload1+workload2": {"Best shared with 100-100% MPS thread%": 135.26057769240936, "Random select collocation": 94.8824975797675, "stage1-shared 100-100% throughput of predicted pairs": 135.26057769240936, "_PCIe read bandwidth": 78.5109063324828, "_PCIe write bandwidth": 78.5109063324828, "_Long_Kernel": 85.55314615703341, "_ave_Kernel_Length": 46.115004525352035, "_long/short_Ratio": 46.115004525352035, "_avg_Thread": 135.26057769240936, "sm%": 85.55314615703341, "mem%": 103.87218625160892, "CPU%": 112.73723060768157, "MainMem%": 109.24034676571407}}