{"workload1": {"Best shared with 100-100% MPS thread%": 19.00976676833965, "Random select collocation": 10.088862924497327, "stage1-shared 100-100% throughput of predicted pairs": 19.834622849698228, "_PCIe read bandwidth": 5.127782508767592, "_PCIe write bandwidth": 5.127782508767592, "_Long_Kernel": 13.776190991380863, "_ave_Kernel_Length": 4.197695002352801, "_long/short_Ratio": 6.373776462554064, "_avg_Thread": 13.776190991380863, "sm%": 5.127782508767592, "mem%": 13.576580398812048, "CPU%": 5.127782508767592, "MainMem%": 5.127782508767592}, "workload2": {"Best shared with 100-100% MPS thread%": 78.86696264285352, "Random select collocation": 36.25206791248091, "stage1-shared 100-100% throughput of predicted pairs": 70.7450030284676, "_PCIe read bandwidth": 28.53008448863371, "_PCIe write bandwidth": 28.53008448863371, "_Long_Kernel": 14.485949969820938, "_ave_Kernel_Length": 3.714731591494414, "_long/short_Ratio": 62.271797135176335, "_avg_Thread": 14.485949969820938, "sm%": 28.53008448863371, "mem%": 36.025998142989785, "CPU%": 28.53008448863371, "MainMem%": 28.53008448863371}, "workload1+workload2": {"Best shared with 100-100% MPS thread%": 97.87672941119317, "Random select collocation": 46.340930836978245, "stage1-shared 100-100% throughput of predicted pairs": 90.57962587816581, "_PCIe read bandwidth": 33.65786699740131, "_PCIe write bandwidth": 33.65786699740131, "_Long_Kernel": 28.2621409612018, "_ave_Kernel_Length": 7.912426593847215, "_long/short_Ratio": 68.6455735977304, "_avg_Thread": 28.2621409612018, "sm%": 33.65786699740131, "mem%": 49.60257854180183, "CPU%": 33.65786699740131, "MainMem%": 33.65786699740131}}