{"workload1": {"Best shared with 100-100% MPS thread%": 3.163979312442957, "Random select collocation": 3.385045984391747, "stage1-shared 100-100% throughput of predicted pairs": 5.873819043912105, "_PCIe read bandwidth": 3.163979312442957, "_PCIe write bandwidth": 3.163979312442957, "_Long_Kernel": 2.920463577383043, "_ave_Kernel_Length": 1.6991106175383557, "_long/short_Ratio": 3.1159964925466617, "_avg_Thread": 5.873819043912105, "sm%": 3.788667717972369, "mem%": 5.873819043912105, "CPU%": 3.163979312442957, "MainMem%": 2.920463577383043}, "workload2": {"Best shared with 100-100% MPS thread%": 80.52673308283636, "Random select collocation": 32.883356091188, "stage1-shared 100-100% throughput of predicted pairs": 65.43600661082944, "_PCIe read bandwidth": 80.52673308283636, "_PCIe write bandwidth": 80.52673308283636, "_Long_Kernel": 22.78488562822463, "_ave_Kernel_Length": 3.313421491979044, "_long/short_Ratio": 2.4402924996645643, "_avg_Thread": 65.43600661082944, "sm%": 3.849762533491967, "mem%": 65.43600661082944, "CPU%": 80.52673308283636, "MainMem%": 22.78488562822463}, "workload1+workload2": {"Best shared with 100-100% MPS thread%": 83.69071239527932, "Random select collocation": 36.26840207557975, "stage1-shared 100-100% throughput of predicted pairs": 71.30982565474154, "_PCIe read bandwidth": 83.69071239527932, "_PCIe write bandwidth": 83.69071239527932, "_Long_Kernel": 25.70534920560767, "_ave_Kernel_Length": 5.0125321095174, "_long/short_Ratio": 5.5562889922112255, "_avg_Thread": 71.30982565474154, "sm%": 7.638430251464336, "mem%": 71.30982565474154, "CPU%": 83.69071239527932, "MainMem%": 25.70534920560767}}