{"workload1": {"Best shared with 100-100% MPS thread%": 8.446108071791919, "Random select collocation": 7.244315357754834, "stage1-shared 100-100% throughput of predicted pairs": 8.446108071791919, "_PCIe read bandwidth": 6.393180607352158, "_PCIe write bandwidth": 6.393180607352158, "_Long_Kernel": 8.234666436728338, "_ave_Kernel_Length": 8.446108071791919, "_long/short_Ratio": 8.446108071791919, "_avg_Thread": 8.234666436728338, "sm%": 5.903306315146925, "mem%": 8.446108071791919, "CPU%": 5.903306315146925, "MainMem%": 8.446108071791919}, "workload2": {"Best shared with 100-100% MPS thread%": 13.81855013746202, "Random select collocation": 12.937541447269723, "stage1-shared 100-100% throughput of predicted pairs": 13.81855013746202, "_PCIe read bandwidth": 15.27358509426041, "_PCIe write bandwidth": 15.27358509426041, "_Long_Kernel": 7.070849523179645, "_ave_Kernel_Length": 13.81855013746202, "_long/short_Ratio": 13.81855013746202, "_avg_Thread": 7.070849523179645, "sm%": 15.587181034176812, "mem%": 13.81855013746202, "CPU%": 15.587181034176812, "MainMem%": 13.81855013746202}, "workload1+workload2": {"Best shared with 100-100% MPS thread%": 22.264658209253938, "Random select collocation": 20.181856805024555, "stage1-shared 100-100% throughput of predicted pairs": 22.264658209253938, "_PCIe read bandwidth": 21.66676570161257, "_PCIe write bandwidth": 21.66676570161257, "_Long_Kernel": 15.305515959907982, "_ave_Kernel_Length": 22.264658209253938, "_long/short_Ratio": 22.264658209253938, "_avg_Thread": 15.305515959907982, "sm%": 21.490487349323736, "mem%": 22.264658209253938, "CPU%": 21.490487349323736, "MainMem%": 22.264658209253938}}