{"workload1": {"Best shared with 100-100% MPS thread%": 79.89192701653585, "Random select collocation": 73.69437703522225, "stage1-shared 100-100% throughput of predicted pairs": 76.87118482320615, "_PCIe read bandwidth": 58.51630114853271, "_PCIe write bandwidth": 58.51630114853271, "_Long_Kernel": 81.52278407998462, "_ave_Kernel_Length": 81.52278407998462, "_long/short_Ratio": 78.23043820431674, "_avg_Thread": 81.52278407998462, "sm%": 78.86696264285352, "mem%": 81.52278407998462, "CPU%": 65.43844508648831, "MainMem%": 79.56139232436567}, "workload2": {"Best shared with 100-100% MPS thread%": 80.02237467713012, "Random select collocation": 51.23788665276594, "stage1-shared 100-100% throughput of predicted pairs": 42.27573239522048, "_PCIe read bandwidth": 29.28171366807507, "_PCIe write bandwidth": 29.28171366807507, "_Long_Kernel": 58.77025259132535, "_ave_Kernel_Length": 58.77025259132535, "_long/short_Ratio": 21.32138453673353, "_avg_Thread": 58.77025259132535, "sm%": 19.00976676833965, "mem%": 58.77025259132535, "CPU%": 85.55836354979306, "MainMem%": 68.61708377393961}, "workload1+workload2": {"Best shared with 100-100% MPS thread%": 159.91430169366595, "Random select collocation": 124.93226368798817, "stage1-shared 100-100% throughput of predicted pairs": 119.14691721842664, "_PCIe read bandwidth": 87.79801481660778, "_PCIe write bandwidth": 87.79801481660778, "_Long_Kernel": 140.29303667130998, "_ave_Kernel_Length": 140.29303667130998, "_long/short_Ratio": 99.55182274105027, "_avg_Thread": 140.29303667130998, "sm%": 97.87672941119317, "mem%": 140.29303667130998, "CPU%": 150.99680863628137, "MainMem%": 148.17847609830528}}