{"workload1": {"Best shared with 100-100% MPS thread%": 58.77025259132535, "Random select collocation": 41.823383898320415, "stage1-shared 100-100% throughput of predicted pairs": 61.59628967231502, "_PCIe read bandwidth": 21.55379221258535, "_PCIe write bandwidth": 21.55379221258535, "_Long_Kernel": 60.13179571663921, "_ave_Kernel_Length": 60.13179571663921, "_long/short_Ratio": 47.0360824742268, "_avg_Thread": 60.13179571663921, "sm%": 21.55379221258535, "mem%": 60.13179571663921, "CPU%": 31.99121809699298, "MainMem%": 52.875381312846}, "workload2": {"Best shared with 100-100% MPS thread%": 81.52278407998462, "Random select collocation": 56.849359738256446, "stage1-shared 100-100% throughput of predicted pairs": 77.98364212986147, "_PCIe read bandwidth": 31.03071335378539, "_PCIe write bandwidth": 31.03071335378539, "_Long_Kernel": 60.17783423308987, "_ave_Kernel_Length": 60.17783423308987, "_long/short_Ratio": 23.80952380952381, "_avg_Thread": 60.17783423308987, "sm%": 31.03071335378539, "mem%": 60.17783423308987, "CPU%": 96.2425840474621, "MainMem%": 75.46194598785372}, "workload1+workload2": {"Best shared with 100-100% MPS thread%": 140.29303667130998, "Random select collocation": 98.67274363657685, "stage1-shared 100-100% throughput of predicted pairs": 139.57993180217647, "_PCIe read bandwidth": 52.58450556637074, "_PCIe write bandwidth": 52.58450556637074, "_Long_Kernel": 120.30962994972907, "_ave_Kernel_Length": 120.30962994972907, "_long/short_Ratio": 70.84560628375061, "_avg_Thread": 120.30962994972907, "sm%": 52.58450556637074, "mem%": 120.30962994972907, "CPU%": 128.23380214445507, "MainMem%": 128.3373273006997}}