{"workload1": {"Best shared with 100-100% MPS thread%": 60.66003409582453, "Random select collocation": 61.465915615500435, "stage1-shared 100-100% throughput of predicted pairs": 62.271797135176335, "_PCIe read bandwidth": 62.271797135176335, "_PCIe write bandwidth": 62.271797135176335, "_Long_Kernel": 62.271797135176335, "_ave_Kernel_Length": 60.66003409582453, "_long/short_Ratio": 60.66003409582453, "_avg_Thread": 62.271797135176335, "sm%": 62.271797135176335, "mem%": 60.66003409582453, "CPU%": 62.271797135176335, "MainMem%": 62.271797135176335}, "workload2": {"Best shared with 100-100% MPS thread%": 15.085145537959098, "Random select collocation": 10.729461000256581, "stage1-shared 100-100% throughput of predicted pairs": 6.373776462554064, "_PCIe read bandwidth": 6.373776462554064, "_PCIe write bandwidth": 6.373776462554064, "_Long_Kernel": 6.373776462554064, "_ave_Kernel_Length": 15.085145537959098, "_long/short_Ratio": 15.085145537959098, "_avg_Thread": 6.373776462554064, "sm%": 6.373776462554064, "mem%": 15.085145537959098, "CPU%": 6.373776462554064, "MainMem%": 6.373776462554064}, "workload1+workload2": {"Best shared with 100-100% MPS thread%": 75.74517963378362, "Random select collocation": 72.19537661575701, "stage1-shared 100-100% throughput of predicted pairs": 68.6455735977304, "_PCIe read bandwidth": 68.6455735977304, "_PCIe write bandwidth": 68.6455735977304, "_Long_Kernel": 68.6455735977304, "_ave_Kernel_Length": 75.74517963378362, "_long/short_Ratio": 75.74517963378362, "_avg_Thread": 68.6455735977304, "sm%": 68.6455735977304, "mem%": 75.74517963378362, "CPU%": 68.6455735977304, "MainMem%": 68.6455735977304}}