{"workload1": {"Best shared with 100-100% MPS thread%": 56.28430791433652, "Random select collocation": 46.744982740467684, "stage1-shared 100-100% throughput of predicted pairs": 39.446261246759406, "_PCIe read bandwidth": 31.13131853436748, "_PCIe write bandwidth": 31.13131853436748, "_Long_Kernel": 61.62490371108795, "_ave_Kernel_Length": 61.62490371108795, "_long/short_Ratio": 54.86166753075364, "_avg_Thread": 61.62490371108795, "sm%": 51.83239079129002, "mem%": 61.62490371108795, "CPU%": 31.13131853436748, "MainMem%": 54.86166753075364}, "workload2": {"Best shared with 100-100% MPS thread%": 64.34995799071665, "Random select collocation": 22.737890223210968, "stage1-shared 100-100% throughput of predicted pairs": 40.43358848097768, "_PCIe read bandwidth": 21.13183382694309, "_PCIe write bandwidth": 21.13183382694309, "_Long_Kernel": 30.79519088799832, "_ave_Kernel_Length": 30.79519088799832, "_long/short_Ratio": 10.387197567875692, "_avg_Thread": 30.79519088799832, "sm%": 3.133285128946734, "mem%": 30.79519088799832, "CPU%": 21.13183382694309, "MainMem%": 10.387197567875692}, "workload1+workload2": {"Best shared with 100-100% MPS thread%": 120.63426590505317, "Random select collocation": 69.48287296367864, "stage1-shared 100-100% throughput of predicted pairs": 79.87984972773708, "_PCIe read bandwidth": 52.263152361310574, "_PCIe write bandwidth": 52.263152361310574, "_Long_Kernel": 92.42009459908627, "_ave_Kernel_Length": 92.42009459908627, "_long/short_Ratio": 65.24886509862934, "_avg_Thread": 92.42009459908627, "sm%": 54.96567592023675, "mem%": 92.42009459908627, "CPU%": 52.263152361310574, "MainMem%": 65.24886509862934}}