{"workload1": {"Best shared with 100-100% MPS thread%": 1.5484488905443516, "Random select collocation": 1.5905998541740762, "stage1-shared 100-100% throughput of predicted pairs": 1.5484488905443516, "_PCIe read bandwidth": 1.4333245495001836, "_PCIe write bandwidth": 1.4333245495001836, "_Long_Kernel": 1.9338632074217816, "_ave_Kernel_Length": 0.95585192305125, "_long/short_Ratio": 1.8773345719870715, "_avg_Thread": 2.4402924996645643, "sm%": 2.4402924996645643, "mem%": 1.8773345719870715, "CPU%": 1.5484488905443516, "MainMem%": 1.9338632074217816}, "workload2": {"Best shared with 100-100% MPS thread%": 22.538107194401057, "Random select collocation": 10.615250407732788, "stage1-shared 100-100% throughput of predicted pairs": 22.538107194401057, "_PCIe read bandwidth": 22.384642157132127, "_PCIe write bandwidth": 22.384642157132127, "_Long_Kernel": 18.106009718666986, "_ave_Kernel_Length": 3.1421541302185334, "_long/short_Ratio": 1.887885216578832, "_avg_Thread": 3.1159964925466617, "sm%": 3.1159964925466617, "mem%": 1.887885216578832, "CPU%": 22.538107194401057, "MainMem%": 18.106009718666986}, "workload1+workload2": {"Best shared with 100-100% MPS thread%": 24.086556084945407, "Random select collocation": 12.205850261906866, "stage1-shared 100-100% throughput of predicted pairs": 24.086556084945407, "_PCIe read bandwidth": 23.817966706632312, "_PCIe write bandwidth": 23.817966706632312, "_Long_Kernel": 20.03987292608877, "_ave_Kernel_Length": 4.098006053269783, "_long/short_Ratio": 3.7652197885659033, "_avg_Thread": 5.5562889922112255, "sm%": 5.5562889922112255, "mem%": 3.7652197885659033, "CPU%": 24.086556084945407, "MainMem%": 20.03987292608877}}