mse,r2
0.5460216213127437,0.2807506002379966
