mse,r2
0.14281787056444756,0.8413657108658602
