mse,r2
0.13013041378091145,0.861194225300361
