mse,r2
0.09231005093126354,0.9015359456733189
