mse,r2
0.11194402224503795,0.8856741900476208
