mse,r2
0.06257358386501916,0.9351916452826587
