mse,r2
0.05790653985867691,0.9409353293441496
