mse,r2
0.5087823765454402,0.4644396036363787
