{"workload1": {"Best shared with 100-100% MPS thread%": 71.39364303178485, "Random select collocation": 42.53183843455026, "stage1-shared 100-100% throughput of predicted pairs": 48.57356732928554, "_PCIe read bandwidth": 18.33076995511472, "_PCIe write bandwidth": 13.794080827644848, "_Long_Kernel": 75.46194598785372, "_ave_Kernel_Length": 75.46194598785372, "_long/short_Ratio": 51.58099275746335, "_avg_Thread": 75.46194598785372, "sm%": 85.76883536495814, "mem%": 75.46194598785372, "CPU%": 23.843547135916385, "MainMem%": 49.52090223013653}, "workload2": {"Best shared with 100-100% MPS thread%": 72.20216606498194, "Random select collocation": 45.25681221301826, "stage1-shared 100-100% throughput of predicted pairs": 35.52348574203844, "_PCIe read bandwidth": 28.354682253451063, "_PCIe write bandwidth": 95.44626593806922, "_Long_Kernel": 52.875381312846, "_ave_Kernel_Length": 52.875381312846, "_long/short_Ratio": 17.477500978218337, "_avg_Thread": 52.875381312846, "sm%": 7.033997655334115, "mem%": 52.875381312846, "CPU%": 84.82278097546198, "MainMem%": 54.79849231661351}, "workload1+workload2": {"Best shared with 100-100% MPS thread%": 143.5958090967668, "Random select collocation": 87.78865064756853, "stage1-shared 100-100% throughput of predicted pairs": 84.09705307132398, "_PCIe read bandwidth": 46.685452208565785, "_PCIe write bandwidth": 109.24034676571407, "_Long_Kernel": 128.3373273006997, "_ave_Kernel_Length": 128.3373273006997, "_long/short_Ratio": 69.05849373568168, "_avg_Thread": 128.3373273006997, "sm%": 92.80283302029225, "mem%": 128.3373273006997, "CPU%": 108.66632811137836, "MainMem%": 104.31939454675003}}