{"workload1": {"Best shared with 100-100% MPS thread%": 6.143275740123269, "Random select collocation": 8.784505851506646, "stage1-shared 100-100% throughput of predicted pairs": 10.626992561105208, "_PCIe read bandwidth": 6.143275740123269, "_PCIe write bandwidth": 6.143275740123269, "_Long_Kernel": 10.626992561105208, "_ave_Kernel_Length": 10.626992561105208, "_long/short_Ratio": 10.626992561105208, "_avg_Thread": 10.626992561105208, "sm%": 7.791022064417955, "mem%": 10.626992561105208, "CPU%": 7.791022064417955, "MainMem%": 7.791022064417955}, "workload2": {"Best shared with 100-100% MPS thread%": 57.9242967132425, "Random select collocation": 33.97824772411618, "stage1-shared 100-100% throughput of predicted pairs": 42.60596775370249, "_PCIe read bandwidth": 57.9242967132425, "_PCIe write bandwidth": 57.9242967132425, "_Long_Kernel": 42.60596775370249, "_ave_Kernel_Length": 42.60596775370249, "_long/short_Ratio": 42.60596775370249, "_avg_Thread": 42.60596775370249, "sm%": 12.235060494687197, "mem%": 42.60596775370249, "CPU%": 12.235060494687197, "MainMem%": 12.235060494687197}, "workload1+workload2": {"Best shared with 100-100% MPS thread%": 64.06757245336577, "Random select collocation": 42.762753575622824, "stage1-shared 100-100% throughput of predicted pairs": 53.2329603148077, "_PCIe read bandwidth": 64.06757245336577, "_PCIe write bandwidth": 64.06757245336577, "_Long_Kernel": 53.2329603148077, "_ave_Kernel_Length": 53.2329603148077, "_long/short_Ratio": 53.2329603148077, "_avg_Thread": 53.2329603148077, "sm%": 20.026082559105152, "mem%": 53.2329603148077, "CPU%": 20.026082559105152, "MainMem%": 20.026082559105152}}