{"workload1": {"Best shared with 100-100% MPS thread%": 3.0695443645083933, "Random select collocation": 3.017156357940252, "stage1-shared 100-100% throughput of predicted pairs": 3.589574397888485, "_PCIe read bandwidth": 2.485012269748082, "_PCIe write bandwidth": 2.485012269748082, "_Long_Kernel": 3.714731591494414, "_ave_Kernel_Length": 3.700801045380914, "_long/short_Ratio": 3.700801045380914, "_avg_Thread": 3.714731591494414, "sm%": 3.313421491979044, "mem%": 3.4848264846812835, "CPU%": 3.0695443645083933, "MainMem%": 3.700801045380914}, "workload2": {"Best shared with 100-100% MPS thread%": 60.36331688157317, "Random select collocation": 20.293500571087918, "stage1-shared 100-100% throughput of predicted pairs": 41.77732471318328, "_PCIe read bandwidth": 58.367897656289045, "_PCIe write bandwidth": 58.367897656289045, "_Long_Kernel": 4.197695002352801, "_ave_Kernel_Length": 4.90239666139081, "_long/short_Ratio": 4.90239666139081, "_avg_Thread": 4.197695002352801, "sm%": 1.6991106175383557, "mem%": 11.742956903038175, "CPU%": 60.36331688157317, "MainMem%": 4.90239666139081}, "workload1+workload2": {"Best shared with 100-100% MPS thread%": 63.432861246081565, "Random select collocation": 23.310656929028173, "stage1-shared 100-100% throughput of predicted pairs": 45.36689911107177, "_PCIe read bandwidth": 60.85290992603713, "_PCIe write bandwidth": 60.85290992603713, "_Long_Kernel": 7.912426593847215, "_ave_Kernel_Length": 8.603197706771724, "_long/short_Ratio": 8.603197706771724, "_avg_Thread": 7.912426593847215, "sm%": 5.0125321095174, "mem%": 15.227783387719459, "CPU%": 63.432861246081565, "MainMem%": 8.603197706771724}}