{"workload1": {"Best shared with 100-100% MPS thread%": 61.571012959534514, "Random select collocation": 59.63752715933326, "stage1-shared 100-100% throughput of predicted pairs": 60.66003409582453, "_PCIe read bandwidth": 41.31169170922575, "_PCIe write bandwidth": 41.31169170922575, "_Long_Kernel": 64.92022848138664, "_ave_Kernel_Length": 64.92022848138664, "_long/short_Ratio": 61.38835783505834, "_avg_Thread": 64.92022848138664, "sm%": 62.271797135176335, "mem%": 64.92022848138664, "CPU%": 41.31169170922575, "MainMem%": 62.09865217698116}, "workload2": {"Best shared with 100-100% MPS thread%": 62.26737884110588, "Random select collocation": 29.21050277092734, "stage1-shared 100-100% throughput of predicted pairs": 15.085145537959098, "_PCIe read bandwidth": 54.48460040350325, "_PCIe write bandwidth": 54.48460040350325, "_Long_Kernel": 24.36175538127816, "_ave_Kernel_Length": 24.36175538127816, "_long/short_Ratio": 7.720493621401698, "_avg_Thread": 24.36175538127816, "sm%": 6.373776462554064, "mem%": 24.36175538127816, "CPU%": 54.48460040350325, "MainMem%": 21.73832123580868}, "workload1+workload2": {"Best shared with 100-100% MPS thread%": 123.8383918006404, "Random select collocation": 88.84802993026061, "stage1-shared 100-100% throughput of predicted pairs": 75.74517963378362, "_PCIe read bandwidth": 95.79629211272899, "_PCIe write bandwidth": 95.79629211272899, "_Long_Kernel": 89.2819838626648, "_ave_Kernel_Length": 89.2819838626648, "_long/short_Ratio": 69.10885145646004, "_avg_Thread": 89.2819838626648, "sm%": 68.6455735977304, "mem%": 89.2819838626648, "CPU%": 95.79629211272899, "MainMem%": 83.83697341278985}}