mse,r2
0.6987966717343963,0.24028780443053893
