mse,r2
0.2109271479956573,0.7843855820488836
