{"workload1": {"Best shared with 100-100% MPS thread%": 79.56139232436567, "stage1-shared 100-100% throughput of predicted pairs": 79.56139232436567}, "workload2": {"Best shared with 100-100% MPS thread%": 68.61708377393961, "stage1-shared 100-100% throughput of predicted pairs": 68.61708377393961}, "workload1+workload2": {"Best shared with 100-100% MPS thread%": 148.17847609830528, "stage1-shared 100-100% throughput of predicted pairs": 148.17847609830528}}