{"workload1": {"Best shared with 100-100% MPS thread%": 56.28430791433652, "Random select collocation": 47.65816042530857, "stage1-shared 100-100% throughput of predicted pairs": 41.41184693342653, "_Threads": 61.62490371108795, "_Compute (SM) Throughput": 59.77980791754509, "_DRAM Throughput": 61.62490371108795, "_Memory Throughput": 61.62490371108795, "_Registers": 61.62490371108795, "_Static Shared Memory": 22.861831112831894, "exclusive_throughput": 41.41184693342653, "sm%": 31.13131853436748, "mem%": 61.62490371108795, "memcap": 55.35159559446485}, "workload2": {"Best shared with 100-100% MPS thread%": 64.34995799071665, "Random select collocation": 33.37215926016078, "stage1-shared 100-100% throughput of predicted pairs": 53.84845900278924, "_Threads": 30.79519088799832, "_Compute (SM) Throughput": 59.68318855390904, "_DRAM Throughput": 30.79519088799832, "_Memory Throughput": 30.79519088799832, "_Registers": 30.79519088799832, "_Static Shared Memory": 3.044093697204, "exclusive_throughput": 53.84845900278924, "sm%": 21.13183382694309, "mem%": 30.79519088799832, "memcap": 29.918032786885245}, "workload1+workload2": {"Best shared with 100-100% MPS thread%": 120.63426590505317, "Random select collocation": 81.03031968546937, "stage1-shared 100-100% throughput of predicted pairs": 95.26030593621577, "_Threads": 92.42009459908627, "_Compute (SM) Throughput": 119.46299647145413, "_DRAM Throughput": 92.42009459908627, "_Memory Throughput": 92.42009459908627, "_Registers": 92.42009459908627, "_Static Shared Memory": 25.905924810035895, "exclusive_throughput": 95.26030593621577, "sm%": 52.263152361310574, "mem%": 92.42009459908627, "memcap": 85.26962838135009}}