{"workload1": {"Best shared with 100-100% MPS thread%": 61.571012959534514, "Random select collocation": 56.59242867019995, "stage1-shared 100-100% throughput of predicted pairs": 41.31169170922575, "_Threads": 62.09865217698116, "_Compute (SM) Throughput": 41.31169170922575, "_DRAM Throughput": 62.09865217698116, "_Memory Throughput": 62.09865217698116, "_Registers": 61.571012959534514, "_Static Shared Memory": 61.571012959534514, "exclusive_throughput": 41.31169170922575, "sm%": 41.31169170922575, "mem%": 61.571012959534514, "memcap": 62.09865217698116}, "workload2": {"Best shared with 100-100% MPS thread%": 62.26737884110588, "Random select collocation": 36.55269852545488, "stage1-shared 100-100% throughput of predicted pairs": 54.48460040350325, "_Threads": 21.73832123580868, "_Compute (SM) Throughput": 54.48460040350325, "_DRAM Throughput": 21.73832123580868, "_Memory Throughput": 21.73832123580868, "_Registers": 62.26737884110588, "_Static Shared Memory": 62.26737884110588, "exclusive_throughput": 54.48460040350325, "sm%": 54.48460040350325, "mem%": 62.26737884110588, "memcap": 21.73832123580868}, "workload1+workload2": {"Best shared with 100-100% MPS thread%": 123.8383918006404, "Random select collocation": 93.14512719565482, "stage1-shared 100-100% throughput of predicted pairs": 95.79629211272899, "_Threads": 83.83697341278985, "_Compute (SM) Throughput": 95.79629211272899, "_DRAM Throughput": 83.83697341278985, "_Memory Throughput": 83.83697341278985, "_Registers": 123.8383918006404, "_Static Shared Memory": 123.8383918006404, "exclusive_throughput": 95.79629211272899, "sm%": 95.79629211272899, "mem%": 123.8383918006404, "memcap": 83.83697341278985}}