{"workload1": {"Best shared with 100-100% MPS thread%": 3.108606955508063, "Random select collocation": 3.2263246056855706, "stage1-shared 100-100% throughput of predicted pairs": 3.108606955508063, "_Threads": 3.8681796890346174, "_Compute (SM) Throughput": 3.108606955508063, "_DRAM Throughput": 3.8681796890346174, "_Memory Throughput": 3.852180834076577, "_Registers": 3.8681796890346174, "_Static Shared Memory": 3.524229074889868, "exclusive_throughput": 3.108606955508063, "sm%": 2.7796848974035977, "mem%": 3.852180834076577, "memcap": 3.108606955508063}, "workload2": {"Best shared with 100-100% MPS thread%": 43.00639756984397, "Random select collocation": 11.85134716192286, "stage1-shared 100-100% throughput of predicted pairs": 43.00639756984397, "_Threads": 25.513651201259115, "_Compute (SM) Throughput": 43.00639756984397, "_DRAM Throughput": 25.513651201259115, "_Memory Throughput": 7.06304774053339, "_Registers": 25.513651201259115, "_Static Shared Memory": 0.9448105950010336, "exclusive_throughput": 43.00639756984397, "sm%": 11.811782413568404, "mem%": 7.06304774053339, "memcap": 43.00639756984397}, "workload1+workload2": {"Best shared with 100-100% MPS thread%": 46.115004525352035, "Random select collocation": 15.077671767608429, "stage1-shared 100-100% throughput of predicted pairs": 46.115004525352035, "_Threads": 29.381830890293735, "_Compute (SM) Throughput": 46.115004525352035, "_DRAM Throughput": 29.381830890293735, "_Memory Throughput": 10.915228574609968, "_Registers": 29.381830890293735, "_Static Shared Memory": 4.469039669890901, "exclusive_throughput": 46.115004525352035, "sm%": 14.591467310972002, "mem%": 10.915228574609968, "memcap": 46.115004525352035}}