mse,r2
0.15598475287362418,0.8210620890367176
