{"workload1": {"Best shared with 100-100% MPS thread%": 85.55836354979306, "Random select collocation": 67.63647456844689, "stage1-shared 100-100% throughput of predicted pairs": 84.82278097546198, "_Threads": 96.2425840474621, "_Compute (SM) Throughput": 90.29066171923314, "_DRAM Throughput": 96.2425840474621, "_Memory Throughput": 96.2425840474621, "_Registers": 96.2425840474621, "_Static Shared Memory": 60.36331688157317, "exclusive_throughput": 40.54640445732734, "sm%": 80.52673308283636, "mem%": 96.2425840474621, "memcap": 84.82278097546198}, "workload2": {"Best shared with 100-100% MPS thread%": 65.43844508648831, "Random select collocation": 31.867369682209752, "stage1-shared 100-100% throughput of predicted pairs": 23.843547135916385, "_Threads": 31.99121809699298, "_Compute (SM) Throughput": 52.56636503585777, "_DRAM Throughput": 31.99121809699298, "_Memory Throughput": 31.99121809699298, "_Registers": 31.99121809699298, "_Static Shared Memory": 3.0695443645083933, "exclusive_throughput": 51.14776398571672, "sm%": 3.163979312442957, "mem%": 31.99121809699298, "memcap": 23.843547135916385}, "workload1+workload2": {"Best shared with 100-100% MPS thread%": 150.99680863628137, "Random select collocation": 99.50384425065663, "stage1-shared 100-100% throughput of predicted pairs": 108.66632811137836, "_Threads": 128.23380214445507, "_Compute (SM) Throughput": 142.8570267550909, "_DRAM Throughput": 128.23380214445507, "_Memory Throughput": 128.23380214445507, "_Registers": 128.23380214445507, "_Static Shared Memory": 63.432861246081565, "exclusive_throughput": 91.69416844304406, "sm%": 83.69071239527932, "mem%": 128.23380214445507, "memcap": 108.66632811137836}}