mse,r2
0.30522818281018094,0.6685953157727975
