mse,r2
0.2467027401519636,0.734320125990193
