mse,r2
0.12401457360383164,0.8697846977159768
