{"workload1": {"Best shared with 100-100% MPS thread%": 25.52420466630779, "Random select collocation": 16.55038524786468, "stage1-shared 100-100% throughput of predicted pairs": 12.097491549546344, "_Threads": 22.78488562822463, "_Compute (SM) Throughput": 12.097491549546344, "_DRAM Throughput": 25.52420466630779, "_Memory Throughput": 7.450307986514724, "_Registers": 22.78488562822463, "_Static Shared Memory": 7.450307986514724, "exclusive_throughput": 12.097491549546344, "sm%": 22.78488562822463, "mem%": 25.52420466630779, "memcap": 12.097491549546344}, "workload2": {"Best shared with 100-100% MPS thread%": 66.97823780715083, "Random select collocation": 26.01007613358114, "stage1-shared 100-100% throughput of predicted pairs": 73.45565460748706, "_Threads": 2.920463577383043, "_Compute (SM) Throughput": 73.45565460748706, "_DRAM Throughput": 66.97823780715083, "_Memory Throughput": 3.322266247958369, "_Registers": 2.920463577383043, "_Static Shared Memory": 3.322266247958369, "exclusive_throughput": 73.45565460748706, "sm%": 2.920463577383043, "mem%": 66.97823780715083, "memcap": 73.45565460748706}, "workload1+workload2": {"Best shared with 100-100% MPS thread%": 92.50244247345861, "Random select collocation": 42.56046138144582, "stage1-shared 100-100% throughput of predicted pairs": 85.55314615703341, "_Threads": 25.70534920560767, "_Compute (SM) Throughput": 85.55314615703341, "_DRAM Throughput": 92.50244247345861, "_Memory Throughput": 10.772574234473092, "_Registers": 25.70534920560767, "_Static Shared Memory": 10.772574234473092, "exclusive_throughput": 85.55314615703341, "sm%": 25.70534920560767, "mem%": 92.50244247345861, "memcap": 85.55314615703341}}