{"workload1": {"Best shared with 100-100% MPS thread%": 6.350704020902889, "Random select collocation": 14.133469780706804, "stage1-shared 100-100% throughput of predicted pairs": 6.350704020902889, "_Threads": 19.05522023245373, "_Compute (SM) Throughput": 6.350704020902889, "_DRAM Throughput": 6.350704020902889, "_Memory Throughput": 15.066061920725694, "_Registers": 19.05522023245373, "_Static Shared Memory": 19.05522023245373, "exclusive_throughput": 6.350704020902889, "sm%": 19.05522023245373, "mem%": 6.350704020902889, "memcap": 6.350704020902889}, "workload2": {"Best shared with 100-100% MPS thread%": 93.996459037502, "Random select collocation": 32.242803052648235, "stage1-shared 100-100% throughput of predicted pairs": 93.996459037502, "_Threads": 5.126327352618089, "_Compute (SM) Throughput": 93.996459037502, "_DRAM Throughput": 93.996459037502, "_Memory Throughput": 15.934507711424605, "_Registers": 5.126327352618089, "_Static Shared Memory": 5.126327352618089, "exclusive_throughput": 93.996459037502, "sm%": 5.126327352618089, "mem%": 93.996459037502, "memcap": 93.996459037502}, "workload1+workload2": {"Best shared with 100-100% MPS thread%": 100.3471630584049, "Random select collocation": 46.37627283335503, "stage1-shared 100-100% throughput of predicted pairs": 100.3471630584049, "_Threads": 24.18154758507182, "_Compute (SM) Throughput": 100.3471630584049, "_DRAM Throughput": 100.3471630584049, "_Memory Throughput": 31.0005696321503, "_Registers": 24.18154758507182, "_Static Shared Memory": 24.18154758507182, "exclusive_throughput": 100.3471630584049, "sm%": 24.18154758507182, "mem%": 100.3471630584049, "memcap": 100.3471630584049}}