{"workload1": {"Best shared with 100-100% MPS thread%": 21.13183382694309, "Random select collocation": 20.074439870693638, "stage1-shared 100-100% throughput of predicted pairs": 21.13183382694309, "_Threads": 28.53008448863371, "_Compute (SM) Throughput": 21.13183382694309, "_DRAM Throughput": 21.13183382694309, "_Memory Throughput": 21.13183382694309, "_Registers": 28.53008448863371, "_Static Shared Memory": 11.811782413568404, "exclusive_throughput": 21.13183382694309, "sm%": 17.335072891258722, "mem%": 21.13183382694309, "memcap": 28.53008448863371}, "workload2": {"Best shared with 100-100% MPS thread%": 31.13131853436748, "Random select collocation": 14.238384251344216, "stage1-shared 100-100% throughput of predicted pairs": 31.13131853436748, "_Threads": 5.127782508767592, "_Compute (SM) Throughput": 31.13131853436748, "_DRAM Throughput": 31.13131853436748, "_Memory Throughput": 31.13131853436748, "_Registers": 5.127782508767592, "_Static Shared Memory": 2.7796848974035977, "exclusive_throughput": 31.13131853436748, "sm%": 17.449377691330405, "mem%": 31.13131853436748, "memcap": 5.127782508767592}, "workload1+workload2": {"Best shared with 100-100% MPS thread%": 52.263152361310574, "Random select collocation": 34.31282412203785, "stage1-shared 100-100% throughput of predicted pairs": 52.263152361310574, "_Threads": 33.65786699740131, "_Compute (SM) Throughput": 52.263152361310574, "_DRAM Throughput": 52.263152361310574, "_Memory Throughput": 52.263152361310574, "_Registers": 33.65786699740131, "_Static Shared Memory": 14.591467310972002, "exclusive_throughput": 52.263152361310574, "sm%": 34.78445058258913, "mem%": 52.263152361310574, "memcap": 33.65786699740131}}