{"workload1": {"Best shared with 100-100% MPS thread%": 25.89140610892726, "Random select collocation": 18.604335459374862, "stage1-shared 100-100% throughput of predicted pairs": 16.548157724628314, "_Threads": 25.89140610892726, "_Compute (SM) Throughput": 25.89140610892726, "_DRAM Throughput": 16.548157724628314, "_Memory Throughput": 23.56271277206136, "_Registers": 25.89140610892726, "_Static Shared Memory": 17.489441093318987, "exclusive_throughput": 16.548157724628314, "sm%": 16.27164884417704, "mem%": 23.56271277206136, "memcap": 16.548157724628314}, "workload2": {"Best shared with 100-100% MPS thread%": 68.67356538099718, "Random select collocation": 35.2902539265063, "stage1-shared 100-100% throughput of predicted pairs": 60.86344806023814, "_Threads": 68.67356538099718, "_Compute (SM) Throughput": 68.67356538099718, "_DRAM Throughput": 60.86344806023814, "_Memory Throughput": 22.808323862523025, "_Registers": 68.67356538099718, "_Static Shared Memory": 17.797055436933363, "exclusive_throughput": 60.86344806023814, "sm%": 18.49050667376599, "mem%": 22.808323862523025, "memcap": 60.86344806023814}, "workload1+workload2": {"Best shared with 100-100% MPS thread%": 94.56497148992443, "Random select collocation": 53.89458938588117, "stage1-shared 100-100% throughput of predicted pairs": 77.41160578486645, "_Threads": 94.56497148992443, "_Compute (SM) Throughput": 94.56497148992443, "_DRAM Throughput": 77.41160578486645, "_Memory Throughput": 46.371036634584385, "_Registers": 94.56497148992443, "_Static Shared Memory": 35.28649653025235, "exclusive_throughput": 77.41160578486645, "sm%": 34.76215551794303, "mem%": 46.371036634584385, "memcap": 77.41160578486645}}