{"workload1": {"Best shared with 100-100% MPS thread%": 28.799499139145404, "Random select collocation": 21.729389172617633, "stage1-shared 100-100% throughput of predicted pairs": 28.799499139145404, "_Threads": 28.799499139145404, "_Compute (SM) Throughput": 28.799499139145404, "_DRAM Throughput": 28.799499139145404, "_Memory Throughput": 22.538107194401057, "_Registers": 28.799499139145404, "_Static Shared Memory": 22.005087777647937, "exclusive_throughput": 28.799499139145404, "sm%": 22.005087777647937, "mem%": 22.538107194401057, "memcap": 28.799499139145404}, "workload2": {"Best shared with 100-100% MPS thread%": 21.35361439175107, "Random select collocation": 14.67532766404085, "stage1-shared 100-100% throughput of predicted pairs": 21.35361439175107, "_Threads": 21.35361439175107, "_Compute (SM) Throughput": 21.35361439175107, "_DRAM Throughput": 21.35361439175107, "_Memory Throughput": 1.5484488905443516, "_Registers": 21.35361439175107, "_Static Shared Memory": 13.501095638651304, "exclusive_throughput": 21.35361439175107, "sm%": 13.501095638651304, "mem%": 1.5484488905443516, "memcap": 21.35361439175107}, "workload1+workload2": {"Best shared with 100-100% MPS thread%": 50.153113530896476, "Random select collocation": 36.40471683665847, "stage1-shared 100-100% throughput of predicted pairs": 50.153113530896476, "_Threads": 50.153113530896476, "_Compute (SM) Throughput": 50.153113530896476, "_DRAM Throughput": 50.153113530896476, "_Memory Throughput": 24.086556084945407, "_Registers": 50.153113530896476, "_Static Shared Memory": 35.50618341629924, "exclusive_throughput": 50.153113530896476, "sm%": 35.50618341629924, "mem%": 24.086556084945407, "memcap": 50.153113530896476}}