{"workload1": {"Best shared with 100-100% MPS thread%": 58.77025259132535, "Random select collocation": 56.27795434306459, "stage1-shared 100-100% throughput of predicted pairs": 58.77025259132535, "_Threads": 60.13179571663921, "_Compute (SM) Throughput": 58.77025259132535, "_DRAM Throughput": 60.13179571663921, "_Memory Throughput": 60.13179571663921, "_Registers": 60.13179571663921, "_Static Shared Memory": 60.13179571663921, "exclusive_throughput": 58.77025259132535, "sm%": 56.58366437360721, "mem%": 60.13179571663921, "memcap": 60.13179571663921}, "workload2": {"Best shared with 100-100% MPS thread%": 81.52278407998462, "Random select collocation": 42.40244802922345, "stage1-shared 100-100% throughput of predicted pairs": 81.52278407998462, "_Threads": 60.17783423308987, "_Compute (SM) Throughput": 81.52278407998462, "_DRAM Throughput": 60.17783423308987, "_Memory Throughput": 60.17783423308987, "_Registers": 60.17783423308987, "_Static Shared Memory": 60.17783423308987, "exclusive_throughput": 81.52278407998462, "sm%": 6.707317073170732, "mem%": 60.17783423308987, "memcap": 60.17783423308987}, "workload1+workload2": {"Best shared with 100-100% MPS thread%": 140.29303667130998, "Random select collocation": 98.68040237228804, "stage1-shared 100-100% throughput of predicted pairs": 140.29303667130998, "_Threads": 120.30962994972907, "_Compute (SM) Throughput": 140.29303667130998, "_DRAM Throughput": 120.30962994972907, "_Memory Throughput": 120.30962994972907, "_Registers": 120.30962994972907, "_Static Shared Memory": 120.30962994972907, "exclusive_throughput": 140.29303667130998, "sm%": 63.29098144677795, "mem%": 120.30962994972907, "memcap": 120.30962994972907}}