{"workload1": {"Best shared with 100-100% MPS thread%": 2.717503191007535, "Random select collocation": 2.283090267796201, "stage1-shared 100-100% throughput of predicted pairs": 2.9890744176458464, "_Threads": 2.9890744176458464, "_Compute (SM) Throughput": 2.9890744176458464, "_DRAM Throughput": 2.9890744176458464, "_Memory Throughput": 2.9890744176458464, "_Registers": 2.9890744176458464, "_Static Shared Memory": 2.9890744176458464, "exclusive_throughput": 2.717503191007535, "sm%": 1.5484488905443516, "mem%": 2.717503191007535, "memcap": 2.9890744176458464}, "workload2": {"Best shared with 100-100% MPS thread%": 67.33929086191986, "Random select collocation": 37.9283611343899, "stage1-shared 100-100% throughput of predicted pairs": 59.948161264659845, "_Threads": 59.948161264659845, "_Compute (SM) Throughput": 59.948161264659845, "_DRAM Throughput": 59.948161264659845, "_Memory Throughput": 59.948161264659845, "_Registers": 59.948161264659845, "_Static Shared Memory": 59.948161264659845, "exclusive_throughput": 67.33929086191986, "sm%": 22.538107194401057, "mem%": 67.33929086191986, "memcap": 59.948161264659845}, "workload1+workload2": {"Best shared with 100-100% MPS thread%": 70.0567940529274, "Random select collocation": 40.2114514021861, "stage1-shared 100-100% throughput of predicted pairs": 62.93723568230569, "_Threads": 62.93723568230569, "_Compute (SM) Throughput": 62.93723568230569, "_DRAM Throughput": 62.93723568230569, "_Memory Throughput": 62.93723568230569, "_Registers": 62.93723568230569, "_Static Shared Memory": 62.93723568230569, "exclusive_throughput": 70.0567940529274, "sm%": 24.086556084945407, "mem%": 70.0567940529274, "memcap": 62.93723568230569}}