mse,r2
0.11725760890513197,0.855376515447142
