{"workload1": {"Best shared with 100-100% MPS thread%": 6.350704020902889, "Random select collocation": 11.50494273501732, "stage1-shared 100-100% throughput of predicted pairs": 10.387197567875692, "_PCIe read bandwidth": 6.350704020902889, "_PCIe write bandwidth": 6.350704020902889, "_Long_Kernel": 16.0618929487449, "_ave_Kernel_Length": 15.066061920725694, "_long/short_Ratio": 15.066061920725694, "_avg_Thread": 16.0618929487449, "sm%": 19.05522023245373, "mem%": 10.387197567875692, "CPU%": 9.729663156598312, "MainMem%": 15.066061920725694}, "workload2": {"Best shared with 100-100% MPS thread%": 93.996459037502, "Random select collocation": 38.770685257823395, "stage1-shared 100-100% throughput of predicted pairs": 54.86166753075364, "_PCIe read bandwidth": 93.996459037502, "_PCIe write bandwidth": 93.996459037502, "_Long_Kernel": 13.913918109048238, "_ave_Kernel_Length": 15.934507711424605, "_long/short_Ratio": 15.934507711424605, "_avg_Thread": 13.913918109048238, "sm%": 5.126327352618089, "mem%": 54.86166753075364, "CPU%": 83.86888306466089, "MainMem%": 15.934507711424605}, "workload1+workload2": {"Best shared with 100-100% MPS thread%": 100.3471630584049, "Random select collocation": 50.27562799284071, "stage1-shared 100-100% throughput of predicted pairs": 65.24886509862934, "_PCIe read bandwidth": 100.3471630584049, "_PCIe write bandwidth": 100.3471630584049, "_Long_Kernel": 29.975811057793138, "_ave_Kernel_Length": 31.0005696321503, "_long/short_Ratio": 31.0005696321503, "_avg_Thread": 29.975811057793138, "sm%": 24.18154758507182, "mem%": 65.24886509862934, "CPU%": 93.5985462212592, "MainMem%": 31.0005696321503}}