{"workload1": {"Best shared with 100-100% MPS thread%": 3.424276694985491, "Random select collocation": 3.07211998938494, "stage1-shared 100-100% throughput of predicted pairs": 3.424276694985491, "_PCIe read bandwidth": 2.7796848974035977, "_PCIe write bandwidth": 2.7796848974035977, "_Long_Kernel": 3.322266247958369, "_ave_Kernel_Length": 3.693033998756298, "_long/short_Ratio": 3.693033998756298, "_avg_Thread": 3.693033998756298, "sm%": 3.322266247958369, "mem%": 3.424276694985491, "CPU%": 2.7796848974035977, "MainMem%": 3.693033998756298}, "workload2": {"Best shared with 100-100% MPS thread%": 17.324787369671142, "Random select collocation": 8.571998885105799, "stage1-shared 100-100% throughput of predicted pairs": 17.324787369671142, "_PCIe read bandwidth": 11.811782413568404, "_PCIe write bandwidth": 11.811782413568404, "_Long_Kernel": 7.450307986514724, "_ave_Kernel_Length": 3.8838592978200177, "_long/short_Ratio": 3.8838592978200177, "_avg_Thread": 3.8838592978200177, "sm%": 7.450307986514724, "mem%": 17.324787369671142, "CPU%": 11.811782413568404, "MainMem%": 3.8838592978200177}, "workload1+workload2": {"Best shared with 100-100% MPS thread%": 20.749064064656633, "Random select collocation": 11.644118874490738, "stage1-shared 100-100% throughput of predicted pairs": 20.749064064656633, "_PCIe read bandwidth": 14.591467310972002, "_PCIe write bandwidth": 14.591467310972002, "_Long_Kernel": 10.772574234473092, "_ave_Kernel_Length": 7.576893296576316, "_long/short_Ratio": 7.576893296576316, "_avg_Thread": 7.576893296576316, "sm%": 10.772574234473092, "mem%": 20.749064064656633, "CPU%": 14.591467310972002, "MainMem%": 7.576893296576316}}