{"workload1": {"Best shared with 100-100% MPS thread%": 59.77980791754509, "Random select collocation": 40.108181329484786, "stage1-shared 100-100% throughput of predicted pairs": 59.77980791754509, "_PCIe read bandwidth": 31.13131853436748, "_PCIe write bandwidth": 31.13131853436748, "_Long_Kernel": 22.861831112831894, "_ave_Kernel_Length": 54.86166753075364, "_long/short_Ratio": 54.86166753075364, "_avg_Thread": 59.77980791754509, "sm%": 31.13131853436748, "mem%": 59.77980791754509, "CPU%": 31.13131853436748, "MainMem%": 55.35159559446485}, "workload2": {"Best shared with 100-100% MPS thread%": 59.68318855390904, "Random select collocation": 24.00317308696861, "stage1-shared 100-100% throughput of predicted pairs": 59.68318855390904, "_PCIe read bandwidth": 21.13183382694309, "_PCIe write bandwidth": 21.13183382694309, "_Long_Kernel": 3.044093697204, "_ave_Kernel_Length": 10.387197567875692, "_long/short_Ratio": 10.387197567875692, "_avg_Thread": 59.68318855390904, "sm%": 21.13183382694309, "mem%": 59.68318855390904, "CPU%": 21.13183382694309, "MainMem%": 29.918032786885245}, "workload1+workload2": {"Best shared with 100-100% MPS thread%": 119.46299647145413, "Random select collocation": 64.1113544164534, "stage1-shared 100-100% throughput of predicted pairs": 119.46299647145413, "_PCIe read bandwidth": 52.263152361310574, "_PCIe write bandwidth": 52.263152361310574, "_Long_Kernel": 25.905924810035895, "_ave_Kernel_Length": 65.24886509862934, "_long/short_Ratio": 65.24886509862934, "_avg_Thread": 119.46299647145413, "sm%": 52.263152361310574, "mem%": 119.46299647145413, "CPU%": 52.263152361310574, "MainMem%": 85.26962838135009}}