mse,r2
0.49285551697519164,0.4032188077077221
