mse,r2
0.5809038460552363,0.34648317318785915
