mse,r2
0.20832520985039715,0.7656341389183032
