mse,r2
0.1276141660303943,0.8539856066412259
