mse,r2
0.1329066115340823,0.8637707231775656
