mse,r2
0.2263939320715771,0.6890784459979395
