mse,r2
0.1827888505114621,0.805025226121107
