mse,r2
0.12071060358066871,0.8742597879368035
