mse,r2
0.23681359893809473,0.7395050411680957
