mse,r2
0.13259475982493663,0.8646428493453772
