mse,r2
0.06280944313462034,0.9348642811937271
