mse,r2
0.8381224078187116,-0.005746889382453935
