mse,r2
0.19917347950570793,0.7965887868877876
