{"workload1": {"Best shared with 100-100% MPS thread%": 68.61708377393961, "Random select collocation": 42.39114118753359, "stage1-shared 100-100% throughput of predicted pairs": 29.918032786885245, "_PCIe read bandwidth": 18.33076995511472, "_PCIe write bandwidth": 18.33076995511472, "_Long_Kernel": 55.36069769646412, "_ave_Kernel_Length": 29.918032786885245, "_long/short_Ratio": 29.918032786885245, "_avg_Thread": 55.36069769646412, "sm%": 85.76883536495814, "mem%": 68.61708377393961, "CPU%": 23.843547135916385, "MainMem%": 49.52090223013653}, "workload2": {"Best shared with 100-100% MPS thread%": 79.56139232436567, "Random select collocation": 41.94814567705402, "stage1-shared 100-100% throughput of predicted pairs": 55.35159559446485, "_PCIe read bandwidth": 28.354682253451063, "_PCIe write bandwidth": 28.354682253451063, "_Long_Kernel": 14.003044140030442, "_ave_Kernel_Length": 55.35159559446485, "_long/short_Ratio": 55.35159559446485, "_avg_Thread": 14.003044140030442, "sm%": 7.033997655334115, "mem%": 79.56139232436567, "CPU%": 84.82278097546198, "MainMem%": 54.79849231661351}, "workload1+workload2": {"Best shared with 100-100% MPS thread%": 148.17847609830528, "Random select collocation": 84.3392868645876, "stage1-shared 100-100% throughput of predicted pairs": 85.26962838135009, "_PCIe read bandwidth": 46.685452208565785, "_PCIe write bandwidth": 46.685452208565785, "_Long_Kernel": 69.36374183649457, "_ave_Kernel_Length": 85.26962838135009, "_long/short_Ratio": 85.26962838135009, "_avg_Thread": 69.36374183649457, "sm%": 92.80283302029225, "mem%": 148.17847609830528, "CPU%": 108.66632811137836, "MainMem%": 104.31939454675003}}