{"workload1": {"Best shared with 100-100% MPS thread%": 58.77025259132535, "Random select collocation": 41.519651158415, "stage1-shared 100-100% throughput of predicted pairs": 61.59628967231502, "_PCIe read bandwidth": 20.798668885191347, "_PCIe write bandwidth": 20.798668885191347, "_Long_Kernel": 60.13179571663921, "_ave_Kernel_Length": 60.13179571663921, "_long/short_Ratio": 60.13179571663921, "_avg_Thread": 60.13179571663921, "sm%": 56.58366437360721, "mem%": 60.13179571663921, "CPU%": 31.99121809699298, "MainMem%": 28.829540405785654}, "workload2": {"Best shared with 100-100% MPS thread%": 81.52278407998462, "Random select collocation": 44.032320822576594, "stage1-shared 100-100% throughput of predicted pairs": 77.98364212986147, "_PCIe read bandwidth": 101.56742537881256, "_PCIe write bandwidth": 101.56742537881256, "_Long_Kernel": 60.17783423308987, "_ave_Kernel_Length": 60.17783423308987, "_long/short_Ratio": 60.17783423308987, "_avg_Thread": 60.17783423308987, "sm%": 6.707317073170732, "mem%": 60.17783423308987, "CPU%": 96.2425840474621, "MainMem%": 28.99527983816588}, "workload1+workload2": {"Best shared with 100-100% MPS thread%": 140.29303667130998, "Random select collocation": 85.5519719809916, "stage1-shared 100-100% throughput of predicted pairs": 139.57993180217647, "_PCIe read bandwidth": 122.3660942640039, "_PCIe write bandwidth": 122.3660942640039, "_Long_Kernel": 120.30962994972907, "_ave_Kernel_Length": 120.30962994972907, "_long/short_Ratio": 120.30962994972907, "_avg_Thread": 120.30962994972907, "sm%": 63.29098144677795, "mem%": 120.30962994972907, "CPU%": 128.23380214445507, "MainMem%": 57.824820243951535}}