{"workload1": {"Best shared with 100-100% MPS thread%": 56.28430791433652, "Random select collocation": 43.17218826785762, "stage1-shared 100-100% throughput of predicted pairs": 59.77980791754509, "_PCIe read bandwidth": 31.13131853436748, "_PCIe write bandwidth": 31.13131853436748, "_Long_Kernel": 40.763438977412015, "_ave_Kernel_Length": 54.86166753075364, "_long/short_Ratio": 54.86166753075364, "_avg_Thread": 59.77980791754509, "sm%": 51.83239079129002, "mem%": 56.28430791433652, "CPU%": 41.41184693342653, "MainMem%": 55.35159559446485}, "workload2": {"Best shared with 100-100% MPS thread%": 64.34995799071665, "Random select collocation": 25.683672251591428, "stage1-shared 100-100% throughput of predicted pairs": 59.68318855390904, "_PCIe read bandwidth": 21.13183382694309, "_PCIe write bandwidth": 21.13183382694309, "_Long_Kernel": 16.828889593802696, "_ave_Kernel_Length": 10.387197567875692, "_long/short_Ratio": 10.387197567875692, "_avg_Thread": 59.68318855390904, "sm%": 3.133285128946734, "mem%": 64.34995799071665, "CPU%": 53.84845900278924, "MainMem%": 29.918032786885245}, "workload1+workload2": {"Best shared with 100-100% MPS thread%": 120.63426590505317, "Random select collocation": 68.85586051944904, "stage1-shared 100-100% throughput of predicted pairs": 119.46299647145413, "_PCIe read bandwidth": 52.263152361310574, "_PCIe write bandwidth": 52.263152361310574, "_Long_Kernel": 57.59232857121471, "_ave_Kernel_Length": 65.24886509862934, "_long/short_Ratio": 65.24886509862934, "_avg_Thread": 119.46299647145413, "sm%": 54.96567592023675, "mem%": 120.63426590505317, "CPU%": 95.26030593621577, "MainMem%": 85.26962838135009}}