mse,r2
0.5884525862051434,0.33925618362621307
