mse,r2
0.061341452194758644,0.9358702999782069
