mse,r2
0.15755050118071576,0.8217189647346436
