{"workload1": {"Best shared with 100-100% MPS thread%": 25.52420466630779, "Random select collocation": 19.36503554581056, "stage1-shared 100-100% throughput of predicted pairs": 25.52420466630779, "_Threads": 27.516737301148577, "_Compute (SM) Throughput": 27.516737301148577, "_DRAM Throughput": 27.516737301148577, "_Memory Throughput": 27.516737301148577, "_Registers": 27.516737301148577, "_Static Shared Memory": 7.450307986514724, "exclusive_throughput": 24.80782669461915, "sm%": 22.78488562822463, "mem%": 25.52420466630779, "memcap": 24.80782669461915}, "workload2": {"Best shared with 100-100% MPS thread%": 66.97823780715083, "Random select collocation": 21.55857889002057, "stage1-shared 100-100% throughput of predicted pairs": 66.97823780715083, "_Threads": 52.483767327956144, "_Compute (SM) Throughput": 52.483767327956144, "_DRAM Throughput": 52.483767327956144, "_Memory Throughput": 52.483767327956144, "_Registers": 52.483767327956144, "_Static Shared Memory": 3.322266247958369, "exclusive_throughput": 28.806787352636512, "sm%": 2.920463577383043, "mem%": 66.97823780715083, "memcap": 28.806787352636512}, "workload1+workload2": {"Best shared with 100-100% MPS thread%": 92.50244247345861, "Random select collocation": 40.92361443583113, "stage1-shared 100-100% throughput of predicted pairs": 92.50244247345861, "_Threads": 80.00050462910473, "_Compute (SM) Throughput": 80.00050462910473, "_DRAM Throughput": 80.00050462910473, "_Memory Throughput": 80.00050462910473, "_Registers": 80.00050462910473, "_Static Shared Memory": 10.772574234473092, "exclusive_throughput": 53.61461404725566, "sm%": 25.70534920560767, "mem%": 92.50244247345861, "memcap": 53.61461404725566}}