{"workload1": {"Best shared with 100-100% MPS thread%": 8.31286604949934, "Random select collocation": 6.542949592898411, "stage1-shared 100-100% throughput of predicted pairs": 5.9886643139771145, "_Threads": 9.44138473642801, "_Compute (SM) Throughput": 6.278691561850259, "_DRAM Throughput": 9.44138473642801, "_Memory Throughput": 9.44138473642801, "_Registers": 9.44138473642801, "_Static Shared Memory": 3.2503555076336474, "exclusive_throughput": 5.9886643139771145, "sm%": 7.328642618359017, "mem%": 9.44138473642801, "memcap": 5.9886643139771145}, "workload2": {"Best shared with 100-100% MPS thread%": 61.9341154636442, "Random select collocation": 26.490750691641562, "stage1-shared 100-100% throughput of predicted pairs": 61.26891704041755, "_Threads": 45.5573757703409, "_Compute (SM) Throughput": 1.561942283280508, "_DRAM Throughput": 45.5573757703409, "_Memory Throughput": 45.5573757703409, "_Registers": 45.5573757703409, "_Static Shared Memory": 2.907434189327918, "exclusive_throughput": 61.26891704041755, "sm%": 2.4118720856545632, "mem%": 45.5573757703409, "memcap": 61.26891704041755}, "workload1+workload2": {"Best shared with 100-100% MPS thread%": 70.24698151314354, "Random select collocation": 33.033700284539975, "stage1-shared 100-100% throughput of predicted pairs": 67.25758135439466, "_Threads": 54.9987605067689, "_Compute (SM) Throughput": 7.8406338451307676, "_DRAM Throughput": 54.9987605067689, "_Memory Throughput": 54.9987605067689, "_Registers": 54.9987605067689, "_Static Shared Memory": 6.157789696961565, "exclusive_throughput": 67.25758135439466, "sm%": 9.74051470401358, "mem%": 54.9987605067689, "memcap": 67.25758135439466}}