mse,r2
0.18209080732622496,0.7990479068081174
