mse,r2
0.19111149857040996,0.8015380591768819
