mse,r2
0.08977224073291667,0.9089633615102817
