mse,r2
0.15279077895239504,0.8370231691174452
