mse,r2
0.033887326240070306,0.9654349272351282
