{"workload1": {"Best shared with 100-100% MPS thread%": 5.135074793480688, "Random select collocation": 10.13414000283085, "stage1-shared 100-100% throughput of predicted pairs": 19.834622849698228, "_Threads": 21.2018567306486, "_Compute (SM) Throughput": 19.834622849698228, "_DRAM Throughput": 21.2018567306486, "_Memory Throughput": 21.2018567306486, "_Registers": 21.2018567306486, "_Static Shared Memory": 4.197695002352801, "exclusive_throughput": 6.373776462554064, "sm%": 5.127782508767592, "mem%": 21.2018567306486, "memcap": 21.2018567306486}, "workload2": {"Best shared with 100-100% MPS thread%": 94.45635032954593, "Random select collocation": 38.48788868125647, "stage1-shared 100-100% throughput of predicted pairs": 70.7450030284676, "_Threads": 49.6261046906866, "_Compute (SM) Throughput": 70.7450030284676, "_DRAM Throughput": 49.6261046906866, "_Memory Throughput": 49.6261046906866, "_Registers": 49.6261046906866, "_Static Shared Memory": 3.714731591494414, "exclusive_throughput": 62.271797135176335, "sm%": 28.53008448863371, "mem%": 49.6261046906866, "memcap": 49.6261046906866}, "workload1+workload2": {"Best shared with 100-100% MPS thread%": 99.59142512302661, "Random select collocation": 48.622028684087304, "stage1-shared 100-100% throughput of predicted pairs": 90.57962587816581, "_Threads": 70.8279614213352, "_Compute (SM) Throughput": 90.57962587816581, "_DRAM Throughput": 70.8279614213352, "_Memory Throughput": 70.8279614213352, "_Registers": 70.8279614213352, "_Static Shared Memory": 7.912426593847215, "exclusive_throughput": 68.6455735977304, "sm%": 33.65786699740131, "mem%": 70.8279614213352, "memcap": 70.8279614213352}}