{"workload1": {"Best shared with 100-100% MPS thread%": 96.51496684363832, "Random select collocation": 77.09953053421481, "stage1-shared 100-100% throughput of predicted pairs": 96.51496684363832, "_Threads": 96.51496684363832, "_Compute (SM) Throughput": 96.51496684363832, "_DRAM Throughput": 96.51496684363832, "_Memory Throughput": 88.95150695885611, "_Registers": 96.51496684363832, "_Static Shared Memory": 57.9242967132425, "exclusive_throughput": 72.32534018607676, "sm%": 87.77829967120714, "mem%": 88.95150695885611, "memcap": 95.44626593806922}, "workload2": {"Best shared with 100-100% MPS thread%": 38.74561084877104, "Random select collocation": 14.951324566495659, "stage1-shared 100-100% throughput of predicted pairs": 38.74561084877104, "_Threads": 38.74561084877104, "_Compute (SM) Throughput": 38.74561084877104, "_DRAM Throughput": 38.74561084877104, "_Memory Throughput": 14.920679292752814, "_Registers": 38.74561084877104, "_Static Shared Memory": 6.143275740123269, "exclusive_throughput": 40.41189042160482, "sm%": 2.062128222075347, "mem%": 14.920679292752814, "memcap": 13.794080827644848}, "workload1+workload2": {"Best shared with 100-100% MPS thread%": 135.26057769240936, "Random select collocation": 92.05085510071045, "stage1-shared 100-100% throughput of predicted pairs": 135.26057769240936, "_Threads": 135.26057769240936, "_Compute (SM) Throughput": 135.26057769240936, "_DRAM Throughput": 135.26057769240936, "_Memory Throughput": 103.87218625160892, "_Registers": 135.26057769240936, "_Static Shared Memory": 64.06757245336577, "exclusive_throughput": 112.73723060768157, "sm%": 89.84042789328248, "mem%": 103.87218625160892, "memcap": 109.24034676571407}}