{"workload1": {"Best shared with 100-100% MPS thread%": 2.717503191007535, "Random select collocation": 1.8441964980236982, "stage1-shared 100-100% throughput of predicted pairs": 2.717503191007535, "_Threads": 2.4402924996645643, "_Compute (SM) Throughput": 1.8773345719870715, "_DRAM Throughput": 2.717503191007535, "_Memory Throughput": 1.8773345719870715, "_Registers": 2.4402924996645643, "_Static Shared Memory": 0.95585192305125, "exclusive_throughput": 2.717503191007535, "sm%": 2.4402924996645643, "mem%": 2.717503191007535, "memcap": 2.8225571786067625}, "workload2": {"Best shared with 100-100% MPS thread%": 67.33929086191986, "Random select collocation": 15.894695805263746, "stage1-shared 100-100% throughput of predicted pairs": 67.33929086191986, "_Threads": 3.1159964925466617, "_Compute (SM) Throughput": 1.887885216578832, "_DRAM Throughput": 67.33929086191986, "_Memory Throughput": 1.887885216578832, "_Registers": 3.1159964925466617, "_Static Shared Memory": 3.1421541302185334, "exclusive_throughput": 67.33929086191986, "sm%": 3.1159964925466617, "mem%": 67.33929086191986, "memcap": 9.260726722893526}, "workload1+workload2": {"Best shared with 100-100% MPS thread%": 70.0567940529274, "Random select collocation": 17.738892303287447, "stage1-shared 100-100% throughput of predicted pairs": 70.0567940529274, "_Threads": 5.5562889922112255, "_Compute (SM) Throughput": 3.7652197885659033, "_DRAM Throughput": 70.0567940529274, "_Memory Throughput": 3.7652197885659033, "_Registers": 5.5562889922112255, "_Static Shared Memory": 4.098006053269783, "exclusive_throughput": 70.0567940529274, "sm%": 5.5562889922112255, "mem%": 70.0567940529274, "memcap": 12.08328390150029}}