mse,r2
0.15626433403474804,0.8113246154370787
