{"workload1": {"Best shared with 100-100% MPS thread%": 10.626992561105208, "Random select collocation": 9.936646163853284, "stage1-shared 100-100% throughput of predicted pairs": 10.626992561105208, "_Threads": 10.626992561105208, "_Compute (SM) Throughput": 10.626992561105208, "_DRAM Throughput": 10.626992561105208, "_Memory Throughput": 10.626992561105208, "_Registers": 10.626992561105208, "_Static Shared Memory": 10.626992561105208, "exclusive_throughput": 10.626992561105208, "sm%": 9.824657160401172, "mem%": 10.626992561105208, "memcap": 10.626992561105208}, "workload2": {"Best shared with 100-100% MPS thread%": 42.60596775370249, "Random select collocation": 26.26981317349876, "stage1-shared 100-100% throughput of predicted pairs": 42.60596775370249, "_Threads": 42.60596775370249, "_Compute (SM) Throughput": 42.60596775370249, "_DRAM Throughput": 42.60596775370249, "_Memory Throughput": 42.60596775370249, "_Registers": 42.60596775370249, "_Static Shared Memory": 42.60596775370249, "exclusive_throughput": 42.60596775370249, "sm%": 7.229508506974016, "mem%": 42.60596775370249, "memcap": 42.60596775370249}, "workload1+workload2": {"Best shared with 100-100% MPS thread%": 53.2329603148077, "Random select collocation": 36.20645933735205, "stage1-shared 100-100% throughput of predicted pairs": 53.2329603148077, "_Threads": 53.2329603148077, "_Compute (SM) Throughput": 53.2329603148077, "_DRAM Throughput": 53.2329603148077, "_Memory Throughput": 53.2329603148077, "_Registers": 53.2329603148077, "_Static Shared Memory": 53.2329603148077, "exclusive_throughput": 53.2329603148077, "sm%": 17.054165667375187, "mem%": 53.2329603148077, "memcap": 53.2329603148077}}