mse,r2
0.1981385414800267,0.7704019237277109
