mse,r2
0.24619237450206827,0.7199935680735464
