mse,r2
0.09750493338920346,0.8967594822937845
