{"workload1": {"Best shared with 100-100% MPS thread%": 3.0695443645083933, "Random select collocation": 3.1890409018840056, "stage1-shared 100-100% throughput of predicted pairs": 3.589574397888485, "_Threads": 3.714731591494414, "_Compute (SM) Throughput": 2.485012269748082, "_DRAM Throughput": 3.0695443645083933, "_Memory Throughput": 3.4848264846812835, "_Registers": 3.714731591494414, "_Static Shared Memory": 2.907434189327918, "exclusive_throughput": 2.485012269748082, "sm%": 3.006807940142824, "mem%": 3.4848264846812835, "memcap": 3.0695443645083933}, "workload2": {"Best shared with 100-100% MPS thread%": 60.36331688157317, "Random select collocation": 20.820905635734853, "stage1-shared 100-100% throughput of predicted pairs": 41.77732471318328, "_Threads": 4.197695002352801, "_Compute (SM) Throughput": 58.367897656289045, "_DRAM Throughput": 60.36331688157317, "_Memory Throughput": 11.742956903038175, "_Registers": 4.197695002352801, "_Static Shared Memory": 3.2503555076336474, "exclusive_throughput": 58.367897656289045, "sm%": 10.068943480493251, "mem%": 11.742956903038175, "memcap": 60.36331688157317}, "workload1+workload2": {"Best shared with 100-100% MPS thread%": 63.432861246081565, "Random select collocation": 24.00994653761886, "stage1-shared 100-100% throughput of predicted pairs": 45.36689911107177, "_Threads": 7.912426593847215, "_Compute (SM) Throughput": 60.85290992603713, "_DRAM Throughput": 63.432861246081565, "_Memory Throughput": 15.227783387719459, "_Registers": 7.912426593847215, "_Static Shared Memory": 6.157789696961565, "exclusive_throughput": 60.85290992603713, "sm%": 13.075751420636076, "mem%": 15.227783387719459, "memcap": 63.432861246081565}}