mse,r2
0.3513080794732267,0.6184732434936231
