{"workload1": {"Best shared with 100-100% MPS thread%": 16.371572525807245, "Random select collocation": 21.996879752249093, "stage1-shared 100-100% throughput of predicted pairs": 16.371572525807245, "_Threads": 29.40360610263523, "_Compute (SM) Throughput": 29.40360610263523, "_DRAM Throughput": 29.40360610263523, "_Memory Throughput": 26.928355040004146, "_Registers": 29.40360610263523, "_Static Shared Memory": 11.811782413568404, "exclusive_throughput": 16.371572525807245, "sm%": 22.154559953603016, "mem%": 26.928355040004146, "memcap": 28.354682253451063}, "workload2": {"Best shared with 100-100% MPS thread%": 59.896667991436, "Random select collocation": 20.101073018633752, "stage1-shared 100-100% throughput of predicted pairs": 59.896667991436, "_Threads": 41.937452874223546, "_Compute (SM) Throughput": 41.937452874223546, "_DRAM Throughput": 41.937452874223546, "_Memory Throughput": 14.876920324122594, "_Registers": 41.937452874223546, "_Static Shared Memory": 2.7796848974035977, "exclusive_throughput": 59.896667991436, "sm%": 12.353409996584311, "mem%": 14.876920324122594, "memcap": 18.33076995511472}, "workload1+workload2": {"Best shared with 100-100% MPS thread%": 76.26824051724324, "Random select collocation": 42.09795277088284, "stage1-shared 100-100% throughput of predicted pairs": 76.26824051724324, "_Threads": 71.34105897685878, "_Compute (SM) Throughput": 71.34105897685878, "_DRAM Throughput": 71.34105897685878, "_Memory Throughput": 41.80527536412674, "_Registers": 71.34105897685878, "_Static Shared Memory": 14.591467310972002, "exclusive_throughput": 76.26824051724324, "sm%": 34.50796995018733, "mem%": 41.80527536412674, "memcap": 46.685452208565785}}