{"workload1": {"Best shared with 100-100% MPS thread%": 3.108606955508063, "Random select collocation": 3.3279116145968093, "stage1-shared 100-100% throughput of predicted pairs": 3.108606955508063, "_Threads": 3.79402686072896, "_Compute (SM) Throughput": 3.108606955508063, "_DRAM Throughput": 3.8681796890346174, "_Memory Throughput": 3.852180834076577, "_Registers": 3.79402686072896, "_Static Shared Memory": 2.1413381078209435, "exclusive_throughput": 3.108606955508063, "sm%": 3.79402686072896, "mem%": 3.852180834076577, "memcap": 3.108606955508063}, "workload2": {"Best shared with 100-100% MPS thread%": 43.00639756984397, "Random select collocation": 11.811343089347053, "stage1-shared 100-100% throughput of predicted pairs": 43.00639756984397, "_Threads": 1.5150927696074776, "_Compute (SM) Throughput": 43.00639756984397, "_DRAM Throughput": 25.513651201259115, "_Memory Throughput": 7.06304774053339, "_Registers": 1.5150927696074776, "_Static Shared Memory": 2.389257357954705, "exclusive_throughput": 43.00639756984397, "sm%": 1.5150927696074776, "mem%": 7.06304774053339, "memcap": 43.00639756984397}, "workload1+workload2": {"Best shared with 100-100% MPS thread%": 46.115004525352035, "Random select collocation": 15.139254703943863, "stage1-shared 100-100% throughput of predicted pairs": 46.115004525352035, "_Threads": 5.309119630336437, "_Compute (SM) Throughput": 46.115004525352035, "_DRAM Throughput": 29.381830890293735, "_Memory Throughput": 10.915228574609968, "_Registers": 5.309119630336437, "_Static Shared Memory": 4.530595465775649, "exclusive_throughput": 46.115004525352035, "sm%": 5.309119630336437, "mem%": 10.915228574609968, "memcap": 46.115004525352035}}