mse,r2
0.22460465595640788,0.7520838168401084
