mse,r2
0.7473122913070452,0.20286688927248486
