{"workload1": {"Best shared with 100-100% MPS thread%": 92.6984126984127, "Random select collocation": 80.00031134737992, "stage1-shared 100-100% throughput of predicted pairs": 92.6984126984127, "_Threads": 87.77829967120714, "_Compute (SM) Throughput": 95.44626593806922, "_DRAM Throughput": 95.44626593806922, "_Memory Throughput": 88.95150695885611, "_Registers": 87.77829967120714, "_Static Shared Memory": 43.00639756984397, "exclusive_throughput": 72.32534018607676, "sm%": 87.77829967120714, "mem%": 88.95150695885611, "memcap": 95.44626593806922}, "workload2": {"Best shared with 100-100% MPS thread%": 52.61810519682559, "Random select collocation": 17.47584850833537, "stage1-shared 100-100% throughput of predicted pairs": 52.61810519682559, "_Threads": 2.062128222075347, "_Compute (SM) Throughput": 13.794080827644848, "_DRAM Throughput": 13.794080827644848, "_Memory Throughput": 14.920679292752814, "_Registers": 2.062128222075347, "_Static Shared Memory": 3.108606955508063, "exclusive_throughput": 40.41189042160482, "sm%": 2.062128222075347, "mem%": 14.920679292752814, "memcap": 13.794080827644848}, "workload1+workload2": {"Best shared with 100-100% MPS thread%": 145.3165178952383, "Random select collocation": 97.47615985571528, "stage1-shared 100-100% throughput of predicted pairs": 145.3165178952383, "_Threads": 89.84042789328248, "_Compute (SM) Throughput": 109.24034676571407, "_DRAM Throughput": 109.24034676571407, "_Memory Throughput": 103.87218625160892, "_Registers": 89.84042789328248, "_Static Shared Memory": 46.115004525352035, "exclusive_throughput": 112.73723060768157, "sm%": 89.84042789328248, "mem%": 103.87218625160892, "memcap": 109.24034676571407}}