{"workload1": {"Best shared with 100-100% MPS thread%": 11.38203404798116, "Random select collocation": 18.625213876787235, "stage1-shared 100-100% throughput of predicted pairs": 30.13044277053096, "_Threads": 30.13044277053096, "_Compute (SM) Throughput": 11.38203404798116, "_DRAM Throughput": 30.13044277053096, "_Memory Throughput": 30.13044277053096, "_Registers": 30.13044277053096, "_Static Shared Memory": 10.54139215124606, "exclusive_throughput": 11.38203404798116, "sm%": 21.98371363623284, "mem%": 30.13044277053096, "memcap": 16.548157724628314}, "workload2": {"Best shared with 100-100% MPS thread%": 76.38854825787675, "Random select collocation": 24.70831661456254, "stage1-shared 100-100% throughput of predicted pairs": 30.084483824438493, "_Threads": 30.084483824438493, "_Compute (SM) Throughput": 76.38854825787675, "_DRAM Throughput": 30.084483824438493, "_Memory Throughput": 30.084483824438493, "_Registers": 30.084483824438493, "_Static Shared Memory": 2.934469810129216, "exclusive_throughput": 76.38854825787675, "sm%": 3.2144444824402423, "mem%": 30.084483824438493, "memcap": 60.86344806023814}, "workload1+workload2": {"Best shared with 100-100% MPS thread%": 87.77058230585791, "Random select collocation": 43.33353049134977, "stage1-shared 100-100% throughput of predicted pairs": 60.214926594969455, "_Threads": 60.214926594969455, "_Compute (SM) Throughput": 87.77058230585791, "_DRAM Throughput": 60.214926594969455, "_Memory Throughput": 60.214926594969455, "_Registers": 60.214926594969455, "_Static Shared Memory": 13.475861961375276, "exclusive_throughput": 87.77058230585791, "sm%": 25.19815811867308, "mem%": 60.214926594969455, "memcap": 77.41160578486645}}