{"workload1": {"Best shared with 100-100% MPS thread%": 59.77980791754509, "Random select collocation": 47.87036701678315, "stage1-shared 100-100% throughput of predicted pairs": 59.77980791754509, "_Threads": 61.62490371108795, "_Compute (SM) Throughput": 59.77980791754509, "_DRAM Throughput": 61.62490371108795, "_Memory Throughput": 61.62490371108795, "_Registers": 61.62490371108795, "_Static Shared Memory": 61.62490371108795, "exclusive_throughput": 41.41184693342653, "sm%": 31.13131853436748, "mem%": 61.62490371108795, "memcap": 41.41184693342653}, "workload2": {"Best shared with 100-100% MPS thread%": 59.68318855390904, "Random select collocation": 37.67038509315436, "stage1-shared 100-100% throughput of predicted pairs": 59.68318855390904, "_Threads": 30.79519088799832, "_Compute (SM) Throughput": 59.68318855390904, "_DRAM Throughput": 30.79519088799832, "_Memory Throughput": 30.79519088799832, "_Registers": 30.79519088799832, "_Static Shared Memory": 30.79519088799832, "exclusive_throughput": 53.84845900278924, "sm%": 21.13183382694309, "mem%": 30.79519088799832, "memcap": 53.84845900278924}, "workload1+workload2": {"Best shared with 100-100% MPS thread%": 119.46299647145413, "Random select collocation": 85.5407521099375, "stage1-shared 100-100% throughput of predicted pairs": 119.46299647145413, "_Threads": 92.42009459908627, "_Compute (SM) Throughput": 119.46299647145413, "_DRAM Throughput": 92.42009459908627, "_Memory Throughput": 92.42009459908627, "_Registers": 92.42009459908627, "_Static Shared Memory": 92.42009459908627, "exclusive_throughput": 95.26030593621577, "sm%": 52.263152361310574, "mem%": 92.42009459908627, "memcap": 95.26030593621577}}