mse,r2
0.1731503780546515,0.7606936428456544
