mse,r2
0.038899656767174794,0.9593321770161355
