{"workload1": {"Best shared with 100-100% MPS thread%": 43.00639756984397, "stage1-shared 100-100% throughput of predicted pairs": 25.513651201259115}, "workload2": {"Best shared with 100-100% MPS thread%": 3.108606955508063, "stage1-shared 100-100% throughput of predicted pairs": 3.8681796890346174}, "workload1+workload2": {"Best shared with 100-100% MPS thread%": 46.115004525352035, "stage1-shared 100-100% throughput of predicted pairs": 29.381830890293735}}