mse,r2
0.22481561907732223,0.7665376263427808
