{"workload1": {"Best shared with 100-100% MPS thread%": 79.89192701653585, "Random select collocation": 70.64999714459485, "stage1-shared 100-100% throughput of predicted pairs": 79.89192701653585, "_Threads": 78.86696264285352, "_Compute (SM) Throughput": 52.61810519682559, "_DRAM Throughput": 79.89192701653585, "_Memory Throughput": 76.87118482320615, "_Registers": 78.86696264285352, "_Static Shared Memory": 68.67356538099718, "exclusive_throughput": 52.61810519682559, "sm%": 66.97823780715083, "mem%": 76.87118482320615, "memcap": 52.61810519682559}, "workload2": {"Best shared with 100-100% MPS thread%": 80.02237467713012, "Random select collocation": 47.57031621905634, "stage1-shared 100-100% throughput of predicted pairs": 80.02237467713012, "_Threads": 19.00976676833965, "_Compute (SM) Throughput": 92.6984126984127, "_DRAM Throughput": 80.02237467713012, "_Memory Throughput": 42.27573239522048, "_Registers": 19.00976676833965, "_Static Shared Memory": 25.89140610892726, "exclusive_throughput": 92.6984126984127, "sm%": 25.52420466630779, "mem%": 42.27573239522048, "memcap": 92.6984126984127}, "workload1+workload2": {"Best shared with 100-100% MPS thread%": 159.91430169366595, "Random select collocation": 118.22031336365119, "stage1-shared 100-100% throughput of predicted pairs": 159.91430169366595, "_Threads": 97.87672941119317, "_Compute (SM) Throughput": 145.3165178952383, "_DRAM Throughput": 159.91430169366595, "_Memory Throughput": 119.14691721842664, "_Registers": 97.87672941119317, "_Static Shared Memory": 94.56497148992443, "exclusive_throughput": 145.3165178952383, "sm%": 92.50244247345861, "mem%": 119.14691721842664, "memcap": 145.3165178952383}}