{"workload1": {"Best shared with 100-100% MPS thread%": 20.798668885191347, "Random select collocation": 34.36169876057194, "stage1-shared 100-100% throughput of predicted pairs": 60.13179571663921, "_Threads": 60.13179571663921, "_Compute (SM) Throughput": 20.798668885191347, "_DRAM Throughput": 60.13179571663921, "_Memory Throughput": 60.13179571663921, "_Registers": 60.13179571663921, "_Static Shared Memory": 11.660452119954767, "exclusive_throughput": 20.798668885191347, "sm%": 28.829540405785654, "mem%": 60.13179571663921, "memcap": 60.13179571663921}, "workload2": {"Best shared with 100-100% MPS thread%": 101.56742537881256, "Random select collocation": 39.94213759616226, "stage1-shared 100-100% throughput of predicted pairs": 60.17783423308987, "_Threads": 60.17783423308987, "_Compute (SM) Throughput": 101.56742537881256, "_DRAM Throughput": 60.17783423308987, "_Memory Throughput": 60.17783423308987, "_Registers": 60.17783423308987, "_Static Shared Memory": 3.7903062916590815, "exclusive_throughput": 101.56742537881256, "sm%": 28.99527983816588, "mem%": 60.17783423308987, "memcap": 60.17783423308987}, "workload1+workload2": {"Best shared with 100-100% MPS thread%": 122.3660942640039, "Random select collocation": 74.3038363567342, "stage1-shared 100-100% throughput of predicted pairs": 120.30962994972907, "_Threads": 120.30962994972907, "_Compute (SM) Throughput": 122.3660942640039, "_DRAM Throughput": 120.30962994972907, "_Memory Throughput": 120.30962994972907, "_Registers": 120.30962994972907, "_Static Shared Memory": 15.45075841161385, "exclusive_throughput": 122.3660942640039, "sm%": 57.824820243951535, "mem%": 120.30962994972907, "memcap": 120.30962994972907}}