{"workload1": {"Best shared with 100-100% MPS thread%": 59.77980791754509, "Random select collocation": 42.223702557970206, "stage1-shared 100-100% throughput of predicted pairs": 59.77980791754509, "_Threads": 61.62490371108795, "_Compute (SM) Throughput": 59.77980791754509, "_DRAM Throughput": 61.62490371108795, "_Memory Throughput": 61.62490371108795, "_Registers": 61.62490371108795, "_Static Shared Memory": 17.324787369671142, "exclusive_throughput": 33.24263099339169, "sm%": 31.13131853436748, "mem%": 61.62490371108795, "memcap": 41.41184693342653}, "workload2": {"Best shared with 100-100% MPS thread%": 59.68318855390904, "Random select collocation": 36.84568653343415, "stage1-shared 100-100% throughput of predicted pairs": 59.68318855390904, "_Threads": 30.79519088799832, "_Compute (SM) Throughput": 59.68318855390904, "_DRAM Throughput": 30.79519088799832, "_Memory Throughput": 30.79519088799832, "_Registers": 30.79519088799832, "_Static Shared Memory": 3.424276694985491, "exclusive_throughput": 65.3189050135615, "sm%": 21.13183382694309, "mem%": 30.79519088799832, "memcap": 53.84845900278924}, "workload1+workload2": {"Best shared with 100-100% MPS thread%": 119.46299647145413, "Random select collocation": 79.06938909140436, "stage1-shared 100-100% throughput of predicted pairs": 119.46299647145413, "_Threads": 92.42009459908627, "_Compute (SM) Throughput": 119.46299647145413, "_DRAM Throughput": 92.42009459908627, "_Memory Throughput": 92.42009459908627, "_Registers": 92.42009459908627, "_Static Shared Memory": 20.749064064656633, "exclusive_throughput": 98.56153600695319, "sm%": 52.263152361310574, "mem%": 92.42009459908627, "memcap": 95.26030593621577}}