{"workload1": {"Best shared with 100-100% MPS thread%": 1.5092631022903067, "Random select collocation": 1.7535103372098622, "stage1-shared 100-100% throughput of predicted pairs": 1.5092631022903067, "_Threads": 2.049959846147344, "_Compute (SM) Throughput": 1.5092631022903067, "_DRAM Throughput": 1.8773345719870715, "_Memory Throughput": 1.8773345719870715, "_Registers": 2.049959846147344, "_Static Shared Memory": 0.95585192305125, "exclusive_throughput": 1.5092631022903067, "sm%": 1.5484488905443516, "mem%": 1.8773345719870715, "memcap": 1.5092631022903067}, "workload2": {"Best shared with 100-100% MPS thread%": 83.40771949869675, "Random select collocation": 20.809107648949233, "stage1-shared 100-100% throughput of predicted pairs": 83.40771949869675, "_Threads": 17.656191857108027, "_Compute (SM) Throughput": 83.40771949869675, "_DRAM Throughput": 1.887885216578832, "_Memory Throughput": 1.887885216578832, "_Registers": 17.656191857108027, "_Static Shared Memory": 3.1421541302185334, "exclusive_throughput": 83.40771949869675, "sm%": 22.538107194401057, "mem%": 1.887885216578832, "memcap": 83.40771949869675}, "workload1+workload2": {"Best shared with 100-100% MPS thread%": 84.91698260098705, "Random select collocation": 22.562617986159093, "stage1-shared 100-100% throughput of predicted pairs": 84.91698260098705, "_Threads": 19.706151703255372, "_Compute (SM) Throughput": 84.91698260098705, "_DRAM Throughput": 3.7652197885659033, "_Memory Throughput": 3.7652197885659033, "_Registers": 19.706151703255372, "_Static Shared Memory": 4.098006053269783, "exclusive_throughput": 84.91698260098705, "sm%": 24.086556084945407, "mem%": 3.7652197885659033, "memcap": 84.91698260098705}}