mse,r2
0.23713802995164845,0.7140243950103631
