{"workload1": {"Best shared with 100-100% MPS thread%": 83.04498269896193, "Random select collocation": 66.05786795058704, "stage1-shared 100-100% throughput of predicted pairs": 83.04498269896193, "_PCIe read bandwidth": 52.61810519682559, "_PCIe write bandwidth": 52.61810519682559, "_Long_Kernel": 49.89640515197471, "_ave_Kernel_Length": 78.23043820431674, "_long/short_Ratio": 78.23043820431674, "_avg_Thread": 78.86696264285352, "sm%": 75.01123884143601, "mem%": 76.87118482320615, "CPU%": 65.43844508648831, "MainMem%": 78.23043820431674}, "workload2": {"Best shared with 100-100% MPS thread%": 81.64121203648692, "Random select collocation": 38.86427888845627, "stage1-shared 100-100% throughput of predicted pairs": 81.64121203648692, "_PCIe read bandwidth": 92.6984126984127, "_PCIe write bandwidth": 92.6984126984127, "_Long_Kernel": 9.53658173148562, "_ave_Kernel_Length": 21.32138453673353, "_long/short_Ratio": 21.32138453673353, "_avg_Thread": 19.00976676833965, "sm%": 5.595153243050606, "mem%": 42.27573239522048, "CPU%": 85.55836354979306, "MainMem%": 21.32138453673353}, "workload1+workload2": {"Best shared with 100-100% MPS thread%": 164.68619473544885, "Random select collocation": 104.92214683904331, "stage1-shared 100-100% throughput of predicted pairs": 164.68619473544885, "_PCIe read bandwidth": 145.3165178952383, "_PCIe write bandwidth": 145.3165178952383, "_Long_Kernel": 59.43298688346033, "_ave_Kernel_Length": 99.55182274105027, "_long/short_Ratio": 99.55182274105027, "_avg_Thread": 97.87672941119317, "sm%": 80.60639208448661, "mem%": 119.14691721842664, "CPU%": 150.99680863628137, "MainMem%": 99.55182274105027}}