{"workload1": {"Best shared with 100-100% MPS thread%": 2.439768222018908, "Random select collocation": 1.9590093702014817, "stage1-shared 100-100% throughput of predicted pairs": 2.9890744176458464, "_PCIe read bandwidth": 1.4333245495001836, "_PCIe write bandwidth": 1.5092631022903067, "_Long_Kernel": 1.561942283280508, "_ave_Kernel_Length": 2.021263694061528, "_long/short_Ratio": 1.8773345719870715, "_avg_Thread": 2.9890744176458464, "sm%": 2.4402924996645643, "mem%": 2.717503191007535, "CPU%": 2.439768222018908, "MainMem%": 1.9338632074217816}, "workload2": {"Best shared with 100-100% MPS thread%": 82.98401420959148, "Random select collocation": 33.522744097628454, "stage1-shared 100-100% throughput of predicted pairs": 59.948161264659845, "_PCIe read bandwidth": 22.384642157132127, "_PCIe write bandwidth": 83.40771949869675, "_Long_Kernel": 6.278691561850259, "_ave_Kernel_Length": 47.01700529143272, "_long/short_Ratio": 1.887885216578832, "_avg_Thread": 59.948161264659845, "sm%": 3.1159964925466617, "mem%": 67.33929086191986, "CPU%": 82.98401420959148, "MainMem%": 18.106009718666986}, "workload1+workload2": {"Best shared with 100-100% MPS thread%": 85.42378243161039, "Random select collocation": 35.48175346782994, "stage1-shared 100-100% throughput of predicted pairs": 62.93723568230569, "_PCIe read bandwidth": 23.817966706632312, "_PCIe write bandwidth": 84.91698260098705, "_Long_Kernel": 7.8406338451307676, "_ave_Kernel_Length": 49.03826898549425, "_long/short_Ratio": 3.7652197885659033, "_avg_Thread": 62.93723568230569, "sm%": 5.5562889922112255, "mem%": 70.0567940529274, "CPU%": 85.42378243161039, "MainMem%": 20.03987292608877}}