{"workload1": {"Best shared with 100-100% MPS thread%": 56.28430791433652, "Random select collocation": 45.51895109372232, "stage1-shared 100-100% throughput of predicted pairs": 61.62490371108795, "_PCIe read bandwidth": 31.13131853436748, "_PCIe write bandwidth": 33.24263099339169, "_Long_Kernel": 61.62490371108795, "_ave_Kernel_Length": 61.62490371108795, "_long/short_Ratio": 54.86166753075364, "_avg_Thread": 61.62490371108795, "sm%": 40.763438977412015, "mem%": 61.62490371108795, "CPU%": 41.41184693342653, "MainMem%": 55.35159559446485}, "workload2": {"Best shared with 100-100% MPS thread%": 64.34995799071665, "Random select collocation": 30.26863912194744, "stage1-shared 100-100% throughput of predicted pairs": 30.79519088799832, "_PCIe read bandwidth": 21.13183382694309, "_PCIe write bandwidth": 65.3189050135615, "_Long_Kernel": 30.79519088799832, "_ave_Kernel_Length": 30.79519088799832, "_long/short_Ratio": 10.387197567875692, "_avg_Thread": 30.79519088799832, "sm%": 16.828889593802696, "mem%": 30.79519088799832, "CPU%": 53.84845900278924, "MainMem%": 29.918032786885245}, "workload1+workload2": {"Best shared with 100-100% MPS thread%": 120.63426590505317, "Random select collocation": 75.78759021566977, "stage1-shared 100-100% throughput of predicted pairs": 92.42009459908627, "_PCIe read bandwidth": 52.263152361310574, "_PCIe write bandwidth": 98.56153600695319, "_Long_Kernel": 92.42009459908627, "_ave_Kernel_Length": 92.42009459908627, "_long/short_Ratio": 65.24886509862934, "_avg_Thread": 92.42009459908627, "sm%": 57.59232857121471, "mem%": 92.42009459908627, "CPU%": 95.26030593621577, "MainMem%": 85.26962838135009}}