{"workload1": {"Best shared with 100-100% MPS thread%": 42.27573239522048, "Random select collocation": 25.647976598624176, "stage1-shared 100-100% throughput of predicted pairs": 47.05317488896891, "_PCIe read bandwidth": 14.876920324122594, "_PCIe write bandwidth": 14.920679292752814, "_Long_Kernel": 47.05317488896891, "_ave_Kernel_Length": 47.05317488896891, "_long/short_Ratio": 15.085145537959098, "_avg_Thread": 47.05317488896891, "sm%": 14.876920324122594, "mem%": 47.05317488896891, "CPU%": 15.52579629728432, "MainMem%": 35.52348574203844}, "workload2": {"Best shared with 100-100% MPS thread%": 76.87118482320615, "Random select collocation": 41.02940517027567, "stage1-shared 100-100% throughput of predicted pairs": 45.66781357522677, "_PCIe read bandwidth": 26.928355040004146, "_PCIe write bandwidth": 88.95150695885611, "_Long_Kernel": 45.66781357522677, "_ave_Kernel_Length": 45.66781357522677, "_long/short_Ratio": 60.66003409582453, "_avg_Thread": 45.66781357522677, "sm%": 26.928355040004146, "mem%": 45.66781357522677, "CPU%": 28.055331347936207, "MainMem%": 48.57356732928554}, "workload1+workload2": {"Best shared with 100-100% MPS thread%": 119.14691721842664, "Random select collocation": 66.67738176889985, "stage1-shared 100-100% throughput of predicted pairs": 92.72098846419568, "_PCIe read bandwidth": 41.80527536412674, "_PCIe write bandwidth": 103.87218625160892, "_Long_Kernel": 92.72098846419568, "_ave_Kernel_Length": 92.72098846419568, "_long/short_Ratio": 75.74517963378362, "_avg_Thread": 92.72098846419568, "sm%": 41.80527536412674, "mem%": 92.72098846419568, "CPU%": 43.581127645220526, "MainMem%": 84.09705307132398}}