mse,r2
0.5751220631984436,0.3660706984269098
