{"workload1": {"Best shared with 100-100% MPS thread%": 3.424276694985491, "Random select collocation": 3.2551665914403416, "stage1-shared 100-100% throughput of predicted pairs": 3.7903062916590815, "_Threads": 3.7903062916590815, "_Compute (SM) Throughput": 3.131957944585332, "_DRAM Throughput": 3.7903062916590815, "_Memory Throughput": 3.7903062916590815, "_Registers": 3.7903062916590815, "_Static Shared Memory": 2.1413381078209435, "exclusive_throughput": 3.424276694985491, "sm%": 3.322266247958369, "mem%": 3.7903062916590815, "memcap": 3.7903062916590815}, "workload2": {"Best shared with 100-100% MPS thread%": 17.324787369671142, "Random select collocation": 7.34880314484989, "stage1-shared 100-100% throughput of predicted pairs": 11.660452119954767, "_Threads": 11.660452119954767, "_Compute (SM) Throughput": 0.94508333704933, "_DRAM Throughput": 11.660452119954767, "_Memory Throughput": 11.660452119954767, "_Registers": 11.660452119954767, "_Static Shared Memory": 2.389257357954705, "exclusive_throughput": 17.324787369671142, "sm%": 7.450307986514724, "mem%": 11.660452119954767, "memcap": 11.660452119954767}, "workload1+workload2": {"Best shared with 100-100% MPS thread%": 20.749064064656633, "Random select collocation": 10.603969736290232, "stage1-shared 100-100% throughput of predicted pairs": 15.45075841161385, "_Threads": 15.45075841161385, "_Compute (SM) Throughput": 4.077041281634662, "_DRAM Throughput": 15.45075841161385, "_Memory Throughput": 15.45075841161385, "_Registers": 15.45075841161385, "_Static Shared Memory": 4.530595465775649, "exclusive_throughput": 20.749064064656633, "sm%": 10.772574234473092, "mem%": 15.45075841161385, "memcap": 15.45075841161385}}