mse,r2
0.18232493158128585,0.7922573070675041
