mse,r2
0.09470190267548048,0.9035762445486017
