mse,r2
0.11409820944581858,0.8813378621763487
