{"workload1": {"Best shared with 100-100% MPS thread%": 3.108606955508063, "Random select collocation": 3.0782011504054605, "stage1-shared 100-100% throughput of predicted pairs": 3.108606955508063, "_Threads": 3.693033998756298, "_Compute (SM) Throughput": 3.108606955508063, "_DRAM Throughput": 3.108606955508063, "_Memory Throughput": 3.424276694985491, "_Registers": 3.693033998756298, "_Static Shared Memory": 2.1413381078209435, "exclusive_throughput": 3.108606955508063, "sm%": 3.322266247958369, "mem%": 3.424276694985491, "memcap": 3.108606955508063}, "workload2": {"Best shared with 100-100% MPS thread%": 43.00639756984397, "Random select collocation": 14.31106533256216, "stage1-shared 100-100% throughput of predicted pairs": 43.00639756984397, "_Threads": 3.8838592978200177, "_Compute (SM) Throughput": 43.00639756984397, "_DRAM Throughput": 43.00639756984397, "_Memory Throughput": 17.324787369671142, "_Registers": 3.8838592978200177, "_Static Shared Memory": 2.389257357954705, "exclusive_throughput": 43.00639756984397, "sm%": 7.450307986514724, "mem%": 17.324787369671142, "memcap": 43.00639756984397}, "workload1+workload2": {"Best shared with 100-100% MPS thread%": 46.115004525352035, "Random select collocation": 17.389266482967624, "stage1-shared 100-100% throughput of predicted pairs": 46.115004525352035, "_Threads": 7.576893296576316, "_Compute (SM) Throughput": 46.115004525352035, "_DRAM Throughput": 46.115004525352035, "_Memory Throughput": 20.749064064656633, "_Registers": 7.576893296576316, "_Static Shared Memory": 4.530595465775649, "exclusive_throughput": 46.115004525352035, "sm%": 10.772574234473092, "mem%": 20.749064064656633, "memcap": 46.115004525352035}}