mse,r2
0.18137644886334947,0.7531615098947092
