mse,r2
0.11799086503304805,0.8801362640934115
