mse,r2
0.16964513859954858,0.8235690558564696
