{"workload1": {"Best shared with 100-100% MPS thread%": 21.32138453673353, "Random select collocation": 12.881357873095082, "stage1-shared 100-100% throughput of predicted pairs": 22.196555014312256, "_Threads": 23.80952380952381, "_Compute (SM) Throughput": 22.196555014312256, "_DRAM Throughput": 23.80952380952381, "_Memory Throughput": 23.80952380952381, "_Registers": 23.80952380952381, "_Static Shared Memory": 5.759755730841294, "exclusive_throughput": 7.720493621401698, "sm%": 19.05522023245373, "mem%": 23.80952380952381, "memcap": 17.477500978218337}, "workload2": {"Best shared with 100-100% MPS thread%": 78.23043820431674, "Random select collocation": 35.81867416405598, "stage1-shared 100-100% throughput of predicted pairs": 69.30105612910882, "_Threads": 47.0360824742268, "_Compute (SM) Throughput": 69.30105612910882, "_DRAM Throughput": 47.0360824742268, "_Memory Throughput": 47.0360824742268, "_Registers": 47.0360824742268, "_Static Shared Memory": 9.615777930908624, "exclusive_throughput": 61.38835783505834, "sm%": 5.126327352618089, "mem%": 47.0360824742268, "memcap": 51.58099275746335}, "workload1+workload2": {"Best shared with 100-100% MPS thread%": 99.55182274105027, "Random select collocation": 48.70003203715107, "stage1-shared 100-100% throughput of predicted pairs": 91.49761114342107, "_Threads": 70.84560628375061, "_Compute (SM) Throughput": 91.49761114342107, "_DRAM Throughput": 70.84560628375061, "_Memory Throughput": 70.84560628375061, "_Registers": 70.84560628375061, "_Static Shared Memory": 15.37553366174992, "exclusive_throughput": 69.10885145646004, "sm%": 24.18154758507182, "mem%": 70.84560628375061, "memcap": 69.05849373568168}}