{"workload1": {"Best shared with 100-100% MPS thread%": 79.89192701653585, "Random select collocation": 67.01185696784319, "stage1-shared 100-100% throughput of predicted pairs": 79.89192701653585, "_Threads": 81.52278407998462, "_Compute (SM) Throughput": 79.56139232436567, "_DRAM Throughput": 81.52278407998462, "_Memory Throughput": 81.52278407998462, "_Registers": 81.52278407998462, "_Static Shared Memory": 49.89640515197471, "exclusive_throughput": 62.26737884110588, "sm%": 75.01123884143601, "mem%": 81.52278407998462, "memcap": 79.56139232436567}, "workload2": {"Best shared with 100-100% MPS thread%": 80.02237467713012, "Random select collocation": 36.14165508780084, "stage1-shared 100-100% throughput of predicted pairs": 80.02237467713012, "_Threads": 58.77025259132535, "_Compute (SM) Throughput": 68.61708377393961, "_DRAM Throughput": 58.77025259132535, "_Memory Throughput": 58.77025259132535, "_Registers": 58.77025259132535, "_Static Shared Memory": 9.53658173148562, "exclusive_throughput": 61.571012959534514, "sm%": 5.595153243050606, "mem%": 58.77025259132535, "memcap": 68.61708377393961}, "workload1+workload2": {"Best shared with 100-100% MPS thread%": 159.91430169366595, "Random select collocation": 103.15351205564401, "stage1-shared 100-100% throughput of predicted pairs": 159.91430169366595, "_Threads": 140.29303667130998, "_Compute (SM) Throughput": 148.17847609830528, "_DRAM Throughput": 140.29303667130998, "_Memory Throughput": 140.29303667130998, "_Registers": 140.29303667130998, "_Static Shared Memory": 59.43298688346033, "exclusive_throughput": 123.8383918006404, "sm%": 80.60639208448661, "mem%": 140.29303667130998, "memcap": 148.17847609830528}}