{"workload1": {"Best shared with 100-100% MPS thread%": 3.108606955508063, "Random select collocation": 3.2844132286276744, "stage1-shared 100-100% throughput of predicted pairs": 3.8681796890346174, "_Threads": 3.7903062916590815, "_Compute (SM) Throughput": 3.108606955508063, "_DRAM Throughput": 3.7903062916590815, "_Memory Throughput": 3.7903062916590815, "_Registers": 3.7903062916590815, "_Static Shared Memory": 3.524229074889868, "exclusive_throughput": 3.108606955508063, "sm%": 2.7796848974035977, "mem%": 3.7903062916590815, "memcap": 3.7903062916590815}, "workload2": {"Best shared with 100-100% MPS thread%": 43.00639756984397, "Random select collocation": 11.604834552292848, "stage1-shared 100-100% throughput of predicted pairs": 25.513651201259115, "_Threads": 11.660452119954767, "_Compute (SM) Throughput": 43.00639756984397, "_DRAM Throughput": 11.660452119954767, "_Memory Throughput": 11.660452119954767, "_Registers": 11.660452119954767, "_Static Shared Memory": 0.9448105950010336, "exclusive_throughput": 43.00639756984397, "sm%": 11.811782413568404, "mem%": 11.660452119954767, "memcap": 11.660452119954767}, "workload1+workload2": {"Best shared with 100-100% MPS thread%": 46.115004525352035, "Random select collocation": 14.88924778092052, "stage1-shared 100-100% throughput of predicted pairs": 29.381830890293735, "_Threads": 15.45075841161385, "_Compute (SM) Throughput": 46.115004525352035, "_DRAM Throughput": 15.45075841161385, "_Memory Throughput": 15.45075841161385, "_Registers": 15.45075841161385, "_Static Shared Memory": 4.469039669890901, "exclusive_throughput": 46.115004525352035, "sm%": 14.591467310972002, "mem%": 15.45075841161385, "memcap": 15.45075841161385}}