mse,r2
0.24700521475981127,0.7301597816149518
