mse,r2
0.06490743807612745,0.9340622851290133
