mse,r2
0.04167770754169076,0.9531125790155979
