mse,r2
0.16098725325652866,0.8325732566132101
