mse,r2
0.041450487355399884,0.957069138096193
