mse,r2
0.08004430212070977,0.9159534827732547
