mse,r2
0.16952356975862265,0.8073743311701952
