mse,r2
0.1535564021724267,0.8310879576103306
