mse,r2
0.3559884992084671,0.608412650870686
