{"workload1": {"Best shared with 100-100% MPS thread%": 16.371572525807245, "Random select collocation": 21.591034074840803, "stage1-shared 100-100% throughput of predicted pairs": 21.71277615937177, "_Threads": 28.53008448863371, "_Compute (SM) Throughput": 16.371572525807245, "_DRAM Throughput": 28.354682253451063, "_Memory Throughput": 28.354682253451063, "_Registers": 28.53008448863371, "_Static Shared Memory": 20.19948311532081, "exclusive_throughput": 16.371572525807245, "sm%": 22.154559953603016, "mem%": 21.13183382694309, "memcap": 28.354682253451063}, "workload2": {"Best shared with 100-100% MPS thread%": 59.896667991436, "Random select collocation": 23.169443711387384, "stage1-shared 100-100% throughput of predicted pairs": 42.5469911117587, "_Threads": 5.127782508767592, "_Compute (SM) Throughput": 59.896667991436, "_DRAM Throughput": 18.33076995511472, "_Memory Throughput": 18.33076995511472, "_Registers": 5.127782508767592, "_Static Shared Memory": 4.609179950067217, "exclusive_throughput": 59.896667991436, "sm%": 12.353409996584311, "mem%": 31.13131853436748, "memcap": 18.33076995511472}, "workload1+workload2": {"Best shared with 100-100% MPS thread%": 76.26824051724324, "Random select collocation": 44.76047778622818, "stage1-shared 100-100% throughput of predicted pairs": 64.25976727113047, "_Threads": 33.65786699740131, "_Compute (SM) Throughput": 76.26824051724324, "_DRAM Throughput": 46.685452208565785, "_Memory Throughput": 46.685452208565785, "_Registers": 33.65786699740131, "_Static Shared Memory": 24.808663065388025, "exclusive_throughput": 76.26824051724324, "sm%": 34.50796995018733, "mem%": 52.263152361310574, "memcap": 46.685452208565785}}