{"workload1": {"Best shared with 100-100% MPS thread%": 101.56742537881256, "Random select collocation": 74.32631337085773, "stage1-shared 100-100% throughput of predicted pairs": 101.56742537881256, "_Threads": 101.56742537881256, "_Compute (SM) Throughput": 83.40771949869675, "_DRAM Throughput": 101.56742537881256, "_Memory Throughput": 101.56742537881256, "_Registers": 101.56742537881256, "_Static Shared Memory": 43.00639756984397, "exclusive_throughput": 54.48460040350325, "sm%": 87.77829967120714, "mem%": 101.56742537881256, "memcap": 101.56742537881256}, "workload2": {"Best shared with 100-100% MPS thread%": 20.798668885191347, "Random select collocation": 13.729126254486486, "stage1-shared 100-100% throughput of predicted pairs": 20.798668885191347, "_Threads": 20.798668885191347, "_Compute (SM) Throughput": 1.5092631022903067, "_DRAM Throughput": 20.798668885191347, "_Memory Throughput": 20.798668885191347, "_Registers": 20.798668885191347, "_Static Shared Memory": 3.108606955508063, "exclusive_throughput": 41.31169170922575, "sm%": 2.062128222075347, "mem%": 20.798668885191347, "memcap": 20.798668885191347}, "workload1+workload2": {"Best shared with 100-100% MPS thread%": 122.3660942640039, "Random select collocation": 88.05543962534422, "stage1-shared 100-100% throughput of predicted pairs": 122.3660942640039, "_Threads": 122.3660942640039, "_Compute (SM) Throughput": 84.91698260098705, "_DRAM Throughput": 122.3660942640039, "_Memory Throughput": 122.3660942640039, "_Registers": 122.3660942640039, "_Static Shared Memory": 46.115004525352035, "exclusive_throughput": 95.79629211272899, "sm%": 89.84042789328248, "mem%": 122.3660942640039, "memcap": 122.3660942640039}}