mse,r2
0.19463358939075975,0.7806981821458037
