{"workload1": {"Best shared with 100-100% MPS thread%": 22.196555014312256, "Random select collocation": 11.691017417528817, "stage1-shared 100-100% throughput of predicted pairs": 22.196555014312256, "_PCIe read bandwidth": 22.196555014312256, "_PCIe write bandwidth": 22.196555014312256, "_Long_Kernel": 16.0618929487449, "_ave_Kernel_Length": 15.066061920725694, "_long/short_Ratio": 15.066061920725694, "_avg_Thread": 16.0618929487449, "sm%": 8.035338662179218, "mem%": 22.196555014312256, "CPU%": 8.035338662179218, "MainMem%": 15.066061920725694}, "workload2": {"Best shared with 100-100% MPS thread%": 69.30105612910882, "Random select collocation": 21.967717034855152, "stage1-shared 100-100% throughput of predicted pairs": 69.30105612910882, "_PCIe read bandwidth": 69.30105612910882, "_PCIe write bandwidth": 69.30105612910882, "_Long_Kernel": 13.913918109048238, "_ave_Kernel_Length": 15.934507711424605, "_long/short_Ratio": 15.934507711424605, "_avg_Thread": 13.913918109048238, "sm%": 25.26298521541206, "mem%": 69.30105612910882, "CPU%": 25.26298521541206, "MainMem%": 15.934507711424605}, "workload1+workload2": {"Best shared with 100-100% MPS thread%": 91.49761114342107, "Random select collocation": 33.65873445238396, "stage1-shared 100-100% throughput of predicted pairs": 91.49761114342107, "_PCIe read bandwidth": 91.49761114342107, "_PCIe write bandwidth": 91.49761114342107, "_Long_Kernel": 29.975811057793138, "_ave_Kernel_Length": 31.0005696321503, "_long/short_Ratio": 31.0005696321503, "_avg_Thread": 29.975811057793138, "sm%": 33.29832387759127, "mem%": 91.49761114342107, "CPU%": 33.29832387759127, "MainMem%": 31.0005696321503}}