{"workload1": {"Best shared with 100-100% MPS thread%": 21.71277615937177, "Random select collocation": 22.783943755511874, "stage1-shared 100-100% throughput of predicted pairs": 31.03071335378539, "_PCIe read bandwidth": 17.335072891258722, "_PCIe write bandwidth": 17.335072891258722, "_Long_Kernel": 31.03071335378539, "_ave_Kernel_Length": 31.03071335378539, "_long/short_Ratio": 22.384642157132127, "_avg_Thread": 31.03071335378539, "sm%": 17.335072891258722, "mem%": 31.03071335378539, "CPU%": 21.71277615937177, "MainMem%": 17.335072891258722}, "workload2": {"Best shared with 100-100% MPS thread%": 42.5469911117587, "Random select collocation": 20.996241718779725, "stage1-shared 100-100% throughput of predicted pairs": 21.55379221258535, "_PCIe read bandwidth": 17.449377691330405, "_PCIe write bandwidth": 17.449377691330405, "_Long_Kernel": 21.55379221258535, "_ave_Kernel_Length": 21.55379221258535, "_long/short_Ratio": 1.4333245495001836, "_avg_Thread": 21.55379221258535, "sm%": 17.449377691330405, "mem%": 21.55379221258535, "CPU%": 42.5469911117587, "MainMem%": 17.449377691330405}, "workload1+workload2": {"Best shared with 100-100% MPS thread%": 64.25976727113047, "Random select collocation": 43.78018547429159, "stage1-shared 100-100% throughput of predicted pairs": 52.58450556637074, "_PCIe read bandwidth": 34.78445058258913, "_PCIe write bandwidth": 34.78445058258913, "_Long_Kernel": 52.58450556637074, "_ave_Kernel_Length": 52.58450556637074, "_long/short_Ratio": 23.817966706632312, "_avg_Thread": 52.58450556637074, "sm%": 34.78445058258913, "mem%": 52.58450556637074, "CPU%": 64.25976727113047, "MainMem%": 34.78445058258913}}