{"workload1": {"Best shared with 100-100% MPS thread%": 19.00976676833965, "Random select collocation": 12.966256635092728, "stage1-shared 100-100% throughput of predicted pairs": 19.00976676833965, "_PCIe read bandwidth": 7.833808420318684, "_PCIe write bandwidth": 7.833808420318684, "_Long_Kernel": 13.776190991380863, "_ave_Kernel_Length": 13.913918109048238, "_long/short_Ratio": 13.913918109048238, "_avg_Thread": 13.776190991380863, "sm%": 14.496603544457516, "mem%": 19.00976676833965, "CPU%": 7.730464472073697, "MainMem%": 14.003044140030442}, "workload2": {"Best shared with 100-100% MPS thread%": 78.86696264285352, "Random select collocation": 31.425999993764187, "stage1-shared 100-100% throughput of predicted pairs": 78.86696264285352, "_PCIe read bandwidth": 25.095406501628403, "_PCIe write bandwidth": 25.095406501628403, "_Long_Kernel": 14.485949969820938, "_ave_Kernel_Length": 16.0618929487449, "_long/short_Ratio": 16.0618929487449, "_avg_Thread": 14.485949969820938, "sm%": 5.056570381138992, "mem%": 78.86696264285352, "CPU%": 25.054519815698427, "MainMem%": 55.36069769646412}, "workload1+workload2": {"Best shared with 100-100% MPS thread%": 97.87672941119317, "Random select collocation": 44.39225662885691, "stage1-shared 100-100% throughput of predicted pairs": 97.87672941119317, "_PCIe read bandwidth": 32.929214921947086, "_PCIe write bandwidth": 32.929214921947086, "_Long_Kernel": 28.2621409612018, "_ave_Kernel_Length": 29.975811057793138, "_long/short_Ratio": 29.975811057793138, "_avg_Thread": 28.2621409612018, "sm%": 19.553173925596507, "mem%": 97.87672941119317, "CPU%": 32.784984287772126, "MainMem%": 69.36374183649457}}