{"workload1": {"Best shared with 100-100% MPS thread%": 11.38203404798116, "Random select collocation": 17.656655744266068, "stage1-shared 100-100% throughput of predicted pairs": 23.56271277206136, "_PCIe read bandwidth": 11.862646213136223, "_PCIe write bandwidth": 11.38203404798116, "_Long_Kernel": 25.095406501628403, "_ave_Kernel_Length": 23.56271277206136, "_long/short_Ratio": 17.656191857108027, "_avg_Thread": 25.095406501628403, "sm%": 11.862646213136223, "mem%": 23.56271277206136, "CPU%": 16.548157724628314, "MainMem%": 11.862646213136223}, "workload2": {"Best shared with 100-100% MPS thread%": 76.38854825787675, "Random select collocation": 30.121395432659632, "stage1-shared 100-100% throughput of predicted pairs": 22.808323862523025, "_PCIe read bandwidth": 23.108624144580133, "_PCIe write bandwidth": 76.38854825787675, "_Long_Kernel": 7.833808420318684, "_ave_Kernel_Length": 22.808323862523025, "_long/short_Ratio": 2.049959846147344, "_avg_Thread": 7.833808420318684, "sm%": 23.108624144580133, "mem%": 22.808323862523025, "CPU%": 60.86344806023814, "MainMem%": 23.108624144580133}, "workload1+workload2": {"Best shared with 100-100% MPS thread%": 87.77058230585791, "Random select collocation": 47.7780511769257, "stage1-shared 100-100% throughput of predicted pairs": 46.371036634584385, "_PCIe read bandwidth": 34.97127035771636, "_PCIe write bandwidth": 87.77058230585791, "_Long_Kernel": 32.929214921947086, "_ave_Kernel_Length": 46.371036634584385, "_long/short_Ratio": 19.706151703255372, "_avg_Thread": 32.929214921947086, "sm%": 34.97127035771636, "mem%": 46.371036634584385, "CPU%": 77.41160578486645, "MainMem%": 34.97127035771636}}