{"workload1": {"Best shared with 100-100% MPS thread%": 28.055331347936207, "Random select collocation": 20.93870962181316, "stage1-shared 100-100% throughput of predicted pairs": 28.055331347936207, "_PCIe read bandwidth": 18.22475608883376, "_PCIe write bandwidth": 18.22475608883376, "_Long_Kernel": 26.370516106206907, "_ave_Kernel_Length": 11.104234944275774, "_long/short_Ratio": 11.104234944275774, "_avg_Thread": 26.370516106206907, "sm%": 26.370516106206907, "mem%": 28.055331347936207, "CPU%": 18.22475608883376, "MainMem%": 18.22475608883376}, "workload2": {"Best shared with 100-100% MPS thread%": 15.52579629728432, "Random select collocation": 9.792742176500798, "stage1-shared 100-100% throughput of predicted pairs": 15.52579629728432, "_PCIe read bandwidth": 18.444237940079752, "_PCIe write bandwidth": 18.444237940079752, "_Long_Kernel": 2.2632245195442864, "_ave_Kernel_Length": 2.9377099490948373, "_long/short_Ratio": 2.9377099490948373, "_avg_Thread": 2.2632245195442864, "sm%": 2.2632245195442864, "mem%": 15.52579629728432, "CPU%": 18.444237940079752, "MainMem%": 18.444237940079752}, "workload1+workload2": {"Best shared with 100-100% MPS thread%": 43.581127645220526, "Random select collocation": 30.731451798313962, "stage1-shared 100-100% throughput of predicted pairs": 43.581127645220526, "_PCIe read bandwidth": 36.66899402891352, "_PCIe write bandwidth": 36.66899402891352, "_Long_Kernel": 28.633740625751194, "_ave_Kernel_Length": 14.041944893370612, "_long/short_Ratio": 14.041944893370612, "_avg_Thread": 28.633740625751194, "sm%": 28.633740625751194, "mem%": 43.581127645220526, "CPU%": 36.66899402891352, "MainMem%": 36.66899402891352}}