{"workload1": {"Best shared with 100-100% MPS thread%": 75.46194598785372, "Random select collocation": 54.74667157272381, "stage1-shared 100-100% throughput of predicted pairs": 75.46194598785372, "_PCIe read bandwidth": 13.794080827644848, "_PCIe write bandwidth": 13.794080827644848, "_Long_Kernel": 75.46194598785372, "_ave_Kernel_Length": 75.46194598785372, "_long/short_Ratio": 75.46194598785372, "_avg_Thread": 75.46194598785372, "sm%": 85.76883536495814, "mem%": 75.46194598785372, "CPU%": 13.794080827644848, "MainMem%": 49.52090223013653}, "workload2": {"Best shared with 100-100% MPS thread%": 52.875381312846, "Random select collocation": 43.28011118415529, "stage1-shared 100-100% throughput of predicted pairs": 52.875381312846, "_PCIe read bandwidth": 95.44626593806922, "_PCIe write bandwidth": 95.44626593806922, "_Long_Kernel": 52.875381312846, "_ave_Kernel_Length": 52.875381312846, "_long/short_Ratio": 52.875381312846, "_avg_Thread": 52.875381312846, "sm%": 7.033997655334115, "mem%": 52.875381312846, "CPU%": 95.44626593806922, "MainMem%": 54.79849231661351}, "workload1+workload2": {"Best shared with 100-100% MPS thread%": 128.3373273006997, "Random select collocation": 98.02678275687911, "stage1-shared 100-100% throughput of predicted pairs": 128.3373273006997, "_PCIe read bandwidth": 109.24034676571407, "_PCIe write bandwidth": 109.24034676571407, "_Long_Kernel": 128.3373273006997, "_ave_Kernel_Length": 128.3373273006997, "_long/short_Ratio": 128.3373273006997, "_avg_Thread": 128.3373273006997, "sm%": 92.80283302029225, "mem%": 128.3373273006997, "CPU%": 109.24034676571407, "MainMem%": 104.31939454675003}}