{"workload1": {"Best shared with 100-100% MPS thread%": 85.55836354979306, "Random select collocation": 57.15410566800363, "stage1-shared 100-100% throughput of predicted pairs": 40.41189042160482, "_PCIe read bandwidth": 42.5469911117587, "_PCIe write bandwidth": 40.41189042160482, "_Long_Kernel": 61.26891704041755, "_ave_Kernel_Length": 53.84845900278924, "_long/short_Ratio": 53.84845900278924, "_avg_Thread": 60.86344806023814, "sm%": 42.5469911117587, "mem%": 85.55836354979306, "CPU%": 55.580670489423966, "MainMem%": 42.5469911117587}, "workload2": {"Best shared with 100-100% MPS thread%": 65.43844508648831, "Random select collocation": 40.14956777976128, "stage1-shared 100-100% throughput of predicted pairs": 72.32534018607676, "_PCIe read bandwidth": 21.71277615937177, "_PCIe write bandwidth": 72.32534018607676, "_Long_Kernel": 5.9886643139771145, "_ave_Kernel_Length": 41.41184693342653, "_long/short_Ratio": 41.41184693342653, "_avg_Thread": 16.548157724628314, "sm%": 21.71277615937177, "mem%": 65.43844508648831, "CPU%": 57.621744054360136, "MainMem%": 21.71277615937177}, "workload1+workload2": {"Best shared with 100-100% MPS thread%": 150.99680863628137, "Random select collocation": 97.30367344776492, "stage1-shared 100-100% throughput of predicted pairs": 112.73723060768157, "_PCIe read bandwidth": 64.25976727113047, "_PCIe write bandwidth": 112.73723060768157, "_Long_Kernel": 67.25758135439466, "_ave_Kernel_Length": 95.26030593621577, "_long/short_Ratio": 95.26030593621577, "_avg_Thread": 77.41160578486645, "sm%": 64.25976727113047, "mem%": 150.99680863628137, "CPU%": 113.2024145437841, "MainMem%": 64.25976727113047}}