{"workload1": {"Best shared with 100-100% MPS thread%": 79.89192701653585, "Random select collocation": 72.79389313825712, "stage1-shared 100-100% throughput of predicted pairs": 79.89192701653585, "_PCIe read bandwidth": 65.43844508648831, "_PCIe write bandwidth": 65.43844508648831, "_Long_Kernel": 78.86696264285352, "_ave_Kernel_Length": 78.86696264285352, "_long/short_Ratio": 78.86696264285352, "_avg_Thread": 78.86696264285352, "sm%": 66.97823780715083, "mem%": 79.89192701653585, "CPU%": 65.43844508648831, "MainMem%": 66.97823780715083}, "workload2": {"Best shared with 100-100% MPS thread%": 80.02237467713012, "Random select collocation": 52.52867741539265, "stage1-shared 100-100% throughput of predicted pairs": 80.02237467713012, "_PCIe read bandwidth": 85.55836354979306, "_PCIe write bandwidth": 85.55836354979306, "_Long_Kernel": 19.00976676833965, "_ave_Kernel_Length": 19.00976676833965, "_long/short_Ratio": 19.00976676833965, "_avg_Thread": 19.00976676833965, "sm%": 25.52420466630779, "mem%": 80.02237467713012, "CPU%": 85.55836354979306, "MainMem%": 25.52420466630779}, "workload1+workload2": {"Best shared with 100-100% MPS thread%": 159.91430169366595, "Random select collocation": 125.32257055364977, "stage1-shared 100-100% throughput of predicted pairs": 159.91430169366595, "_PCIe read bandwidth": 150.99680863628137, "_PCIe write bandwidth": 150.99680863628137, "_Long_Kernel": 97.87672941119317, "_ave_Kernel_Length": 97.87672941119317, "_long/short_Ratio": 97.87672941119317, "_avg_Thread": 97.87672941119317, "sm%": 92.50244247345861, "mem%": 159.91430169366595, "CPU%": 150.99680863628137, "MainMem%": 92.50244247345861}}