{"workload1": {"Best shared with 100-100% MPS thread%": 80.92285308483736, "Random select collocation": 65.8248377813391, "stage1-shared 100-100% throughput of predicted pairs": 80.92285308483736, "_PCIe read bandwidth": 80.92285308483736, "_PCIe write bandwidth": 80.92285308483736, "_Long_Kernel": 52.483767327956144, "_ave_Kernel_Length": 69.30105612910882, "_long/short_Ratio": 69.30105612910882, "_avg_Thread": 80.92285308483736, "sm%": 52.483767327956144, "mem%": 66.73332381088416, "CPU%": 52.483767327956144, "MainMem%": 69.30105612910882}, "workload2": {"Best shared with 100-100% MPS thread%": 80.82296944572394, "Random select collocation": 47.02631600142125, "stage1-shared 100-100% throughput of predicted pairs": 80.82296944572394, "_PCIe read bandwidth": 80.82296944572394, "_PCIe write bandwidth": 80.82296944572394, "_Long_Kernel": 27.516737301148577, "_ave_Kernel_Length": 22.196555014312256, "_long/short_Ratio": 22.196555014312256, "_avg_Thread": 80.82296944572394, "sm%": 27.516737301148577, "mem%": 44.81551032837639, "CPU%": 27.516737301148577, "MainMem%": 22.196555014312256}, "workload1+workload2": {"Best shared with 100-100% MPS thread%": 161.7458225305613, "Random select collocation": 112.85115378276036, "stage1-shared 100-100% throughput of predicted pairs": 161.7458225305613, "_PCIe read bandwidth": 161.7458225305613, "_PCIe write bandwidth": 161.7458225305613, "_Long_Kernel": 80.00050462910473, "_ave_Kernel_Length": 91.49761114342107, "_long/short_Ratio": 91.49761114342107, "_avg_Thread": 161.7458225305613, "sm%": 80.00050462910473, "mem%": 111.54883413926055, "CPU%": 80.00050462910473, "MainMem%": 91.49761114342107}}