{"workload1": {"Best shared with 100-100% MPS thread%": 3.700801045380914, "Random select collocation": 2.3228058201909736, "stage1-shared 100-100% throughput of predicted pairs": 0.9448105950010336, "_PCIe read bandwidth": 0.9448105950010336, "_PCIe write bandwidth": 0.9448105950010336, "_Long_Kernel": 3.700801045380914, "_ave_Kernel_Length": 3.700801045380914, "_long/short_Ratio": 3.700801045380914, "_avg_Thread": 3.700801045380914, "sm%": 3.700801045380914, "mem%": 0.9448105950010336, "CPU%": 0.9448105950010336, "MainMem%": 3.700801045380914}, "workload2": {"Best shared with 100-100% MPS thread%": 4.90239666139081, "Random select collocation": 4.213312868140339, "stage1-shared 100-100% throughput of predicted pairs": 3.524229074889868, "_PCIe read bandwidth": 3.524229074889868, "_PCIe write bandwidth": 3.524229074889868, "_Long_Kernel": 4.90239666139081, "_ave_Kernel_Length": 4.90239666139081, "_long/short_Ratio": 4.90239666139081, "_avg_Thread": 4.90239666139081, "sm%": 4.90239666139081, "mem%": 3.524229074889868, "CPU%": 3.524229074889868, "MainMem%": 4.90239666139081}, "workload1+workload2": {"Best shared with 100-100% MPS thread%": 8.603197706771724, "Random select collocation": 6.536118688331312, "stage1-shared 100-100% throughput of predicted pairs": 4.469039669890901, "_PCIe read bandwidth": 4.469039669890901, "_PCIe write bandwidth": 4.469039669890901, "_Long_Kernel": 8.603197706771724, "_ave_Kernel_Length": 8.603197706771724, "_long/short_Ratio": 8.603197706771724, "_avg_Thread": 8.603197706771724, "sm%": 8.603197706771724, "mem%": 4.469039669890901, "CPU%": 4.469039669890901, "MainMem%": 8.603197706771724}}