{"workload1": {"Best shared with 100-100% MPS thread%": 44.81551032837639, "Random select collocation": 29.00023391710937, "stage1-shared 100-100% throughput of predicted pairs": 44.81551032837639, "_PCIe read bandwidth": 14.920679292752814, "_PCIe write bandwidth": 14.920679292752814, "_Long_Kernel": 47.05317488896891, "_ave_Kernel_Length": 47.05317488896891, "_long/short_Ratio": 47.05317488896891, "_avg_Thread": 47.05317488896891, "sm%": 15.52579629728432, "mem%": 47.05317488896891, "CPU%": 15.52579629728432, "MainMem%": 35.52348574203844}, "workload2": {"Best shared with 100-100% MPS thread%": 66.73332381088416, "Random select collocation": 48.62981383840684, "stage1-shared 100-100% throughput of predicted pairs": 66.73332381088416, "_PCIe read bandwidth": 88.95150695885611, "_PCIe write bandwidth": 88.95150695885611, "_Long_Kernel": 45.66781357522677, "_ave_Kernel_Length": 45.66781357522677, "_long/short_Ratio": 45.66781357522677, "_avg_Thread": 45.66781357522677, "sm%": 28.055331347936207, "mem%": 45.66781357522677, "CPU%": 28.055331347936207, "MainMem%": 48.57356732928554}, "workload1+workload2": {"Best shared with 100-100% MPS thread%": 111.54883413926055, "Random select collocation": 77.63004775551622, "stage1-shared 100-100% throughput of predicted pairs": 111.54883413926055, "_PCIe read bandwidth": 103.87218625160892, "_PCIe write bandwidth": 103.87218625160892, "_Long_Kernel": 92.72098846419568, "_ave_Kernel_Length": 92.72098846419568, "_long/short_Ratio": 92.72098846419568, "_avg_Thread": 92.72098846419568, "sm%": 43.581127645220526, "mem%": 92.72098846419568, "CPU%": 43.581127645220526, "MainMem%": 84.09705307132398}}