{"workload1": {"Best shared with 100-100% MPS thread%": 3.108606955508063, "Random select collocation": 3.080983617214002, "stage1-shared 100-100% throughput of predicted pairs": 3.108606955508063, "_PCIe read bandwidth": 3.108606955508063, "_PCIe write bandwidth": 3.108606955508063, "_Long_Kernel": 3.524229074889868, "_ave_Kernel_Length": 3.693033998756298, "_long/short_Ratio": 3.693033998756298, "_avg_Thread": 3.693033998756298, "sm%": 2.9377099490948373, "mem%": 3.524229074889868, "CPU%": 2.9377099490948373, "MainMem%": 3.693033998756298}, "workload2": {"Best shared with 100-100% MPS thread%": 43.00639756984397, "Random select collocation": 12.2657119529791, "stage1-shared 100-100% throughput of predicted pairs": 43.00639756984397, "_PCIe read bandwidth": 43.00639756984397, "_PCIe write bandwidth": 43.00639756984397, "_Long_Kernel": 0.9448105950010336, "_ave_Kernel_Length": 3.8838592978200177, "_long/short_Ratio": 3.8838592978200177, "_avg_Thread": 3.8838592978200177, "sm%": 11.104234944275774, "mem%": 0.9448105950010336, "CPU%": 11.104234944275774, "MainMem%": 3.8838592978200177}, "workload1+workload2": {"Best shared with 100-100% MPS thread%": 46.115004525352035, "Random select collocation": 15.346695570193102, "stage1-shared 100-100% throughput of predicted pairs": 46.115004525352035, "_PCIe read bandwidth": 46.115004525352035, "_PCIe write bandwidth": 46.115004525352035, "_Long_Kernel": 4.469039669890901, "_ave_Kernel_Length": 7.576893296576316, "_long/short_Ratio": 7.576893296576316, "_avg_Thread": 7.576893296576316, "sm%": 14.041944893370612, "mem%": 4.469039669890901, "CPU%": 14.041944893370612, "MainMem%": 7.576893296576316}}