{"workload1": {"Best shared with 100-100% MPS thread%": 1.5092631022903067, "Random select collocation": 1.7174705174812266, "stage1-shared 100-100% throughput of predicted pairs": 1.5092631022903067, "_PCIe read bandwidth": 1.4333245495001836, "_PCIe write bandwidth": 1.5092631022903067, "_Long_Kernel": 2.049959846147344, "_ave_Kernel_Length": 1.8773345719870715, "_long/short_Ratio": 1.8773345719870715, "_avg_Thread": 2.049959846147344, "sm%": 1.4333245495001836, "mem%": 1.8773345719870715, "CPU%": 1.4333245495001836, "MainMem%": 1.4333245495001836}, "workload2": {"Best shared with 100-100% MPS thread%": 83.40771949869675, "Random select collocation": 31.334109682378934, "stage1-shared 100-100% throughput of predicted pairs": 83.40771949869675, "_PCIe read bandwidth": 22.384642157132127, "_PCIe write bandwidth": 83.40771949869675, "_Long_Kernel": 17.656191857108027, "_ave_Kernel_Length": 1.887885216578832, "_long/short_Ratio": 1.887885216578832, "_avg_Thread": 17.656191857108027, "sm%": 22.384642157132127, "mem%": 1.887885216578832, "CPU%": 22.384642157132127, "MainMem%": 22.384642157132127}, "workload1+workload2": {"Best shared with 100-100% MPS thread%": 84.91698260098705, "Random select collocation": 33.051580199860155, "stage1-shared 100-100% throughput of predicted pairs": 84.91698260098705, "_PCIe read bandwidth": 23.817966706632312, "_PCIe write bandwidth": 84.91698260098705, "_Long_Kernel": 19.706151703255372, "_ave_Kernel_Length": 3.7652197885659033, "_long/short_Ratio": 3.7652197885659033, "_avg_Thread": 19.706151703255372, "sm%": 23.817966706632312, "mem%": 3.7652197885659033, "CPU%": 23.817966706632312, "MainMem%": 23.817966706632312}}