mse,r2
0.48072593239924666,0.3849113101116517
