mse,r2
0.13947208166141845,0.8575604272394024
