mse,r2
0.16860575394730618,0.8193509779136006
