{"workload1": {"Best shared with 100-100% MPS thread%": 5.135074793480688, "Random select collocation": 10.269902178666852, "stage1-shared 100-100% throughput of predicted pairs": 19.00976676833965, "_Threads": 21.2018567306486, "_Compute (SM) Throughput": 19.834622849698228, "_DRAM Throughput": 21.2018567306486, "_Memory Throughput": 21.2018567306486, "_Registers": 21.2018567306486, "_Static Shared Memory": 7.229508506974016, "exclusive_throughput": 6.373776462554064, "sm%": 5.127782508767592, "mem%": 21.2018567306486, "memcap": 14.003044140030442}, "workload2": {"Best shared with 100-100% MPS thread%": 94.45635032954593, "Random select collocation": 35.84294976915717, "stage1-shared 100-100% throughput of predicted pairs": 78.86696264285352, "_Threads": 49.6261046906866, "_Compute (SM) Throughput": 70.7450030284676, "_DRAM Throughput": 49.6261046906866, "_Memory Throughput": 49.6261046906866, "_Registers": 49.6261046906866, "_Static Shared Memory": 9.824657160401172, "exclusive_throughput": 62.271797135176335, "sm%": 28.53008448863371, "mem%": 49.6261046906866, "memcap": 55.36069769646412}, "workload1+workload2": {"Best shared with 100-100% MPS thread%": 99.59142512302661, "Random select collocation": 46.11285194782402, "stage1-shared 100-100% throughput of predicted pairs": 97.87672941119317, "_Threads": 70.8279614213352, "_Compute (SM) Throughput": 90.57962587816581, "_DRAM Throughput": 70.8279614213352, "_Memory Throughput": 70.8279614213352, "_Registers": 70.8279614213352, "_Static Shared Memory": 17.054165667375187, "exclusive_throughput": 68.6455735977304, "sm%": 33.65786699740131, "mem%": 70.8279614213352, "memcap": 69.36374183649457}}