mse,r2
0.2114157090933587,0.7675488081688232
