mse,r2
0.10563609161528836,0.8909562925261539
