mse,r2
0.35355532982201887,0.6256472978355094
