mse,r2
0.11552069660325748,0.8787032685665797
