{"workload1": {"Best shared with 100-100% MPS thread%": 68.61708377393961, "Random select collocation": 46.25911013306757, "stage1-shared 100-100% throughput of predicted pairs": 23.843547135916385, "_Threads": 75.46194598785372, "_Compute (SM) Throughput": 71.39364303178485, "_DRAM Throughput": 75.46194598785372, "_Memory Throughput": 75.46194598785372, "_Registers": 75.46194598785372, "_Static Shared Memory": 75.46194598785372, "exclusive_throughput": 21.73832123580868, "sm%": 85.76883536495814, "mem%": 75.46194598785372, "memcap": 49.52090223013653}, "workload2": {"Best shared with 100-100% MPS thread%": 79.56139232436567, "Random select collocation": 49.88441303815829, "stage1-shared 100-100% throughput of predicted pairs": 84.82278097546198, "_Threads": 52.875381312846, "_Compute (SM) Throughput": 72.20216606498194, "_DRAM Throughput": 52.875381312846, "_Memory Throughput": 52.875381312846, "_Registers": 52.875381312846, "_Static Shared Memory": 52.875381312846, "exclusive_throughput": 62.09865217698116, "sm%": 7.033997655334115, "mem%": 52.875381312846, "memcap": 54.79849231661351}, "workload1+workload2": {"Best shared with 100-100% MPS thread%": 148.17847609830528, "Random select collocation": 96.14352317122585, "stage1-shared 100-100% throughput of predicted pairs": 108.66632811137836, "_Threads": 128.3373273006997, "_Compute (SM) Throughput": 143.5958090967668, "_DRAM Throughput": 128.3373273006997, "_Memory Throughput": 128.3373273006997, "_Registers": 128.3373273006997, "_Static Shared Memory": 128.3373273006997, "exclusive_throughput": 83.83697341278985, "sm%": 92.80283302029225, "mem%": 128.3373273006997, "memcap": 104.31939454675003}}