{"workload1": {"Best shared with 100-100% MPS thread%": 6.143275740123269, "Random select collocation": 8.5307650932963, "stage1-shared 100-100% throughput of predicted pairs": 6.143275740123269, "_Threads": 9.824657160401172, "_Compute (SM) Throughput": 6.143275740123269, "_DRAM Throughput": 9.53658173148562, "_Memory Throughput": 9.358288770053475, "_Registers": 9.824657160401172, "_Static Shared Memory": 9.53658173148562, "exclusive_throughput": 6.143275740123269, "sm%": 7.791022064417955, "mem%": 9.358288770053475, "memcap": 6.143275740123269}, "workload2": {"Best shared with 100-100% MPS thread%": 57.9242967132425, "Random select collocation": 31.25184682533964, "stage1-shared 100-100% throughput of predicted pairs": 57.9242967132425, "_Threads": 7.229508506974016, "_Compute (SM) Throughput": 57.9242967132425, "_DRAM Throughput": 49.89640515197471, "_Memory Throughput": 28.973963259819783, "_Registers": 7.229508506974016, "_Static Shared Memory": 49.89640515197471, "exclusive_throughput": 57.9242967132425, "sm%": 12.235060494687197, "mem%": 28.973963259819783, "memcap": 57.9242967132425}, "workload1+workload2": {"Best shared with 100-100% MPS thread%": 64.06757245336577, "Random select collocation": 39.78261191863594, "stage1-shared 100-100% throughput of predicted pairs": 64.06757245336577, "_Threads": 17.054165667375187, "_Compute (SM) Throughput": 64.06757245336577, "_DRAM Throughput": 59.43298688346033, "_Memory Throughput": 38.33225202987326, "_Registers": 17.054165667375187, "_Static Shared Memory": 59.43298688346033, "exclusive_throughput": 64.06757245336577, "sm%": 20.026082559105152, "mem%": 38.33225202987326, "memcap": 64.06757245336577}}