mse,r2
0.19243218198840673,0.7901081224843842
