mse,r2
0.15334626164151022,0.8376333700266363
