mse,r2
0.08954741040559007,0.9085473255432271
