{"workload1": {"Best shared with 100-100% MPS thread%": 19.00976676833965, "Random select collocation": 11.794651360541534, "stage1-shared 100-100% throughput of predicted pairs": 7.892353473929357, "_Threads": 21.2018567306486, "_Compute (SM) Throughput": 19.834622849698228, "_DRAM Throughput": 21.2018567306486, "_Memory Throughput": 21.2018567306486, "_Registers": 21.2018567306486, "_Static Shared Memory": 4.197695002352801, "exclusive_throughput": 7.892353473929357, "sm%": 14.496603544457516, "mem%": 21.2018567306486, "memcap": 14.003044140030442}, "workload2": {"Best shared with 100-100% MPS thread%": 78.86696264285352, "Random select collocation": 34.304593763199236, "stage1-shared 100-100% throughput of predicted pairs": 84.77282624473798, "_Threads": 49.6261046906866, "_Compute (SM) Throughput": 70.7450030284676, "_DRAM Throughput": 49.6261046906866, "_Memory Throughput": 49.6261046906866, "_Registers": 49.6261046906866, "_Static Shared Memory": 3.714731591494414, "exclusive_throughput": 84.77282624473798, "sm%": 5.056570381138992, "mem%": 49.6261046906866, "memcap": 55.36069769646412}, "workload1+workload2": {"Best shared with 100-100% MPS thread%": 97.87672941119317, "Random select collocation": 46.09924512374078, "stage1-shared 100-100% throughput of predicted pairs": 92.66517971866735, "_Threads": 70.8279614213352, "_Compute (SM) Throughput": 90.57962587816581, "_DRAM Throughput": 70.8279614213352, "_Memory Throughput": 70.8279614213352, "_Registers": 70.8279614213352, "_Static Shared Memory": 7.912426593847215, "exclusive_throughput": 92.66517971866735, "sm%": 19.553173925596507, "mem%": 70.8279614213352, "memcap": 69.36374183649457}}