{"workload1": {"Best shared with 100-100% MPS thread%": 68.61708377393961, "Random select collocation": 42.39114118753359, "stage1-shared 100-100% throughput of predicted pairs": 23.843547135916385, "_Threads": 85.76883536495814, "_Compute (SM) Throughput": 49.52090223013653, "_DRAM Throughput": 49.52090223013653, "_Memory Throughput": 49.52090223013653, "_Registers": 85.76883536495814, "_Static Shared Memory": 85.76883536495814, "exclusive_throughput": 23.843547135916385, "sm%": 85.76883536495814, "mem%": 68.61708377393961, "memcap": 49.52090223013653}, "workload2": {"Best shared with 100-100% MPS thread%": 79.56139232436567, "Random select collocation": 41.94814567705402, "stage1-shared 100-100% throughput of predicted pairs": 84.82278097546198, "_Threads": 7.033997655334115, "_Compute (SM) Throughput": 54.79849231661351, "_DRAM Throughput": 54.79849231661351, "_Memory Throughput": 54.79849231661351, "_Registers": 7.033997655334115, "_Static Shared Memory": 7.033997655334115, "exclusive_throughput": 84.82278097546198, "sm%": 7.033997655334115, "mem%": 79.56139232436567, "memcap": 54.79849231661351}, "workload1+workload2": {"Best shared with 100-100% MPS thread%": 148.17847609830528, "Random select collocation": 84.3392868645876, "stage1-shared 100-100% throughput of predicted pairs": 108.66632811137836, "_Threads": 92.80283302029225, "_Compute (SM) Throughput": 104.31939454675003, "_DRAM Throughput": 104.31939454675003, "_Memory Throughput": 104.31939454675003, "_Registers": 92.80283302029225, "_Static Shared Memory": 92.80283302029225, "exclusive_throughput": 108.66632811137836, "sm%": 92.80283302029225, "mem%": 148.17847609830528, "memcap": 104.31939454675003}}