{"workload1": {"Best shared with 100-100% MPS thread%": 56.28430791433652, "Random select collocation": 42.54704294455893, "stage1-shared 100-100% throughput of predicted pairs": 41.41184693342653, "_Threads": 59.77980791754509, "_Compute (SM) Throughput": 59.77980791754509, "_DRAM Throughput": 59.77980791754509, "_Memory Throughput": 59.77980791754509, "_Registers": 59.77980791754509, "_Static Shared Memory": 22.861831112831894, "exclusive_throughput": 41.41184693342653, "sm%": 31.13131853436748, "mem%": 56.28430791433652, "memcap": 55.35159559446485}, "workload2": {"Best shared with 100-100% MPS thread%": 64.34995799071665, "Random select collocation": 28.824189229634765, "stage1-shared 100-100% throughput of predicted pairs": 53.84845900278924, "_Threads": 59.68318855390904, "_Compute (SM) Throughput": 59.68318855390904, "_DRAM Throughput": 59.68318855390904, "_Memory Throughput": 59.68318855390904, "_Registers": 59.68318855390904, "_Static Shared Memory": 3.044093697204, "exclusive_throughput": 53.84845900278924, "sm%": 21.13183382694309, "mem%": 64.34995799071665, "memcap": 29.918032786885245}, "workload1+workload2": {"Best shared with 100-100% MPS thread%": 120.63426590505317, "Random select collocation": 71.3712321741937, "stage1-shared 100-100% throughput of predicted pairs": 95.26030593621577, "_Threads": 119.46299647145413, "_Compute (SM) Throughput": 119.46299647145413, "_DRAM Throughput": 119.46299647145413, "_Memory Throughput": 119.46299647145413, "_Registers": 119.46299647145413, "_Static Shared Memory": 25.905924810035895, "exclusive_throughput": 95.26030593621577, "sm%": 52.263152361310574, "mem%": 120.63426590505317, "memcap": 85.26962838135009}}