mse,r2
0.1572861040107857,0.8195449928674391
