mse,r2
0.12515581257007716,0.872568627201376
