mse,r2
0.38888942369125756,0.5895056083258947
