mse,r2
0.05286229869507115,0.9449351055259676
