mse,r2
0.15802335762974715,0.8070169504916064
