mse,r2
0.09955943013324589,0.8964581926614243
