mse,r2
0.17207042121274885,0.8210467619387412
