mse,r2
0.4921737701200833,0.4975726096690817
