mse,r2
0.2549812793250276,0.6940224648099668
