mse,r2
0.15757965529515044,0.8179318366166994
