{"workload1": {"Best shared with 100-100% MPS thread%": 61.9341154636442, "stage1-shared 100-100% throughput of predicted pairs": 61.9341154636442}, "workload2": {"Best shared with 100-100% MPS thread%": 8.31286604949934, "stage1-shared 100-100% throughput of predicted pairs": 8.31286604949934}, "workload1+workload2": {"Best shared with 100-100% MPS thread%": 70.24698151314354, "stage1-shared 100-100% throughput of predicted pairs": 70.24698151314354}}