mse,r2
0.08560591850784197,0.9112234919177935
