{"workload1": {"Best shared with 100-100% MPS thread%": 41.31169170922575, "Random select collocation": 55.32169011408197, "stage1-shared 100-100% throughput of predicted pairs": 64.92022848138664, "_Threads": 64.92022848138664, "_Compute (SM) Throughput": 41.31169170922575, "_DRAM Throughput": 64.92022848138664, "_Memory Throughput": 64.92022848138664, "_Registers": 64.92022848138664, "_Static Shared Memory": 64.92022848138664, "exclusive_throughput": 41.31169170922575, "sm%": 51.61862527716186, "mem%": 64.92022848138664, "memcap": 51.14776398571672}, "workload2": {"Best shared with 100-100% MPS thread%": 54.48460040350325, "Random select collocation": 25.565033121901806, "stage1-shared 100-100% throughput of predicted pairs": 24.36175538127816, "_Threads": 24.36175538127816, "_Compute (SM) Throughput": 54.48460040350325, "_DRAM Throughput": 24.36175538127816, "_Memory Throughput": 24.36175538127816, "_Registers": 24.36175538127816, "_Static Shared Memory": 24.36175538127816, "exclusive_throughput": 54.48460040350325, "sm%": 12.538516488788904, "mem%": 24.36175538127816, "memcap": 40.54640445732734}, "workload1+workload2": {"Best shared with 100-100% MPS thread%": 95.79629211272899, "Random select collocation": 80.88672323598377, "stage1-shared 100-100% throughput of predicted pairs": 89.2819838626648, "_Threads": 89.2819838626648, "_Compute (SM) Throughput": 95.79629211272899, "_DRAM Throughput": 89.2819838626648, "_Memory Throughput": 89.2819838626648, "_Registers": 89.2819838626648, "_Static Shared Memory": 89.2819838626648, "exclusive_throughput": 95.79629211272899, "sm%": 64.15714176595077, "mem%": 89.2819838626648, "memcap": 91.69416844304406}}