mse,r2
0.2592283021506014,0.6840642195399997
