mse,r2
0.16319207885550957,0.8164089112875517
