mse,r2
0.148365245310022,0.8477304061291879
