{"workload1": {"Best shared with 100-100% MPS thread%": 96.51496684363832, "Random select collocation": 79.13852177126462, "stage1-shared 100-100% throughput of predicted pairs": 96.51496684363832, "_PCIe read bandwidth": 61.84720880051893, "_PCIe write bandwidth": 61.84720880051893, "_Long_Kernel": 101.56742537881256, "_ave_Kernel_Length": 101.56742537881256, "_long/short_Ratio": 101.56742537881256, "_avg_Thread": 101.56742537881256, "sm%": 87.77829967120714, "mem%": 101.56742537881256, "CPU%": 72.32534018607676, "MainMem%": 95.44626593806922}, "workload2": {"Best shared with 100-100% MPS thread%": 38.74561084877104, "Random select collocation": 15.438603259720303, "stage1-shared 100-100% throughput of predicted pairs": 38.74561084877104, "_PCIe read bandwidth": 16.663697531963876, "_PCIe write bandwidth": 16.663697531963876, "_Long_Kernel": 20.798668885191347, "_ave_Kernel_Length": 20.798668885191347, "_long/short_Ratio": 20.798668885191347, "_avg_Thread": 20.798668885191347, "sm%": 2.062128222075347, "mem%": 20.798668885191347, "CPU%": 40.41189042160482, "MainMem%": 13.794080827644848}, "workload1+workload2": {"Best shared with 100-100% MPS thread%": 135.26057769240936, "Random select collocation": 94.5771250309849, "stage1-shared 100-100% throughput of predicted pairs": 135.26057769240936, "_PCIe read bandwidth": 78.5109063324828, "_PCIe write bandwidth": 78.5109063324828, "_Long_Kernel": 122.3660942640039, "_ave_Kernel_Length": 122.3660942640039, "_long/short_Ratio": 122.3660942640039, "_avg_Thread": 122.3660942640039, "sm%": 89.84042789328248, "mem%": 122.3660942640039, "CPU%": 112.73723060768157, "MainMem%": 109.24034676571407}}