{"workload1": {"Best shared with 100-100% MPS thread%": 11.38203404798116, "Random select collocation": 17.61896350948242, "stage1-shared 100-100% throughput of predicted pairs": 11.38203404798116, "_PCIe read bandwidth": 11.862646213136223, "_PCIe write bandwidth": 11.38203404798116, "_Long_Kernel": 15.27358509426041, "_ave_Kernel_Length": 23.56271277206136, "_long/short_Ratio": 17.656191857108027, "_avg_Thread": 27.95779788104665, "sm%": 21.98371363623284, "mem%": 23.56271277206136, "CPU%": 16.548157724628314, "MainMem%": 11.862646213136223}, "workload2": {"Best shared with 100-100% MPS thread%": 76.38854825787675, "Random select collocation": 29.17732266403353, "stage1-shared 100-100% throughput of predicted pairs": 76.38854825787675, "_PCIe read bandwidth": 23.108624144580133, "_PCIe write bandwidth": 76.38854825787675, "_Long_Kernel": 6.393180607352158, "_ave_Kernel_Length": 22.808323862523025, "_long/short_Ratio": 2.049959846147344, "_avg_Thread": 55.69463319266624, "sm%": 3.2144444824402423, "mem%": 22.808323862523025, "CPU%": 60.86344806023814, "MainMem%": 23.108624144580133}, "workload1+workload2": {"Best shared with 100-100% MPS thread%": 87.77058230585791, "Random select collocation": 46.79628617351595, "stage1-shared 100-100% throughput of predicted pairs": 87.77058230585791, "_PCIe read bandwidth": 34.97127035771636, "_PCIe write bandwidth": 87.77058230585791, "_Long_Kernel": 21.66676570161257, "_ave_Kernel_Length": 46.371036634584385, "_long/short_Ratio": 19.706151703255372, "_avg_Thread": 83.65243107371289, "sm%": 25.19815811867308, "mem%": 46.371036634584385, "CPU%": 77.41160578486645, "MainMem%": 34.97127035771636}}