{"workload1": {"Best shared with 100-100% MPS thread%": 6.143275740123269, "Random select collocation": 8.501504877336687, "stage1-shared 100-100% throughput of predicted pairs": 6.143275740123269, "_PCIe read bandwidth": 6.143275740123269, "_PCIe write bandwidth": 6.143275740123269, "_Long_Kernel": 9.824657160401172, "_ave_Kernel_Length": 9.824657160401172, "_long/short_Ratio": 9.824657160401172, "_avg_Thread": 9.824657160401172, "sm%": 9.824657160401172, "mem%": 9.53658173148562, "CPU%": 6.143275740123269, "MainMem%": 9.824657160401172}, "workload2": {"Best shared with 100-100% MPS thread%": 57.9242967132425, "Random select collocation": 38.35007012406374, "stage1-shared 100-100% throughput of predicted pairs": 57.9242967132425, "_PCIe read bandwidth": 57.9242967132425, "_PCIe write bandwidth": 57.9242967132425, "_Long_Kernel": 7.229508506974016, "_ave_Kernel_Length": 7.229508506974016, "_long/short_Ratio": 7.229508506974016, "_avg_Thread": 7.229508506974016, "sm%": 7.229508506974016, "mem%": 49.89640515197471, "CPU%": 57.9242967132425, "MainMem%": 7.229508506974016}, "workload1+workload2": {"Best shared with 100-100% MPS thread%": 64.06757245336577, "Random select collocation": 46.85157500140043, "stage1-shared 100-100% throughput of predicted pairs": 64.06757245336577, "_PCIe read bandwidth": 64.06757245336577, "_PCIe write bandwidth": 64.06757245336577, "_Long_Kernel": 17.054165667375187, "_ave_Kernel_Length": 17.054165667375187, "_long/short_Ratio": 17.054165667375187, "_avg_Thread": 17.054165667375187, "sm%": 17.054165667375187, "mem%": 59.43298688346033, "CPU%": 64.06757245336577, "MainMem%": 17.054165667375187}}