mse,r2
0.6101085474757395,0.3172935085974934
