{"workload1": {"Best shared with 100-100% MPS thread%": 7.791022064417955, "Random select collocation": 8.70339999766329, "stage1-shared 100-100% throughput of predicted pairs": 7.791022064417955, "_Threads": 9.615777930908624, "_Compute (SM) Throughput": 9.615777930908624, "_DRAM Throughput": 9.615777930908624, "_Memory Throughput": 9.615777930908624, "_Registers": 9.615777930908624, "_Static Shared Memory": 7.791022064417955, "exclusive_throughput": 7.791022064417955, "sm%": 7.791022064417955, "mem%": 9.615777930908624, "memcap": 9.615777930908624}, "workload2": {"Best shared with 100-100% MPS thread%": 12.235060494687197, "Random select collocation": 8.997408112764246, "stage1-shared 100-100% throughput of predicted pairs": 12.235060494687197, "_Threads": 5.759755730841294, "_Compute (SM) Throughput": 5.759755730841294, "_DRAM Throughput": 5.759755730841294, "_Memory Throughput": 5.759755730841294, "_Registers": 5.759755730841294, "_Static Shared Memory": 12.235060494687197, "exclusive_throughput": 12.235060494687197, "sm%": 12.235060494687197, "mem%": 5.759755730841294, "memcap": 5.759755730841294}, "workload1+workload2": {"Best shared with 100-100% MPS thread%": 20.026082559105152, "Random select collocation": 17.700808110427538, "stage1-shared 100-100% throughput of predicted pairs": 20.026082559105152, "_Threads": 15.37553366174992, "_Compute (SM) Throughput": 15.37553366174992, "_DRAM Throughput": 15.37553366174992, "_Memory Throughput": 15.37553366174992, "_Registers": 15.37553366174992, "_Static Shared Memory": 20.026082559105152, "exclusive_throughput": 20.026082559105152, "sm%": 20.026082559105152, "mem%": 15.37553366174992, "memcap": 15.37553366174992}}