mse,r2
0.1764342864682908,0.7802287348789859
