mse,r2
0.1151334724402547,0.8760101066028027
