mse,r2
0.05946266830724957,0.93783448313333
