mse,r2
0.355093327391872,0.5941790544092891
