mse,r2
0.08836649693162468,0.9100268394878003
