mse,r2
0.061820801066115885,0.9337634274291615
