mse,r2
0.1766529864117269,0.8156664489616763
