mse,r2
0.17157714252014888,0.8169843813118413
