{"workload1": {"Best shared with 100-100% MPS thread%": 25.52420466630779, "Random select collocation": 18.405200942651387, "stage1-shared 100-100% throughput of predicted pairs": 12.097491549546344, "_Threads": 27.516737301148577, "_Compute (SM) Throughput": 27.516737301148577, "_DRAM Throughput": 27.516737301148577, "_Memory Throughput": 27.516737301148577, "_Registers": 27.516737301148577, "_Static Shared Memory": 12.235060494687197, "exclusive_throughput": 12.097491549546344, "sm%": 22.78488562822463, "mem%": 25.52420466630779, "memcap": 24.80782669461915}, "workload2": {"Best shared with 100-100% MPS thread%": 66.97823780715083, "Random select collocation": 24.100546816144835, "stage1-shared 100-100% throughput of predicted pairs": 73.45565460748706, "_Threads": 52.483767327956144, "_Compute (SM) Throughput": 52.483767327956144, "_DRAM Throughput": 52.483767327956144, "_Memory Throughput": 52.483767327956144, "_Registers": 52.483767327956144, "_Static Shared Memory": 7.791022064417955, "exclusive_throughput": 73.45565460748706, "sm%": 2.920463577383043, "mem%": 66.97823780715083, "memcap": 28.806787352636512}, "workload1+workload2": {"Best shared with 100-100% MPS thread%": 92.50244247345861, "Random select collocation": 42.50574775879622, "stage1-shared 100-100% throughput of predicted pairs": 85.55314615703341, "_Threads": 80.00050462910473, "_Compute (SM) Throughput": 80.00050462910473, "_DRAM Throughput": 80.00050462910473, "_Memory Throughput": 80.00050462910473, "_Registers": 80.00050462910473, "_Static Shared Memory": 20.026082559105152, "exclusive_throughput": 85.55314615703341, "sm%": 25.70534920560767, "mem%": 92.50244247345861, "memcap": 53.61461404725566}}