{"workload1": {"Best shared with 100-100% MPS thread%": 92.6984126984127, "Random select collocation": 76.14225231619088, "stage1-shared 100-100% throughput of predicted pairs": 54.48460040350325, "_Threads": 96.51496684363832, "_Compute (SM) Throughput": 96.51496684363832, "_DRAM Throughput": 96.51496684363832, "_Memory Throughput": 88.95150695885611, "_Registers": 96.51496684363832, "_Static Shared Memory": 57.9242967132425, "exclusive_throughput": 54.48460040350325, "sm%": 87.77829967120714, "mem%": 88.95150695885611, "memcap": 95.44626593806922}, "workload2": {"Best shared with 100-100% MPS thread%": 52.61810519682559, "Random select collocation": 17.746461912804705, "stage1-shared 100-100% throughput of predicted pairs": 41.31169170922575, "_Threads": 38.74561084877104, "_Compute (SM) Throughput": 38.74561084877104, "_DRAM Throughput": 38.74561084877104, "_Memory Throughput": 14.920679292752814, "_Registers": 38.74561084877104, "_Static Shared Memory": 6.143275740123269, "exclusive_throughput": 41.31169170922575, "sm%": 2.062128222075347, "mem%": 14.920679292752814, "memcap": 13.794080827644848}, "workload1+workload2": {"Best shared with 100-100% MPS thread%": 145.3165178952383, "Random select collocation": 93.88871422899558, "stage1-shared 100-100% throughput of predicted pairs": 95.79629211272899, "_Threads": 135.26057769240936, "_Compute (SM) Throughput": 135.26057769240936, "_DRAM Throughput": 135.26057769240936, "_Memory Throughput": 103.87218625160892, "_Registers": 135.26057769240936, "_Static Shared Memory": 64.06757245336577, "exclusive_throughput": 95.79629211272899, "sm%": 89.84042789328248, "mem%": 103.87218625160892, "memcap": 109.24034676571407}}