{"workload1": {"Best shared with 100-100% MPS thread%": 30.519055142383724, "Random select collocation": 24.509011719969205, "stage1-shared 100-100% throughput of predicted pairs": 28.799499139145404, "_Threads": 30.519055142383724, "_Compute (SM) Throughput": 30.519055142383724, "_DRAM Throughput": 30.519055142383724, "_Memory Throughput": 28.055331347936207, "_Registers": 30.519055142383724, "_Static Shared Memory": 11.104234944275774, "exclusive_throughput": 28.799499139145404, "sm%": 26.370516106206907, "mem%": 28.055331347936207, "memcap": 28.799499139145404}, "workload2": {"Best shared with 100-100% MPS thread%": 45.71160205858756, "Random select collocation": 13.222738674757535, "stage1-shared 100-100% throughput of predicted pairs": 21.35361439175107, "_Threads": 45.71160205858756, "_Compute (SM) Throughput": 45.71160205858756, "_DRAM Throughput": 45.71160205858756, "_Memory Throughput": 15.52579629728432, "_Registers": 45.71160205858756, "_Static Shared Memory": 2.9377099490948373, "exclusive_throughput": 21.35361439175107, "sm%": 2.2632245195442864, "mem%": 15.52579629728432, "memcap": 21.35361439175107}, "workload1+workload2": {"Best shared with 100-100% MPS thread%": 76.23065720097128, "Random select collocation": 37.731750394726745, "stage1-shared 100-100% throughput of predicted pairs": 50.153113530896476, "_Threads": 76.23065720097128, "_Compute (SM) Throughput": 76.23065720097128, "_DRAM Throughput": 76.23065720097128, "_Memory Throughput": 43.581127645220526, "_Registers": 76.23065720097128, "_Static Shared Memory": 14.041944893370612, "exclusive_throughput": 50.153113530896476, "sm%": 28.633740625751194, "mem%": 43.581127645220526, "memcap": 50.153113530896476}}