mse,r2
0.20170909721451147,0.780773150158347
