mse,r2
0.1694680283034808,0.8192341031429539
