mse,r2
0.07980141364550505,0.9187476515609403
