mse,r2
0.10436649551045098,0.8917680787299027
