{"workload1": {"Best shared with 100-100% MPS thread%": 31.03071335378539, "Random select collocation": 22.889976454716873, "stage1-shared 100-100% throughput of predicted pairs": 26.928355040004146, "_PCIe read bandwidth": 17.335072891258722, "_PCIe write bandwidth": 17.335072891258722, "_Long_Kernel": 31.03071335378539, "_ave_Kernel_Length": 31.03071335378539, "_long/short_Ratio": 22.384642157132127, "_avg_Thread": 31.03071335378539, "sm%": 17.335072891258722, "mem%": 31.03071335378539, "CPU%": 18.529241459177765, "MainMem%": 17.335072891258722}, "workload2": {"Best shared with 100-100% MPS thread%": 21.55379221258535, "Random select collocation": 17.254038162494336, "stage1-shared 100-100% throughput of predicted pairs": 14.876920324122594, "_PCIe read bandwidth": 17.449377691330405, "_PCIe write bandwidth": 17.449377691330405, "_Long_Kernel": 21.55379221258535, "_ave_Kernel_Length": 21.55379221258535, "_long/short_Ratio": 1.4333245495001836, "_avg_Thread": 21.55379221258535, "sm%": 17.449377691330405, "mem%": 21.55379221258535, "CPU%": 17.07949566306, "MainMem%": 17.449377691330405}, "workload1+workload2": {"Best shared with 100-100% MPS thread%": 52.58450556637074, "Random select collocation": 40.14401461721121, "stage1-shared 100-100% throughput of predicted pairs": 41.80527536412674, "_PCIe read bandwidth": 34.78445058258913, "_PCIe write bandwidth": 34.78445058258913, "_Long_Kernel": 52.58450556637074, "_ave_Kernel_Length": 52.58450556637074, "_long/short_Ratio": 23.817966706632312, "_avg_Thread": 52.58450556637074, "sm%": 34.78445058258913, "mem%": 52.58450556637074, "CPU%": 35.60873712223777, "MainMem%": 34.78445058258913}}