{"workload1": {"Best shared with 100-100% MPS thread%": 16.967408805729832, "Random select collocation": 19.741694080442063, "stage1-shared 100-100% throughput of predicted pairs": 18.106009718666986, "_PCIe read bandwidth": 22.78488562822463, "_PCIe write bandwidth": 22.78488562822463, "_Long_Kernel": 15.587181034176812, "_ave_Kernel_Length": 25.26298521541206, "_long/short_Ratio": 25.26298521541206, "_avg_Thread": 22.78488562822463, "sm%": 22.78488562822463, "mem%": 18.106009718666986, "CPU%": 16.967408805729832, "MainMem%": 25.26298521541206}, "workload2": {"Best shared with 100-100% MPS thread%": 17.223943891697928, "Random select collocation": 7.203383130765779, "stage1-shared 100-100% throughput of predicted pairs": 1.9338632074217816, "_PCIe read bandwidth": 2.920463577383043, "_PCIe write bandwidth": 2.920463577383043, "_Long_Kernel": 5.903306315146925, "_ave_Kernel_Length": 8.035338662179218, "_long/short_Ratio": 8.035338662179218, "_avg_Thread": 2.920463577383043, "sm%": 2.920463577383043, "mem%": 1.9338632074217816, "CPU%": 17.223943891697928, "MainMem%": 8.035338662179218}, "workload1+workload2": {"Best shared with 100-100% MPS thread%": 34.19135269742776, "Random select collocation": 26.945077211207842, "stage1-shared 100-100% throughput of predicted pairs": 20.03987292608877, "_PCIe read bandwidth": 25.70534920560767, "_PCIe write bandwidth": 25.70534920560767, "_Long_Kernel": 21.490487349323736, "_ave_Kernel_Length": 33.29832387759127, "_long/short_Ratio": 33.29832387759127, "_avg_Thread": 25.70534920560767, "sm%": 25.70534920560767, "mem%": 20.03987292608877, "CPU%": 34.19135269742776, "MainMem%": 33.29832387759127}}