{"workload1": {"Best shared with 100-100% MPS thread%": 72.32534018607676, "Random select collocation": 72.99421128520696, "stage1-shared 100-100% throughput of predicted pairs": 61.84720880051893, "_PCIe read bandwidth": 61.84720880051893, "_PCIe write bandwidth": 61.84720880051893, "_Long_Kernel": 88.95150695885611, "_ave_Kernel_Length": 43.00639756984397, "_long/short_Ratio": 43.00639756984397, "_avg_Thread": 95.44626593806922, "sm%": 61.84720880051893, "mem%": 88.95150695885611, "CPU%": 72.32534018607676, "MainMem%": 95.44626593806922}, "workload2": {"Best shared with 100-100% MPS thread%": 40.41189042160482, "Random select collocation": 16.713498179575932, "stage1-shared 100-100% throughput of predicted pairs": 16.663697531963876, "_PCIe read bandwidth": 16.663697531963876, "_PCIe write bandwidth": 16.663697531963876, "_Long_Kernel": 14.920679292752814, "_ave_Kernel_Length": 3.108606955508063, "_long/short_Ratio": 3.108606955508063, "_avg_Thread": 13.794080827644848, "sm%": 16.663697531963876, "mem%": 14.920679292752814, "CPU%": 40.41189042160482, "MainMem%": 13.794080827644848}, "workload1+workload2": {"Best shared with 100-100% MPS thread%": 112.73723060768157, "Random select collocation": 89.7077094647829, "stage1-shared 100-100% throughput of predicted pairs": 78.5109063324828, "_PCIe read bandwidth": 78.5109063324828, "_PCIe write bandwidth": 78.5109063324828, "_Long_Kernel": 103.87218625160892, "_ave_Kernel_Length": 46.115004525352035, "_long/short_Ratio": 46.115004525352035, "_avg_Thread": 109.24034676571407, "sm%": 78.5109063324828, "mem%": 103.87218625160892, "CPU%": 112.73723060768157, "MainMem%": 109.24034676571407}}