{"workload1": {"Best shared with 100-100% MPS thread%": 19.834622849698228, "Random select collocation": 11.691187753084717, "stage1-shared 100-100% throughput of predicted pairs": 19.834622849698228, "_PCIe read bandwidth": 19.834622849698228, "_PCIe write bandwidth": 19.834622849698228, "_Long_Kernel": 13.776190991380863, "_ave_Kernel_Length": 4.197695002352801, "_long/short_Ratio": 4.197695002352801, "_avg_Thread": 13.776190991380863, "sm%": 13.776190991380863, "mem%": 13.576580398812048, "CPU%": 4.197695002352801, "MainMem%": 13.776190991380863}, "workload2": {"Best shared with 100-100% MPS thread%": 70.7450030284676, "Random select collocation": 26.641269833900214, "stage1-shared 100-100% throughput of predicted pairs": 70.7450030284676, "_PCIe read bandwidth": 70.7450030284676, "_PCIe write bandwidth": 70.7450030284676, "_Long_Kernel": 14.485949969820938, "_ave_Kernel_Length": 3.714731591494414, "_long/short_Ratio": 3.714731591494414, "_avg_Thread": 14.485949969820938, "sm%": 14.485949969820938, "mem%": 36.025998142989785, "CPU%": 3.714731591494414, "MainMem%": 14.485949969820938}, "workload1+workload2": {"Best shared with 100-100% MPS thread%": 90.57962587816581, "Random select collocation": 38.33245758698493, "stage1-shared 100-100% throughput of predicted pairs": 90.57962587816581, "_PCIe read bandwidth": 90.57962587816581, "_PCIe write bandwidth": 90.57962587816581, "_Long_Kernel": 28.2621409612018, "_ave_Kernel_Length": 7.912426593847215, "_long/short_Ratio": 7.912426593847215, "_avg_Thread": 28.2621409612018, "sm%": 28.2621409612018, "mem%": 49.60257854180183, "CPU%": 7.912426593847215, "MainMem%": 28.2621409612018}}