{"workload1": {"Best shared with 100-100% MPS thread%": 16.663697531963876, "Random select collocation": 20.72576773871387, "stage1-shared 100-100% throughput of predicted pairs": 18.22475608883376, "_PCIe read bandwidth": 17.07949566306, "_PCIe write bandwidth": 16.663697531963876, "_Long_Kernel": 29.122782215310664, "_ave_Kernel_Length": 29.122782215310664, "_long/short_Ratio": 29.122782215310664, "_avg_Thread": 22.538107194401057, "sm%": 17.07949566306, "mem%": 22.538107194401057, "CPU%": 18.22475608883376, "MainMem%": 29.122782215310664}, "workload2": {"Best shared with 100-100% MPS thread%": 61.84720880051893, "Random select collocation": 21.33370110088601, "stage1-shared 100-100% throughput of predicted pairs": 18.444237940079752, "_PCIe read bandwidth": 18.529241459177765, "_PCIe write bandwidth": 61.84720880051893, "_Long_Kernel": 6.299368414109266, "_ave_Kernel_Length": 6.299368414109266, "_long/short_Ratio": 6.299368414109266, "_avg_Thread": 1.5484488905443516, "sm%": 18.529241459177765, "mem%": 1.5484488905443516, "CPU%": 18.444237940079752, "MainMem%": 6.299368414109266}, "workload1+workload2": {"Best shared with 100-100% MPS thread%": 78.5109063324828, "Random select collocation": 42.05946883959989, "stage1-shared 100-100% throughput of predicted pairs": 36.66899402891352, "_PCIe read bandwidth": 35.60873712223777, "_PCIe write bandwidth": 78.5109063324828, "_Long_Kernel": 35.42215062941993, "_ave_Kernel_Length": 35.42215062941993, "_long/short_Ratio": 35.42215062941993, "_avg_Thread": 24.086556084945407, "sm%": 35.60873712223777, "mem%": 24.086556084945407, "CPU%": 36.66899402891352, "MainMem%": 35.42215062941993}}