{"workload1": {"Best shared with 100-100% MPS thread%": 79.89192701653585, "Random select collocation": 76.73794740652095, "stage1-shared 100-100% throughput of predicted pairs": 76.87118482320615, "_PCIe read bandwidth": 79.89192701653585, "_PCIe write bandwidth": 79.89192701653585, "_Long_Kernel": 81.52278407998462, "_ave_Kernel_Length": 81.52278407998462, "_long/short_Ratio": 78.23043820431674, "_avg_Thread": 81.52278407998462, "sm%": 78.23043820431674, "mem%": 81.52278407998462, "CPU%": 78.23043820431674, "MainMem%": 79.56139232436567}, "workload2": {"Best shared with 100-100% MPS thread%": 80.02237467713012, "Random select collocation": 54.54852264811427, "stage1-shared 100-100% throughput of predicted pairs": 42.27573239522048, "_PCIe read bandwidth": 80.02237467713012, "_PCIe write bandwidth": 80.02237467713012, "_Long_Kernel": 58.77025259132535, "_ave_Kernel_Length": 58.77025259132535, "_long/short_Ratio": 21.32138453673353, "_avg_Thread": 58.77025259132535, "sm%": 21.32138453673353, "mem%": 58.77025259132535, "CPU%": 21.32138453673353, "MainMem%": 68.61708377393961}, "workload1+workload2": {"Best shared with 100-100% MPS thread%": 159.91430169366595, "Random select collocation": 131.2864700546352, "stage1-shared 100-100% throughput of predicted pairs": 119.14691721842664, "_PCIe read bandwidth": 159.91430169366595, "_PCIe write bandwidth": 159.91430169366595, "_Long_Kernel": 140.29303667130998, "_ave_Kernel_Length": 140.29303667130998, "_long/short_Ratio": 99.55182274105027, "_avg_Thread": 140.29303667130998, "sm%": 99.55182274105027, "mem%": 140.29303667130998, "CPU%": 99.55182274105027, "MainMem%": 148.17847609830528}}