{"workload1": {"Best shared with 100-100% MPS thread%": 80.92285308483736, "Random select collocation": 72.87771219662093, "stage1-shared 100-100% throughput of predicted pairs": 80.92285308483736, "_PCIe read bandwidth": 80.92285308483736, "_PCIe write bandwidth": 80.92285308483736, "_Long_Kernel": 77.98364212986147, "_ave_Kernel_Length": 77.98364212986147, "_long/short_Ratio": 69.30105612910882, "_avg_Thread": 77.98364212986147, "sm%": 65.43600661082944, "mem%": 77.98364212986147, "CPU%": 69.30105612910882, "MainMem%": 69.30105612910882}, "workload2": {"Best shared with 100-100% MPS thread%": 80.82296944572394, "Random select collocation": 38.06485120519231, "stage1-shared 100-100% throughput of predicted pairs": 80.82296944572394, "_PCIe read bandwidth": 80.82296944572394, "_PCIe write bandwidth": 80.82296944572394, "_Long_Kernel": 61.59628967231502, "_ave_Kernel_Length": 61.59628967231502, "_long/short_Ratio": 22.196555014312256, "_avg_Thread": 61.59628967231502, "sm%": 5.873819043912105, "mem%": 61.59628967231502, "CPU%": 22.196555014312256, "MainMem%": 22.196555014312256}, "workload1+workload2": {"Best shared with 100-100% MPS thread%": 161.7458225305613, "Random select collocation": 110.94256340181323, "stage1-shared 100-100% throughput of predicted pairs": 161.7458225305613, "_PCIe read bandwidth": 161.7458225305613, "_PCIe write bandwidth": 161.7458225305613, "_Long_Kernel": 139.57993180217647, "_ave_Kernel_Length": 139.57993180217647, "_long/short_Ratio": 91.49761114342107, "_avg_Thread": 139.57993180217647, "sm%": 71.30982565474154, "mem%": 139.57993180217647, "CPU%": 91.49761114342107, "MainMem%": 91.49761114342107}}