{"workload1": {"Best shared with 100-100% MPS thread%": 42.27573239522048, "Random select collocation": 26.795945160081953, "stage1-shared 100-100% throughput of predicted pairs": 14.920679292752814, "_PCIe read bandwidth": 14.876920324122594, "_PCIe write bandwidth": 14.920679292752814, "_Long_Kernel": 36.025998142989785, "_ave_Kernel_Length": 31.224851118622244, "_long/short_Ratio": 31.224851118622244, "_avg_Thread": 36.025998142989785, "sm%": 14.876920324122594, "mem%": 31.224851118622244, "CPU%": 21.4514896867838, "MainMem%": 14.876920324122594}, "workload2": {"Best shared with 100-100% MPS thread%": 76.87118482320615, "Random select collocation": 52.966805499748936, "stage1-shared 100-100% throughput of predicted pairs": 88.95150695885611, "_PCIe read bandwidth": 26.928355040004146, "_PCIe write bandwidth": 88.95150695885611, "_Long_Kernel": 13.576580398812048, "_ave_Kernel_Length": 33.66619115549215, "_long/short_Ratio": 33.66619115549215, "_avg_Thread": 13.576580398812048, "sm%": 26.928355040004146, "mem%": 33.66619115549215, "CPU%": 77.80701462212303, "MainMem%": 26.928355040004146}, "workload1+workload2": {"Best shared with 100-100% MPS thread%": 119.14691721842664, "Random select collocation": 79.76275065983089, "stage1-shared 100-100% throughput of predicted pairs": 103.87218625160892, "_PCIe read bandwidth": 41.80527536412674, "_PCIe write bandwidth": 103.87218625160892, "_Long_Kernel": 49.60257854180183, "_ave_Kernel_Length": 64.8910422741144, "_long/short_Ratio": 64.8910422741144, "_avg_Thread": 49.60257854180183, "sm%": 41.80527536412674, "mem%": 64.8910422741144, "CPU%": 99.25850430890684, "MainMem%": 41.80527536412674}}