{"workload1": {"Best shared with 100-100% MPS thread%": 3.108606955508063, "Random select collocation": 3.1730486596659433, "stage1-shared 100-100% throughput of predicted pairs": 3.7903062916590815, "_PCIe read bandwidth": 3.108606955508063, "_PCIe write bandwidth": 3.108606955508063, "_Long_Kernel": 3.7903062916590815, "_ave_Kernel_Length": 3.7903062916590815, "_long/short_Ratio": 3.693033998756298, "_avg_Thread": 3.7903062916590815, "sm%": 3.108606955508063, "mem%": 3.7903062916590815, "CPU%": 3.108606955508063, "MainMem%": 3.693033998756298}, "workload2": {"Best shared with 100-100% MPS thread%": 43.00639756984397, "Random select collocation": 12.377009936524558, "stage1-shared 100-100% throughput of predicted pairs": 11.660452119954767, "_PCIe read bandwidth": 43.00639756984397, "_PCIe write bandwidth": 43.00639756984397, "_Long_Kernel": 11.660452119954767, "_ave_Kernel_Length": 11.660452119954767, "_long/short_Ratio": 3.8838592978200177, "_avg_Thread": 11.660452119954767, "sm%": 43.00639756984397, "mem%": 11.660452119954767, "CPU%": 43.00639756984397, "MainMem%": 3.8838592978200177}, "workload1+workload2": {"Best shared with 100-100% MPS thread%": 46.115004525352035, "Random select collocation": 15.550058596190501, "stage1-shared 100-100% throughput of predicted pairs": 15.45075841161385, "_PCIe read bandwidth": 46.115004525352035, "_PCIe write bandwidth": 46.115004525352035, "_Long_Kernel": 15.45075841161385, "_ave_Kernel_Length": 15.45075841161385, "_long/short_Ratio": 7.576893296576316, "_avg_Thread": 15.45075841161385, "sm%": 46.115004525352035, "mem%": 15.45075841161385, "CPU%": 46.115004525352035, "MainMem%": 7.576893296576316}}