{"workload1": {"Best shared with 100-100% MPS thread%": 3.044093697204, "Random select collocation": 3.3003264729723156, "stage1-shared 100-100% throughput of predicted pairs": 3.044093697204, "_PCIe read bandwidth": 3.714731591494414, "_PCIe write bandwidth": 3.1421541302185334, "_Long_Kernel": 3.714731591494414, "_ave_Kernel_Length": 3.044093697204, "_long/short_Ratio": 3.1421541302185334, "_avg_Thread": 3.714731591494414, "sm%": 3.714731591494414, "mem%": 3.044093697204, "CPU%": 3.714731591494414, "MainMem%": 3.714731591494414}, "workload2": {"Best shared with 100-100% MPS thread%": 22.861831112831894, "Random select collocation": 9.338459346078649, "stage1-shared 100-100% throughput of predicted pairs": 22.861831112831894, "_PCIe read bandwidth": 4.197695002352801, "_PCIe write bandwidth": 0.95585192305125, "_Long_Kernel": 4.197695002352801, "_ave_Kernel_Length": 22.861831112831894, "_long/short_Ratio": 0.95585192305125, "_avg_Thread": 4.197695002352801, "sm%": 4.197695002352801, "mem%": 22.861831112831894, "CPU%": 4.197695002352801, "MainMem%": 4.197695002352801}, "workload1+workload2": {"Best shared with 100-100% MPS thread%": 25.905924810035895, "Random select collocation": 12.638785819050964, "stage1-shared 100-100% throughput of predicted pairs": 25.905924810035895, "_PCIe read bandwidth": 7.912426593847215, "_PCIe write bandwidth": 4.098006053269783, "_Long_Kernel": 7.912426593847215, "_ave_Kernel_Length": 25.905924810035895, "_long/short_Ratio": 4.098006053269783, "_avg_Thread": 7.912426593847215, "sm%": 7.912426593847215, "mem%": 25.905924810035895, "CPU%": 7.912426593847215, "MainMem%": 7.912426593847215}}