mse,r2
0.5857181378340597,0.26838640073885756
