mse,r2
0.04969455051212814,0.9481448168569098
