mse,r2
0.20354082575939172,0.7876095731206347
