mse,r2
0.15762802436635365,0.8383302314191244
