{"workload1": {"Best shared with 100-100% MPS thread%": 6.350704020902889, "Random select collocation": 11.588375259890803, "stage1-shared 100-100% throughput of predicted pairs": 22.196555014312256, "_PCIe read bandwidth": 5.291518333310246, "_PCIe write bandwidth": 6.350704020902889, "_Long_Kernel": 23.80952380952381, "_ave_Kernel_Length": 23.80952380952381, "_long/short_Ratio": 15.066061920725694, "_avg_Thread": 23.80952380952381, "sm%": 8.035338662179218, "mem%": 23.80952380952381, "CPU%": 9.729663156598312, "MainMem%": 15.066061920725694}, "workload2": {"Best shared with 100-100% MPS thread%": 93.996459037502, "Random select collocation": 42.822934903225025, "stage1-shared 100-100% throughput of predicted pairs": 69.30105612910882, "_PCIe read bandwidth": 28.69084237968468, "_PCIe write bandwidth": 93.996459037502, "_Long_Kernel": 47.0360824742268, "_ave_Kernel_Length": 47.0360824742268, "_long/short_Ratio": 15.934507711424605, "_avg_Thread": 47.0360824742268, "sm%": 25.26298521541206, "mem%": 47.0360824742268, "CPU%": 83.86888306466089, "MainMem%": 15.934507711424605}, "workload1+workload2": {"Best shared with 100-100% MPS thread%": 100.3471630584049, "Random select collocation": 54.411310163115836, "stage1-shared 100-100% throughput of predicted pairs": 91.49761114342107, "_PCIe read bandwidth": 33.982360712994925, "_PCIe write bandwidth": 100.3471630584049, "_Long_Kernel": 70.84560628375061, "_ave_Kernel_Length": 70.84560628375061, "_long/short_Ratio": 31.0005696321503, "_avg_Thread": 70.84560628375061, "sm%": 33.29832387759127, "mem%": 70.84560628375061, "CPU%": 93.5985462212592, "MainMem%": 31.0005696321503}}