{"workload1": {"Best shared with 100-100% MPS thread%": 30.519055142383724, "Random select collocation": 25.649512414898588, "stage1-shared 100-100% throughput of predicted pairs": 30.519055142383724, "_PCIe read bandwidth": 18.22475608883376, "_PCIe write bandwidth": 18.22475608883376, "_Long_Kernel": 29.404750213942, "_ave_Kernel_Length": 28.055331347936207, "_long/short_Ratio": 22.538107194401057, "_avg_Thread": 29.404750213942, "sm%": 22.005087777647937, "mem%": 28.055331347936207, "CPU%": 18.22475608883376, "MainMem%": 28.799499139145404}, "workload2": {"Best shared with 100-100% MPS thread%": 45.71160205858756, "Random select collocation": 17.35378110921917, "stage1-shared 100-100% throughput of predicted pairs": 45.71160205858756, "_PCIe read bandwidth": 18.444237940079752, "_PCIe write bandwidth": 18.444237940079752, "_Long_Kernel": 5.391672547635851, "_ave_Kernel_Length": 15.52579629728432, "_long/short_Ratio": 1.5484488905443516, "_avg_Thread": 5.391672547635851, "sm%": 13.501095638651304, "mem%": 15.52579629728432, "CPU%": 18.444237940079752, "MainMem%": 21.35361439175107}, "workload1+workload2": {"Best shared with 100-100% MPS thread%": 76.23065720097128, "Random select collocation": 43.00329352411775, "stage1-shared 100-100% throughput of predicted pairs": 76.23065720097128, "_PCIe read bandwidth": 36.66899402891352, "_PCIe write bandwidth": 36.66899402891352, "_Long_Kernel": 34.79642276157785, "_ave_Kernel_Length": 43.581127645220526, "_long/short_Ratio": 24.086556084945407, "_avg_Thread": 34.79642276157785, "sm%": 35.50618341629924, "mem%": 43.581127645220526, "CPU%": 36.66899402891352, "MainMem%": 50.153113530896476}}