{"workload1": {"Best shared with 100-100% MPS thread%": 13.794080827644848, "Random select collocation": 35.57657652792678, "stage1-shared 100-100% throughput of predicted pairs": 21.73832123580868, "_PCIe read bandwidth": 13.794080827644848, "_PCIe write bandwidth": 13.794080827644848, "_Long_Kernel": 85.76883536495814, "_ave_Kernel_Length": 49.52090223013653, "_long/short_Ratio": 21.73832123580868, "_avg_Thread": 49.52090223013653, "sm%": 85.76883536495814, "mem%": 21.73832123580868, "CPU%": 23.843547135916385, "MainMem%": 49.52090223013653}, "workload2": {"Best shared with 100-100% MPS thread%": 95.44626593806922, "Random select collocation": 51.00375558302151, "stage1-shared 100-100% throughput of predicted pairs": 62.09865217698116, "_PCIe read bandwidth": 95.44626593806922, "_PCIe write bandwidth": 95.44626593806922, "_Long_Kernel": 7.033997655334115, "_ave_Kernel_Length": 54.79849231661351, "_long/short_Ratio": 62.09865217698116, "_avg_Thread": 54.79849231661351, "sm%": 7.033997655334115, "mem%": 62.09865217698116, "CPU%": 84.82278097546198, "MainMem%": 54.79849231661351}, "workload1+workload2": {"Best shared with 100-100% MPS thread%": 109.24034676571407, "Random select collocation": 86.58033211094828, "stage1-shared 100-100% throughput of predicted pairs": 83.83697341278985, "_PCIe read bandwidth": 109.24034676571407, "_PCIe write bandwidth": 109.24034676571407, "_Long_Kernel": 92.80283302029225, "_ave_Kernel_Length": 104.31939454675003, "_long/short_Ratio": 83.83697341278985, "_avg_Thread": 104.31939454675003, "sm%": 92.80283302029225, "mem%": 83.83697341278985, "CPU%": 108.66632811137836, "MainMem%": 104.31939454675003}}