{"workload1": {"Best shared with 100-100% MPS thread%": 81.64121203648692, "Random select collocation": 65.75091081726056, "stage1-shared 100-100% throughput of predicted pairs": 80.92285308483736, "_PCIe read bandwidth": 45.71160205858756, "_PCIe write bandwidth": 45.71160205858756, "_Long_Kernel": 70.7450030284676, "_ave_Kernel_Length": 69.30105612910882, "_long/short_Ratio": 69.30105612910882, "_avg_Thread": 70.7450030284676, "sm%": 65.43600661082944, "mem%": 81.64121203648692, "CPU%": 52.56636503585777, "MainMem%": 69.30105612910882}, "workload2": {"Best shared with 100-100% MPS thread%": 83.04498269896193, "Random select collocation": 49.045309228971306, "stage1-shared 100-100% throughput of predicted pairs": 80.82296944572394, "_PCIe read bandwidth": 30.519055142383724, "_PCIe write bandwidth": 30.519055142383724, "_Long_Kernel": 19.834622849698228, "_ave_Kernel_Length": 22.196555014312256, "_long/short_Ratio": 22.196555014312256, "_avg_Thread": 19.834622849698228, "sm%": 5.873819043912105, "mem%": 83.04498269896193, "CPU%": 90.29066171923314, "MainMem%": 22.196555014312256}, "workload1+workload2": {"Best shared with 100-100% MPS thread%": 164.68619473544885, "Random select collocation": 114.79622004623187, "stage1-shared 100-100% throughput of predicted pairs": 161.7458225305613, "_PCIe read bandwidth": 76.23065720097128, "_PCIe write bandwidth": 76.23065720097128, "_Long_Kernel": 90.57962587816581, "_ave_Kernel_Length": 91.49761114342107, "_long/short_Ratio": 91.49761114342107, "_avg_Thread": 90.57962587816581, "sm%": 71.30982565474154, "mem%": 164.68619473544885, "CPU%": 142.8570267550909, "MainMem%": 91.49761114342107}}