{"workload1": {"Best shared with 100-100% MPS thread%": 83.04498269896193, "Random select collocation": 69.81240990746498, "stage1-shared 100-100% throughput of predicted pairs": 81.52278407998462, "_PCIe read bandwidth": 52.61810519682559, "_PCIe write bandwidth": 52.61810519682559, "_Long_Kernel": 81.52278407998462, "_ave_Kernel_Length": 81.52278407998462, "_long/short_Ratio": 78.23043820431674, "_avg_Thread": 81.52278407998462, "sm%": 66.97823780715083, "mem%": 81.52278407998462, "CPU%": 66.97823780715083, "MainMem%": 78.23043820431674}, "workload2": {"Best shared with 100-100% MPS thread%": 81.64121203648692, "Random select collocation": 38.48122417643993, "stage1-shared 100-100% throughput of predicted pairs": 58.77025259132535, "_PCIe read bandwidth": 92.6984126984127, "_PCIe write bandwidth": 92.6984126984127, "_Long_Kernel": 58.77025259132535, "_ave_Kernel_Length": 58.77025259132535, "_long/short_Ratio": 21.32138453673353, "_avg_Thread": 58.77025259132535, "sm%": 25.52420466630779, "mem%": 58.77025259132535, "CPU%": 25.52420466630779, "MainMem%": 21.32138453673353}, "workload1+workload2": {"Best shared with 100-100% MPS thread%": 164.68619473544885, "Random select collocation": 108.2936340839049, "stage1-shared 100-100% throughput of predicted pairs": 140.29303667130998, "_PCIe read bandwidth": 145.3165178952383, "_PCIe write bandwidth": 145.3165178952383, "_Long_Kernel": 140.29303667130998, "_ave_Kernel_Length": 140.29303667130998, "_long/short_Ratio": 99.55182274105027, "_avg_Thread": 140.29303667130998, "sm%": 92.50244247345861, "mem%": 140.29303667130998, "CPU%": 92.50244247345861, "MainMem%": 99.55182274105027}}