{"workload1": {"Best shared with 100-100% MPS thread%": 58.77025259132535, "Random select collocation": 35.52176348884861, "stage1-shared 100-100% throughput of predicted pairs": 58.77025259132535, "_PCIe read bandwidth": 21.55379221258535, "_PCIe write bandwidth": 20.798668885191347, "_Long_Kernel": 60.13179571663921, "_ave_Kernel_Length": 60.13179571663921, "_long/short_Ratio": 47.0360824742268, "_avg_Thread": 60.13179571663921, "sm%": 28.829540405785654, "mem%": 60.13179571663921, "CPU%": 21.55379221258535, "MainMem%": 47.0360824742268}, "workload2": {"Best shared with 100-100% MPS thread%": 81.52278407998462, "Random select collocation": 43.20905982030682, "stage1-shared 100-100% throughput of predicted pairs": 81.52278407998462, "_PCIe read bandwidth": 31.03071335378539, "_PCIe write bandwidth": 101.56742537881256, "_Long_Kernel": 60.17783423308987, "_ave_Kernel_Length": 60.17783423308987, "_long/short_Ratio": 23.80952380952381, "_avg_Thread": 60.17783423308987, "sm%": 28.99527983816588, "mem%": 60.17783423308987, "CPU%": 31.03071335378539, "MainMem%": 23.80952380952381}, "workload1+workload2": {"Best shared with 100-100% MPS thread%": 140.29303667130998, "Random select collocation": 78.73082330915544, "stage1-shared 100-100% throughput of predicted pairs": 140.29303667130998, "_PCIe read bandwidth": 52.58450556637074, "_PCIe write bandwidth": 122.3660942640039, "_Long_Kernel": 120.30962994972907, "_ave_Kernel_Length": 120.30962994972907, "_long/short_Ratio": 70.84560628375061, "_avg_Thread": 120.30962994972907, "sm%": 57.824820243951535, "mem%": 120.30962994972907, "CPU%": 52.58450556637074, "MainMem%": 70.84560628375061}}