{"workload1": {"Best shared with 100-100% MPS thread%": 41.31169170922575, "Random select collocation": 54.932900573755084, "stage1-shared 100-100% throughput of predicted pairs": 62.09865217698116, "_PCIe read bandwidth": 41.31169170922575, "_PCIe write bandwidth": 41.31169170922575, "_Long_Kernel": 62.09865217698116, "_ave_Kernel_Length": 61.38835783505834, "_long/short_Ratio": 61.38835783505834, "_avg_Thread": 62.09865217698116, "sm%": 61.38835783505834, "mem%": 41.31169170922575, "CPU%": 41.31169170922575, "MainMem%": 62.09865217698116}, "workload2": {"Best shared with 100-100% MPS thread%": 54.48460040350325, "Random select collocation": 27.98113842023788, "stage1-shared 100-100% throughput of predicted pairs": 21.73832123580868, "_PCIe read bandwidth": 54.48460040350325, "_PCIe write bandwidth": 54.48460040350325, "_Long_Kernel": 21.73832123580868, "_ave_Kernel_Length": 7.720493621401698, "_long/short_Ratio": 7.720493621401698, "_avg_Thread": 21.73832123580868, "sm%": 7.720493621401698, "mem%": 54.48460040350325, "CPU%": 54.48460040350325, "MainMem%": 21.73832123580868}, "workload1+workload2": {"Best shared with 100-100% MPS thread%": 95.79629211272899, "Random select collocation": 82.91403899399296, "stage1-shared 100-100% throughput of predicted pairs": 83.83697341278985, "_PCIe read bandwidth": 95.79629211272899, "_PCIe write bandwidth": 95.79629211272899, "_Long_Kernel": 83.83697341278985, "_ave_Kernel_Length": 69.10885145646004, "_long/short_Ratio": 69.10885145646004, "_avg_Thread": 83.83697341278985, "sm%": 69.10885145646004, "mem%": 95.79629211272899, "CPU%": 95.79629211272899, "MainMem%": 83.83697341278985}}