{"workload1": {"Best shared with 100-100% MPS thread%": 42.27573239522048, "Random select collocation": 26.55900619513509, "stage1-shared 100-100% throughput of predicted pairs": 42.27573239522048, "_PCIe read bandwidth": 14.920679292752814, "_PCIe write bandwidth": 14.920679292752814, "_Long_Kernel": 36.025998142989785, "_ave_Kernel_Length": 11.742956903038175, "_long/short_Ratio": 11.742956903038175, "_avg_Thread": 36.025998142989785, "sm%": 44.37666793747617, "mem%": 31.224851118622244, "CPU%": 15.52579629728432, "MainMem%": 36.025998142989785}, "workload2": {"Best shared with 100-100% MPS thread%": 76.87118482320615, "Random select collocation": 36.543661046966186, "stage1-shared 100-100% throughput of predicted pairs": 76.87118482320615, "_PCIe read bandwidth": 88.95150695885611, "_PCIe write bandwidth": 88.95150695885611, "_Long_Kernel": 13.576580398812048, "_ave_Kernel_Length": 3.4848264846812835, "_long/short_Ratio": 3.4848264846812835, "_avg_Thread": 13.576580398812048, "sm%": 6.896551724137932, "mem%": 33.66619115549215, "CPU%": 28.055331347936207, "MainMem%": 13.576580398812048}, "workload1+workload2": {"Best shared with 100-100% MPS thread%": 119.14691721842664, "Random select collocation": 63.10266724210127, "stage1-shared 100-100% throughput of predicted pairs": 119.14691721842664, "_PCIe read bandwidth": 103.87218625160892, "_PCIe write bandwidth": 103.87218625160892, "_Long_Kernel": 49.60257854180183, "_ave_Kernel_Length": 15.227783387719459, "_long/short_Ratio": 15.227783387719459, "_avg_Thread": 49.60257854180183, "sm%": 51.27321966161411, "mem%": 64.8910422741144, "CPU%": 43.581127645220526, "MainMem%": 49.60257854180183}}