mse,r2
0.5403352551000169,0.3706317302407979
