mse,r2
0.16082947036638917,0.835748626008794
