mse,r2
0.07385911162214909,0.924247065002924
