{"workload1": {"Best shared with 100-100% MPS thread%": 25.89140610892726, "Random select collocation": 19.08548705582762, "stage1-shared 100-100% throughput of predicted pairs": 11.38203404798116, "_Threads": 30.13044277053096, "_Compute (SM) Throughput": 27.95779788104665, "_DRAM Throughput": 30.13044277053096, "_Memory Throughput": 30.13044277053096, "_Registers": 30.13044277053096, "_Static Shared Memory": 7.380307886253097, "exclusive_throughput": 11.38203404798116, "sm%": 21.98371363623284, "mem%": 30.13044277053096, "memcap": 16.548157724628314}, "workload2": {"Best shared with 100-100% MPS thread%": 68.67356538099718, "Random select collocation": 26.866798540180984, "stage1-shared 100-100% throughput of predicted pairs": 76.38854825787675, "_Threads": 30.084483824438493, "_Compute (SM) Throughput": 55.69463319266624, "_DRAM Throughput": 30.084483824438493, "_Memory Throughput": 30.084483824438493, "_Registers": 30.084483824438493, "_Static Shared Memory": 3.2853305334640126, "exclusive_throughput": 76.38854825787675, "sm%": 3.2144444824402423, "mem%": 30.084483824438493, "memcap": 60.86344806023814}, "workload1+workload2": {"Best shared with 100-100% MPS thread%": 94.56497148992443, "Random select collocation": 45.95228559600861, "stage1-shared 100-100% throughput of predicted pairs": 87.77058230585791, "_Threads": 60.214926594969455, "_Compute (SM) Throughput": 83.65243107371289, "_DRAM Throughput": 60.214926594969455, "_Memory Throughput": 60.214926594969455, "_Registers": 60.214926594969455, "_Static Shared Memory": 10.665638419717109, "exclusive_throughput": 87.77058230585791, "sm%": 25.19815811867308, "mem%": 60.214926594969455, "memcap": 77.41160578486645}}