{"workload1": {"Best shared with 100-100% MPS thread%": 96.51496684363832, "Random select collocation": 74.23314576999782, "stage1-shared 100-100% throughput of predicted pairs": 96.51496684363832, "_Threads": 101.56742537881256, "_Compute (SM) Throughput": 96.51496684363832, "_DRAM Throughput": 101.56742537881256, "_Memory Throughput": 101.56742537881256, "_Registers": 101.56742537881256, "_Static Shared Memory": 57.9242967132425, "exclusive_throughput": 54.48460040350325, "sm%": 87.77829967120714, "mem%": 101.56742537881256, "memcap": 95.44626593806922}, "workload2": {"Best shared with 100-100% MPS thread%": 38.74561084877104, "Random select collocation": 17.417134163426024, "stage1-shared 100-100% throughput of predicted pairs": 38.74561084877104, "_Threads": 20.798668885191347, "_Compute (SM) Throughput": 38.74561084877104, "_DRAM Throughput": 20.798668885191347, "_Memory Throughput": 20.798668885191347, "_Registers": 20.798668885191347, "_Static Shared Memory": 6.143275740123269, "exclusive_throughput": 41.31169170922575, "sm%": 2.062128222075347, "mem%": 20.798668885191347, "memcap": 13.794080827644848}, "workload1+workload2": {"Best shared with 100-100% MPS thread%": 135.26057769240936, "Random select collocation": 91.65027993342383, "stage1-shared 100-100% throughput of predicted pairs": 135.26057769240936, "_Threads": 122.3660942640039, "_Compute (SM) Throughput": 135.26057769240936, "_DRAM Throughput": 122.3660942640039, "_Memory Throughput": 122.3660942640039, "_Registers": 122.3660942640039, "_Static Shared Memory": 64.06757245336577, "exclusive_throughput": 95.79629211272899, "sm%": 89.84042789328248, "mem%": 122.3660942640039, "memcap": 109.24034676571407}}