mse,r2
0.20084919941264898,0.779631280360229
