{"workload1": {"Best shared with 100-100% MPS thread%": 85.55836354979306, "Random select collocation": 67.4475517721655, "stage1-shared 100-100% throughput of predicted pairs": 55.580670489423966, "_Threads": 90.29066171923314, "_Compute (SM) Throughput": 90.29066171923314, "_DRAM Throughput": 90.29066171923314, "_Memory Throughput": 77.80701462212303, "_Registers": 90.29066171923314, "_Static Shared Memory": 60.36331688157317, "exclusive_throughput": 40.54640445732734, "sm%": 42.5469911117587, "mem%": 77.80701462212303, "memcap": 84.82278097546198}, "workload2": {"Best shared with 100-100% MPS thread%": 65.43844508648831, "Random select collocation": 31.942771800405815, "stage1-shared 100-100% throughput of predicted pairs": 57.621744054360136, "_Threads": 52.56636503585777, "_Compute (SM) Throughput": 52.56636503585777, "_DRAM Throughput": 52.56636503585777, "_Memory Throughput": 21.4514896867838, "_Registers": 52.56636503585777, "_Static Shared Memory": 3.0695443645083933, "exclusive_throughput": 51.14776398571672, "sm%": 21.71277615937177, "mem%": 21.4514896867838, "memcap": 23.843547135916385}, "workload1+workload2": {"Best shared with 100-100% MPS thread%": 150.99680863628137, "Random select collocation": 99.3903235725713, "stage1-shared 100-100% throughput of predicted pairs": 113.2024145437841, "_Threads": 142.8570267550909, "_Compute (SM) Throughput": 142.8570267550909, "_DRAM Throughput": 142.8570267550909, "_Memory Throughput": 99.25850430890684, "_Registers": 142.8570267550909, "_Static Shared Memory": 63.432861246081565, "exclusive_throughput": 91.69416844304406, "sm%": 64.25976727113047, "mem%": 99.25850430890684, "memcap": 108.66632811137836}}