{"workload1": {"Best shared with 100-100% MPS thread%": 62.87844288147885, "Random select collocation": 58.33462103760604, "stage1-shared 100-100% throughput of predicted pairs": 62.87844288147885, "_Threads": 64.92022848138664, "_Compute (SM) Throughput": 62.87844288147885, "_DRAM Throughput": 64.92022848138664, "_Memory Throughput": 64.92022848138664, "_Registers": 64.92022848138664, "_Static Shared Memory": 64.92022848138664, "exclusive_throughput": 41.31169170922575, "sm%": 62.271797135176335, "mem%": 64.92022848138664, "memcap": 62.09865217698116}, "workload2": {"Best shared with 100-100% MPS thread%": 41.65255068380793, "Random select collocation": 26.495380972955026, "stage1-shared 100-100% throughput of predicted pairs": 41.65255068380793, "_Threads": 24.36175538127816, "_Compute (SM) Throughput": 41.65255068380793, "_DRAM Throughput": 24.36175538127816, "_Memory Throughput": 24.36175538127816, "_Registers": 24.36175538127816, "_Static Shared Memory": 24.36175538127816, "exclusive_throughput": 54.48460040350325, "sm%": 6.373776462554064, "mem%": 24.36175538127816, "memcap": 21.73832123580868}, "workload1+workload2": {"Best shared with 100-100% MPS thread%": 104.53099356528678, "Random select collocation": 84.83000201056106, "stage1-shared 100-100% throughput of predicted pairs": 104.53099356528678, "_Threads": 89.2819838626648, "_Compute (SM) Throughput": 104.53099356528678, "_DRAM Throughput": 89.2819838626648, "_Memory Throughput": 89.2819838626648, "_Registers": 89.2819838626648, "_Static Shared Memory": 89.2819838626648, "exclusive_throughput": 95.79629211272899, "sm%": 68.6455735977304, "mem%": 89.2819838626648, "memcap": 83.83697341278985}}