mse,r2
0.23359529938787627,0.7460240243335253
