mse,r2
0.32329586005590744,0.6362921574371041
