{"workload1": {"Best shared with 100-100% MPS thread%": 55.580670489423966, "Random select collocation": 63.08942033953054, "stage1-shared 100-100% throughput of predicted pairs": 84.82278097546198, "_Threads": 84.77282624473798, "_Compute (SM) Throughput": 40.41189042160482, "_DRAM Throughput": 84.82278097546198, "_Memory Throughput": 84.82278097546198, "_Registers": 84.77282624473798, "_Static Shared Memory": 60.86344806023814, "exclusive_throughput": 40.54640445732734, "sm%": 84.77282624473798, "mem%": 53.84845900278924, "memcap": 84.82278097546198}, "workload2": {"Best shared with 100-100% MPS thread%": 57.621744054360136, "Random select collocation": 35.065052081331565, "stage1-shared 100-100% throughput of predicted pairs": 23.843547135916385, "_Threads": 7.892353473929357, "_Compute (SM) Throughput": 72.32534018607676, "_DRAM Throughput": 23.843547135916385, "_Memory Throughput": 23.843547135916385, "_Registers": 7.892353473929357, "_Static Shared Memory": 16.548157724628314, "exclusive_throughput": 51.14776398571672, "sm%": 7.892353473929357, "mem%": 41.41184693342653, "memcap": 23.843547135916385}, "workload1+workload2": {"Best shared with 100-100% MPS thread%": 113.2024145437841, "Random select collocation": 98.1544724208621, "stage1-shared 100-100% throughput of predicted pairs": 108.66632811137836, "_Threads": 92.66517971866735, "_Compute (SM) Throughput": 112.73723060768157, "_DRAM Throughput": 108.66632811137836, "_Memory Throughput": 108.66632811137836, "_Registers": 92.66517971866735, "_Static Shared Memory": 77.41160578486645, "exclusive_throughput": 91.69416844304406, "sm%": 92.66517971866735, "mem%": 95.26030593621577, "memcap": 108.66632811137836}}