{"workload1": {"Best shared with 100-100% MPS thread%": 8.31286604949934, "Random select collocation": 6.605967385473453, "stage1-shared 100-100% throughput of predicted pairs": 8.31286604949934, "_Threads": 7.328642618359017, "_Compute (SM) Throughput": 8.31286604949934, "_DRAM Throughput": 8.31286604949934, "_Memory Throughput": 3.2503555076336474, "_Registers": 7.328642618359017, "_Static Shared Memory": 3.2503555076336474, "exclusive_throughput": 8.31286604949934, "sm%": 7.328642618359017, "mem%": 8.31286604949934, "memcap": 8.234666436728338}, "workload2": {"Best shared with 100-100% MPS thread%": 61.9341154636442, "Random select collocation": 17.982290459196626, "stage1-shared 100-100% throughput of predicted pairs": 61.9341154636442, "_Threads": 2.4118720856545632, "_Compute (SM) Throughput": 61.9341154636442, "_DRAM Throughput": 61.9341154636442, "_Memory Throughput": 2.907434189327918, "_Registers": 2.4118720856545632, "_Static Shared Memory": 2.907434189327918, "exclusive_throughput": 61.9341154636442, "sm%": 2.4118720856545632, "mem%": 61.9341154636442, "memcap": 7.070849523179645}, "workload1+workload2": {"Best shared with 100-100% MPS thread%": 70.24698151314354, "Random select collocation": 24.58825784467008, "stage1-shared 100-100% throughput of predicted pairs": 70.24698151314354, "_Threads": 9.74051470401358, "_Compute (SM) Throughput": 70.24698151314354, "_DRAM Throughput": 70.24698151314354, "_Memory Throughput": 6.157789696961565, "_Registers": 9.74051470401358, "_Static Shared Memory": 6.157789696961565, "exclusive_throughput": 70.24698151314354, "sm%": 9.74051470401358, "mem%": 70.24698151314354, "memcap": 15.305515959907982}}