mse,r2
0.07886639907882409,0.91969966639247
