{"workload1": {"Best shared with 100-100% MPS thread%": 13.794080827644848, "Random select collocation": 35.57657652792678, "stage1-shared 100-100% throughput of predicted pairs": 23.843547135916385, "_Threads": 85.76883536495814, "_Compute (SM) Throughput": 13.794080827644848, "_DRAM Throughput": 49.52090223013653, "_Memory Throughput": 49.52090223013653, "_Registers": 85.76883536495814, "_Static Shared Memory": 33.01673450927183, "exclusive_throughput": 21.73832123580868, "sm%": 85.76883536495814, "mem%": 21.73832123580868, "memcap": 49.52090223013653}, "workload2": {"Best shared with 100-100% MPS thread%": 95.44626593806922, "Random select collocation": 51.00375558302151, "stage1-shared 100-100% throughput of predicted pairs": 84.82278097546198, "_Threads": 7.033997655334115, "_Compute (SM) Throughput": 95.44626593806922, "_DRAM Throughput": 54.79849231661351, "_Memory Throughput": 54.79849231661351, "_Registers": 7.033997655334115, "_Static Shared Memory": 24.02660087954521, "exclusive_throughput": 62.09865217698116, "sm%": 7.033997655334115, "mem%": 62.09865217698116, "memcap": 54.79849231661351}, "workload1+workload2": {"Best shared with 100-100% MPS thread%": 109.24034676571407, "Random select collocation": 86.58033211094828, "stage1-shared 100-100% throughput of predicted pairs": 108.66632811137836, "_Threads": 92.80283302029225, "_Compute (SM) Throughput": 109.24034676571407, "_DRAM Throughput": 104.31939454675003, "_Memory Throughput": 104.31939454675003, "_Registers": 92.80283302029225, "_Static Shared Memory": 57.04333538881704, "exclusive_throughput": 83.83697341278985, "sm%": 92.80283302029225, "mem%": 83.83697341278985, "memcap": 104.31939454675003}}