{"workload1": {"Best shared with 100-100% MPS thread%": 83.04498269896193, "Random select collocation": 69.81240990746498, "stage1-shared 100-100% throughput of predicted pairs": 79.89192701653585, "_Threads": 81.52278407998462, "_Compute (SM) Throughput": 83.04498269896193, "_DRAM Throughput": 81.52278407998462, "_Memory Throughput": 81.52278407998462, "_Registers": 81.52278407998462, "_Static Shared Memory": 41.77732471318328, "exclusive_throughput": 52.61810519682559, "sm%": 66.97823780715083, "mem%": 81.52278407998462, "memcap": 81.52278407998462}, "workload2": {"Best shared with 100-100% MPS thread%": 81.64121203648692, "Random select collocation": 38.48122417643993, "stage1-shared 100-100% throughput of predicted pairs": 80.02237467713012, "_Threads": 58.77025259132535, "_Compute (SM) Throughput": 81.64121203648692, "_DRAM Throughput": 58.77025259132535, "_Memory Throughput": 58.77025259132535, "_Registers": 58.77025259132535, "_Static Shared Memory": 3.589574397888485, "exclusive_throughput": 92.6984126984127, "sm%": 25.52420466630779, "mem%": 58.77025259132535, "memcap": 58.77025259132535}, "workload1+workload2": {"Best shared with 100-100% MPS thread%": 164.68619473544885, "Random select collocation": 108.2936340839049, "stage1-shared 100-100% throughput of predicted pairs": 159.91430169366595, "_Threads": 140.29303667130998, "_Compute (SM) Throughput": 164.68619473544885, "_DRAM Throughput": 140.29303667130998, "_Memory Throughput": 140.29303667130998, "_Registers": 140.29303667130998, "_Static Shared Memory": 45.36689911107177, "exclusive_throughput": 145.3165178952383, "sm%": 92.50244247345861, "mem%": 140.29303667130998, "memcap": 140.29303667130998}}