{"workload1": {"Best shared with 100-100% MPS thread%": 42.27573239522048, "Random select collocation": 26.55900619513509, "stage1-shared 100-100% throughput of predicted pairs": 42.27573239522048, "_Threads": 44.37666793747617, "_Compute (SM) Throughput": 14.920679292752814, "_DRAM Throughput": 42.27573239522048, "_Memory Throughput": 31.224851118622244, "_Registers": 44.37666793747617, "_Static Shared Memory": 11.742956903038175, "exclusive_throughput": 14.920679292752814, "sm%": 44.37666793747617, "mem%": 31.224851118622244, "memcap": 14.920679292752814}, "workload2": {"Best shared with 100-100% MPS thread%": 76.87118482320615, "Random select collocation": 36.543661046966186, "stage1-shared 100-100% throughput of predicted pairs": 76.87118482320615, "_Threads": 6.896551724137932, "_Compute (SM) Throughput": 88.95150695885611, "_DRAM Throughput": 76.87118482320615, "_Memory Throughput": 33.66619115549215, "_Registers": 6.896551724137932, "_Static Shared Memory": 3.4848264846812835, "exclusive_throughput": 88.95150695885611, "sm%": 6.896551724137932, "mem%": 33.66619115549215, "memcap": 88.95150695885611}, "workload1+workload2": {"Best shared with 100-100% MPS thread%": 119.14691721842664, "Random select collocation": 63.10266724210127, "stage1-shared 100-100% throughput of predicted pairs": 119.14691721842664, "_Threads": 51.27321966161411, "_Compute (SM) Throughput": 103.87218625160892, "_DRAM Throughput": 119.14691721842664, "_Memory Throughput": 64.8910422741144, "_Registers": 51.27321966161411, "_Static Shared Memory": 15.227783387719459, "exclusive_throughput": 103.87218625160892, "sm%": 51.27321966161411, "mem%": 64.8910422741144, "memcap": 103.87218625160892}}