mse,r2
0.20401303211004623,0.7572933649297124
