{"workload1": {"Best shared with 100-100% MPS thread%": 83.04498269896193, "Random select collocation": 66.05786795058704, "stage1-shared 100-100% throughput of predicted pairs": 79.89192701653585, "_Threads": 83.04498269896193, "_Compute (SM) Throughput": 83.04498269896193, "_DRAM Throughput": 83.04498269896193, "_Memory Throughput": 76.87118482320615, "_Registers": 83.04498269896193, "_Static Shared Memory": 49.89640515197471, "exclusive_throughput": 62.26737884110588, "sm%": 75.01123884143601, "mem%": 76.87118482320615, "memcap": 65.43844508648831}, "workload2": {"Best shared with 100-100% MPS thread%": 81.64121203648692, "Random select collocation": 38.86427888845627, "stage1-shared 100-100% throughput of predicted pairs": 80.02237467713012, "_Threads": 81.64121203648692, "_Compute (SM) Throughput": 81.64121203648692, "_DRAM Throughput": 81.64121203648692, "_Memory Throughput": 42.27573239522048, "_Registers": 81.64121203648692, "_Static Shared Memory": 9.53658173148562, "exclusive_throughput": 61.571012959534514, "sm%": 5.595153243050606, "mem%": 42.27573239522048, "memcap": 85.55836354979306}, "workload1+workload2": {"Best shared with 100-100% MPS thread%": 164.68619473544885, "Random select collocation": 104.92214683904331, "stage1-shared 100-100% throughput of predicted pairs": 159.91430169366595, "_Threads": 164.68619473544885, "_Compute (SM) Throughput": 164.68619473544885, "_DRAM Throughput": 164.68619473544885, "_Memory Throughput": 119.14691721842664, "_Registers": 164.68619473544885, "_Static Shared Memory": 59.43298688346033, "exclusive_throughput": 123.8383918006404, "sm%": 80.60639208448661, "mem%": 119.14691721842664, "memcap": 150.99680863628137}}