mse,r2
0.17359357454317875,0.8079880548663629
