mse,r2
0.14430303966933483,0.837755669434871
