{"workload1": {"Best shared with 100-100% MPS thread%": 21.32138453673353, "Random select collocation": 15.055426552614255, "stage1-shared 100-100% throughput of predicted pairs": 21.32138453673353, "_PCIe read bandwidth": 22.196555014312256, "_PCIe write bandwidth": 21.32138453673353, "_Long_Kernel": 21.32138453673353, "_ave_Kernel_Length": 15.066061920725694, "_long/short_Ratio": 15.066061920725694, "_avg_Thread": 22.196555014312256, "sm%": 15.066061920725694, "mem%": 21.32138453673353, "CPU%": 3.8838592978200177, "MainMem%": 17.477500978218337}, "workload2": {"Best shared with 100-100% MPS thread%": 78.23043820431674, "Random select collocation": 45.600282721970565, "stage1-shared 100-100% throughput of predicted pairs": 78.23043820431674, "_PCIe read bandwidth": 69.30105612910882, "_PCIe write bandwidth": 78.23043820431674, "_Long_Kernel": 78.23043820431674, "_ave_Kernel_Length": 15.934507711424605, "_long/short_Ratio": 15.934507711424605, "_avg_Thread": 69.30105612910882, "sm%": 15.934507711424605, "mem%": 78.23043820431674, "CPU%": 3.693033998756298, "MainMem%": 51.58099275746335}, "workload1+workload2": {"Best shared with 100-100% MPS thread%": 99.55182274105027, "Random select collocation": 60.65570927458483, "stage1-shared 100-100% throughput of predicted pairs": 99.55182274105027, "_PCIe read bandwidth": 91.49761114342107, "_PCIe write bandwidth": 99.55182274105027, "_Long_Kernel": 99.55182274105027, "_ave_Kernel_Length": 31.0005696321503, "_long/short_Ratio": 31.0005696321503, "_avg_Thread": 91.49761114342107, "sm%": 31.0005696321503, "mem%": 99.55182274105027, "CPU%": 7.576893296576316, "MainMem%": 69.05849373568168}}