{"workload1": {"Best shared with 100-100% MPS thread%": 16.371572525807245, "Random select collocation": 20.1476422824237, "stage1-shared 100-100% throughput of predicted pairs": 16.371572525807245, "_PCIe read bandwidth": 17.335072891258722, "_PCIe write bandwidth": 16.371572525807245, "_Long_Kernel": 28.354682253451063, "_ave_Kernel_Length": 28.354682253451063, "_long/short_Ratio": 28.354682253451063, "_avg_Thread": 28.354682253451063, "sm%": 17.335072891258722, "mem%": 16.371572525807245, "CPU%": 18.529241459177765, "MainMem%": 28.354682253451063}, "workload2": {"Best shared with 100-100% MPS thread%": 59.896667991436, "Random select collocation": 28.18907782523528, "stage1-shared 100-100% throughput of predicted pairs": 59.896667991436, "_PCIe read bandwidth": 17.449377691330405, "_PCIe write bandwidth": 59.896667991436, "_Long_Kernel": 18.33076995511472, "_ave_Kernel_Length": 18.33076995511472, "_long/short_Ratio": 18.33076995511472, "_avg_Thread": 18.33076995511472, "sm%": 17.449377691330405, "mem%": 59.896667991436, "CPU%": 17.07949566306, "MainMem%": 18.33076995511472}, "workload1+workload2": {"Best shared with 100-100% MPS thread%": 76.26824051724324, "Random select collocation": 48.33672010765898, "stage1-shared 100-100% throughput of predicted pairs": 76.26824051724324, "_PCIe read bandwidth": 34.78445058258913, "_PCIe write bandwidth": 76.26824051724324, "_Long_Kernel": 46.685452208565785, "_ave_Kernel_Length": 46.685452208565785, "_long/short_Ratio": 46.685452208565785, "_avg_Thread": 46.685452208565785, "sm%": 34.78445058258913, "mem%": 76.26824051724324, "CPU%": 35.60873712223777, "MainMem%": 46.685452208565785}}