{"workload1": {"Best shared with 100-100% MPS thread%": 88.95150695885611, "Random select collocation": 71.57951250945118, "stage1-shared 100-100% throughput of predicted pairs": 88.95150695885611, "_PCIe read bandwidth": 59.896667991436, "_PCIe write bandwidth": 59.896667991436, "_Long_Kernel": 73.45565460748706, "_ave_Kernel_Length": 43.00639756984397, "_long/short_Ratio": 43.00639756984397, "_avg_Thread": 87.77829967120714, "sm%": 87.77829967120714, "mem%": 88.95150695885611, "CPU%": 59.896667991436, "MainMem%": 73.45565460748706}, "workload2": {"Best shared with 100-100% MPS thread%": 14.920679292752814, "Random select collocation": 9.990418765611828, "stage1-shared 100-100% throughput of predicted pairs": 14.920679292752814, "_PCIe read bandwidth": 16.371572525807245, "_PCIe write bandwidth": 16.371572525807245, "_Long_Kernel": 12.097491549546344, "_ave_Kernel_Length": 3.108606955508063, "_long/short_Ratio": 3.108606955508063, "_avg_Thread": 2.062128222075347, "sm%": 2.062128222075347, "mem%": 14.920679292752814, "CPU%": 16.371572525807245, "MainMem%": 12.097491549546344}, "workload1+workload2": {"Best shared with 100-100% MPS thread%": 103.87218625160892, "Random select collocation": 81.56993127506301, "stage1-shared 100-100% throughput of predicted pairs": 103.87218625160892, "_PCIe read bandwidth": 76.26824051724324, "_PCIe write bandwidth": 76.26824051724324, "_Long_Kernel": 85.55314615703341, "_ave_Kernel_Length": 46.115004525352035, "_long/short_Ratio": 46.115004525352035, "_avg_Thread": 89.84042789328248, "sm%": 89.84042789328248, "mem%": 103.87218625160892, "CPU%": 76.26824051724324, "MainMem%": 85.55314615703341}}