{"workload1": {"Best shared with 100-100% MPS thread%": 19.834622849698228, "Random select collocation": 12.486643876083779, "stage1-shared 100-100% throughput of predicted pairs": 19.834622849698228, "_PCIe read bandwidth": 7.833808420318684, "_PCIe write bandwidth": 7.833808420318684, "_Long_Kernel": 13.776190991380863, "_ave_Kernel_Length": 8.627974205025573, "_long/short_Ratio": 9.260726722893526, "_avg_Thread": 13.776190991380863, "sm%": 14.496603544457516, "mem%": 13.576580398812048, "CPU%": 7.833808420318684, "MainMem%": 13.776190991380863}, "workload2": {"Best shared with 100-100% MPS thread%": 70.7450030284676, "Random select collocation": 30.021238040709562, "stage1-shared 100-100% throughput of predicted pairs": 70.7450030284676, "_PCIe read bandwidth": 25.095406501628403, "_PCIe write bandwidth": 25.095406501628403, "_Long_Kernel": 14.485949969820938, "_ave_Kernel_Length": 55.91718108231451, "_long/short_Ratio": 2.8225571786067625, "_avg_Thread": 14.485949969820938, "sm%": 5.056570381138992, "mem%": 36.025998142989785, "CPU%": 25.095406501628403, "MainMem%": 14.485949969820938}, "workload1+workload2": {"Best shared with 100-100% MPS thread%": 90.57962587816581, "Random select collocation": 42.507881916793345, "stage1-shared 100-100% throughput of predicted pairs": 90.57962587816581, "_PCIe read bandwidth": 32.929214921947086, "_PCIe write bandwidth": 32.929214921947086, "_Long_Kernel": 28.2621409612018, "_ave_Kernel_Length": 64.54515528734008, "_long/short_Ratio": 12.08328390150029, "_avg_Thread": 28.2621409612018, "sm%": 19.553173925596507, "mem%": 49.60257854180183, "CPU%": 32.929214921947086, "MainMem%": 28.2621409612018}}