{"workload1": {"Best shared with 100-100% MPS thread%": 96.2425840474621, "Random select collocation": 71.75568012260075, "stage1-shared 100-100% throughput of predicted pairs": 96.2425840474621, "_PCIe read bandwidth": 55.580670489423966, "_PCIe write bandwidth": 55.580670489423966, "_Long_Kernel": 96.2425840474621, "_ave_Kernel_Length": 96.2425840474621, "_long/short_Ratio": 96.2425840474621, "_avg_Thread": 96.2425840474621, "sm%": 61.26891704041755, "mem%": 96.2425840474621, "CPU%": 55.580670489423966, "MainMem%": 84.82278097546198}, "workload2": {"Best shared with 100-100% MPS thread%": 31.99121809699298, "Random select collocation": 27.198666265174985, "stage1-shared 100-100% throughput of predicted pairs": 31.99121809699298, "_PCIe read bandwidth": 57.621744054360136, "_PCIe write bandwidth": 57.621744054360136, "_Long_Kernel": 31.99121809699298, "_ave_Kernel_Length": 31.99121809699298, "_long/short_Ratio": 31.99121809699298, "_avg_Thread": 31.99121809699298, "sm%": 5.9886643139771145, "mem%": 31.99121809699298, "CPU%": 57.621744054360136, "MainMem%": 23.843547135916385}, "workload1+workload2": {"Best shared with 100-100% MPS thread%": 128.23380214445507, "Random select collocation": 98.95434638777571, "stage1-shared 100-100% throughput of predicted pairs": 128.23380214445507, "_PCIe read bandwidth": 113.2024145437841, "_PCIe write bandwidth": 113.2024145437841, "_Long_Kernel": 128.23380214445507, "_ave_Kernel_Length": 128.23380214445507, "_long/short_Ratio": 128.23380214445507, "_avg_Thread": 128.23380214445507, "sm%": 67.25758135439466, "mem%": 128.23380214445507, "CPU%": 113.2024145437841, "MainMem%": 108.66632811137836}}