{"workload1": {"Best shared with 100-100% MPS thread%": 18.22475608883376, "Random select collocation": 19.28078631543161, "stage1-shared 100-100% throughput of predicted pairs": 22.538107194401057, "_PCIe read bandwidth": 17.07949566306, "_PCIe write bandwidth": 17.07949566306, "_Long_Kernel": 17.07949566306, "_ave_Kernel_Length": 22.538107194401057, "_long/short_Ratio": 22.538107194401057, "_avg_Thread": 22.538107194401057, "sm%": 17.07949566306, "mem%": 22.538107194401057, "CPU%": 18.22475608883376, "MainMem%": 17.07949566306}, "workload2": {"Best shared with 100-100% MPS thread%": 18.444237940079752, "Random select collocation": 12.84064276326729, "stage1-shared 100-100% throughput of predicted pairs": 1.5484488905443516, "_PCIe read bandwidth": 18.529241459177765, "_PCIe write bandwidth": 18.529241459177765, "_Long_Kernel": 18.529241459177765, "_ave_Kernel_Length": 1.5484488905443516, "_long/short_Ratio": 1.5484488905443516, "_avg_Thread": 1.5484488905443516, "sm%": 18.529241459177765, "mem%": 1.5484488905443516, "CPU%": 18.444237940079752, "MainMem%": 18.529241459177765}, "workload1+workload2": {"Best shared with 100-100% MPS thread%": 36.66899402891352, "Random select collocation": 32.121429078698895, "stage1-shared 100-100% throughput of predicted pairs": 24.086556084945407, "_PCIe read bandwidth": 35.60873712223777, "_PCIe write bandwidth": 35.60873712223777, "_Long_Kernel": 35.60873712223777, "_ave_Kernel_Length": 24.086556084945407, "_long/short_Ratio": 24.086556084945407, "_avg_Thread": 24.086556084945407, "sm%": 35.60873712223777, "mem%": 24.086556084945407, "CPU%": 36.66899402891352, "MainMem%": 35.60873712223777}}