{"workload1": {"Best shared with 100-100% MPS thread%": 52.875381312846, "Random select collocation": 48.33279837549273, "stage1-shared 100-100% throughput of predicted pairs": 52.875381312846, "_PCIe read bandwidth": 31.99121809699298, "_PCIe write bandwidth": 31.99121809699298, "_Long_Kernel": 60.13179571663921, "_ave_Kernel_Length": 60.13179571663921, "_long/short_Ratio": 60.13179571663921, "_avg_Thread": 60.13179571663921, "sm%": 31.99121809699298, "mem%": 60.13179571663921, "CPU%": 31.99121809699298, "MainMem%": 52.875381312846}, "workload2": {"Best shared with 100-100% MPS thread%": 75.46194598785372, "Random select collocation": 77.2941214228019, "stage1-shared 100-100% throughput of predicted pairs": 75.46194598785372, "_PCIe read bandwidth": 96.2425840474621, "_PCIe write bandwidth": 96.2425840474621, "_Long_Kernel": 60.17783423308987, "_ave_Kernel_Length": 60.17783423308987, "_long/short_Ratio": 60.17783423308987, "_avg_Thread": 60.17783423308987, "sm%": 96.2425840474621, "mem%": 60.17783423308987, "CPU%": 96.2425840474621, "MainMem%": 75.46194598785372}, "workload1+workload2": {"Best shared with 100-100% MPS thread%": 128.3373273006997, "Random select collocation": 125.62691979829462, "stage1-shared 100-100% throughput of predicted pairs": 128.3373273006997, "_PCIe read bandwidth": 128.23380214445507, "_PCIe write bandwidth": 128.23380214445507, "_Long_Kernel": 120.30962994972907, "_ave_Kernel_Length": 120.30962994972907, "_long/short_Ratio": 120.30962994972907, "_avg_Thread": 120.30962994972907, "sm%": 128.23380214445507, "mem%": 120.30962994972907, "CPU%": 128.23380214445507, "MainMem%": 128.3373273006997}}