{"workload1": {"Best shared with 100-100% MPS thread%": 79.89192701653585, "Random select collocation": 60.052997138664715, "stage1-shared 100-100% throughput of predicted pairs": 79.89192701653585, "_PCIe read bandwidth": 68.67356538099718, "_PCIe write bandwidth": 68.67356538099718, "_Long_Kernel": 61.9341154636442, "_ave_Kernel_Length": 78.23043820431674, "_long/short_Ratio": 78.23043820431674, "_avg_Thread": 68.67356538099718, "sm%": 78.23043820431674, "mem%": 79.89192701653585, "CPU%": 68.67356538099718, "MainMem%": 78.23043820431674}, "workload2": {"Best shared with 100-100% MPS thread%": 80.02237467713012, "Random select collocation": 28.470013339078555, "stage1-shared 100-100% throughput of predicted pairs": 80.02237467713012, "_PCIe read bandwidth": 25.89140610892726, "_PCIe write bandwidth": 25.89140610892726, "_Long_Kernel": 8.31286604949934, "_ave_Kernel_Length": 21.32138453673353, "_long/short_Ratio": 21.32138453673353, "_avg_Thread": 25.89140610892726, "sm%": 21.32138453673353, "mem%": 80.02237467713012, "CPU%": 25.89140610892726, "MainMem%": 21.32138453673353}, "workload1+workload2": {"Best shared with 100-100% MPS thread%": 159.91430169366595, "Random select collocation": 88.52301047774327, "stage1-shared 100-100% throughput of predicted pairs": 159.91430169366595, "_PCIe read bandwidth": 94.56497148992443, "_PCIe write bandwidth": 94.56497148992443, "_Long_Kernel": 70.24698151314354, "_ave_Kernel_Length": 99.55182274105027, "_long/short_Ratio": 99.55182274105027, "_avg_Thread": 94.56497148992443, "sm%": 99.55182274105027, "mem%": 159.91430169366595, "CPU%": 94.56497148992443, "MainMem%": 99.55182274105027}}