{"workload1": {"Best shared with 100-100% MPS thread%": 8.31286604949934, "Random select collocation": 7.150765181738227, "stage1-shared 100-100% throughput of predicted pairs": 8.31286604949934, "_PCIe read bandwidth": 5.9886643139771145, "_PCIe write bandwidth": 5.9886643139771145, "_Long_Kernel": 8.31286604949934, "_ave_Kernel_Length": 8.31286604949934, "_long/short_Ratio": 5.9886643139771145, "_avg_Thread": 8.31286604949934, "sm%": 5.9886643139771145, "mem%": 8.31286604949934, "CPU%": 5.9886643139771145, "MainMem%": 5.9886643139771145}, "workload2": {"Best shared with 100-100% MPS thread%": 61.9341154636442, "Random select collocation": 61.601516252030876, "stage1-shared 100-100% throughput of predicted pairs": 61.9341154636442, "_PCIe read bandwidth": 61.26891704041755, "_PCIe write bandwidth": 61.26891704041755, "_Long_Kernel": 61.9341154636442, "_ave_Kernel_Length": 61.9341154636442, "_long/short_Ratio": 61.26891704041755, "_avg_Thread": 61.9341154636442, "sm%": 61.26891704041755, "mem%": 61.9341154636442, "CPU%": 61.26891704041755, "MainMem%": 61.26891704041755}, "workload1+workload2": {"Best shared with 100-100% MPS thread%": 70.24698151314354, "Random select collocation": 68.7522814337691, "stage1-shared 100-100% throughput of predicted pairs": 70.24698151314354, "_PCIe read bandwidth": 67.25758135439466, "_PCIe write bandwidth": 67.25758135439466, "_Long_Kernel": 70.24698151314354, "_ave_Kernel_Length": 70.24698151314354, "_long/short_Ratio": 67.25758135439466, "_avg_Thread": 70.24698151314354, "sm%": 67.25758135439466, "mem%": 70.24698151314354, "CPU%": 67.25758135439466, "MainMem%": 67.25758135439466}}