{"workload1": {"Best shared with 100-100% MPS thread%": 3.108606955508063, "Random select collocation": 3.2192978569167865, "stage1-shared 100-100% throughput of predicted pairs": 3.8681796890346174, "_PCIe read bandwidth": 3.108606955508063, "_PCIe write bandwidth": 3.108606955508063, "_Long_Kernel": 3.8681796890346174, "_ave_Kernel_Length": 3.693033998756298, "_long/short_Ratio": 3.693033998756298, "_avg_Thread": 3.2853305334640126, "sm%": 3.108606955508063, "mem%": 3.8681796890346174, "CPU%": 3.2853305334640126, "MainMem%": 3.693033998756298}, "workload2": {"Best shared with 100-100% MPS thread%": 43.00639756984397, "Random select collocation": 16.43469466262618, "stage1-shared 100-100% throughput of predicted pairs": 25.513651201259115, "_PCIe read bandwidth": 43.00639756984397, "_PCIe write bandwidth": 43.00639756984397, "_Long_Kernel": 25.513651201259115, "_ave_Kernel_Length": 3.8838592978200177, "_long/short_Ratio": 3.8838592978200177, "_avg_Thread": 7.380307886253097, "sm%": 43.00639756984397, "mem%": 25.513651201259115, "CPU%": 7.380307886253097, "MainMem%": 3.8838592978200177}, "workload1+workload2": {"Best shared with 100-100% MPS thread%": 46.115004525352035, "Random select collocation": 19.65399251954297, "stage1-shared 100-100% throughput of predicted pairs": 29.381830890293735, "_PCIe read bandwidth": 46.115004525352035, "_PCIe write bandwidth": 46.115004525352035, "_Long_Kernel": 29.381830890293735, "_ave_Kernel_Length": 7.576893296576316, "_long/short_Ratio": 7.576893296576316, "_avg_Thread": 10.665638419717109, "sm%": 46.115004525352035, "mem%": 29.381830890293735, "CPU%": 10.665638419717109, "MainMem%": 7.576893296576316}}