{"workload1": {"Best shared with 100-100% MPS thread%": 3.589574397888485, "Random select collocation": 3.372831526591256, "stage1-shared 100-100% throughput of predicted pairs": 3.4848264846812835, "_PCIe read bandwidth": 3.589574397888485, "_PCIe write bandwidth": 3.589574397888485, "_Long_Kernel": 3.589574397888485, "_ave_Kernel_Length": 3.044093697204, "_long/short_Ratio": 3.044093697204, "_avg_Thread": 3.4848264846812835, "sm%": 3.589574397888485, "mem%": 3.4848264846812835, "CPU%": 3.589574397888485, "MainMem%": 3.4848264846812835}, "workload2": {"Best shared with 100-100% MPS thread%": 41.77732471318328, "Random select collocation": 25.460704243017783, "stage1-shared 100-100% throughput of predicted pairs": 11.742956903038175, "_PCIe read bandwidth": 41.77732471318328, "_PCIe write bandwidth": 41.77732471318328, "_Long_Kernel": 41.77732471318328, "_ave_Kernel_Length": 22.861831112831894, "_long/short_Ratio": 22.861831112831894, "_avg_Thread": 11.742956903038175, "sm%": 41.77732471318328, "mem%": 11.742956903038175, "CPU%": 41.77732471318328, "MainMem%": 11.742956903038175}, "workload1+workload2": {"Best shared with 100-100% MPS thread%": 45.36689911107177, "Random select collocation": 28.83353576960904, "stage1-shared 100-100% throughput of predicted pairs": 15.227783387719459, "_PCIe read bandwidth": 45.36689911107177, "_PCIe write bandwidth": 45.36689911107177, "_Long_Kernel": 45.36689911107177, "_ave_Kernel_Length": 25.905924810035895, "_long/short_Ratio": 25.905924810035895, "_avg_Thread": 15.227783387719459, "sm%": 45.36689911107177, "mem%": 15.227783387719459, "CPU%": 45.36689911107177, "MainMem%": 15.227783387719459}}