mse,r2
0.43019322685107725,0.4128846176662857
