mse,r2
0.5144339993256545,0.3826792008092147
