mse,r2
0.13269257763926284,0.8630270166304383
