mse,r2
0.055948954551148934,0.938964776853292
