mse,r2
0.07378335629791519,0.9249869210971196
