mse,r2
0.4893623764365855,0.4999993110321844
