mse,r2
0.1307072197398284,0.8640644914705784
