mse,r2
0.3942947227064948,0.5825114700754762
