mse,r2
0.10028577637516708,0.8896856459873163
