mse,r2
0.14517033646574773,0.8511073472146178
