{"workload1": {"Best shared with 100-100% MPS thread%": 8.446108071791919, "Random select collocation": 7.097432601871436, "stage1-shared 100-100% throughput of predicted pairs": 6.393180607352158, "_Threads": 7.328642618359017, "_Compute (SM) Throughput": 6.278691561850259, "_DRAM Throughput": 6.278691561850259, "_Memory Throughput": 6.278691561850259, "_Registers": 7.328642618359017, "_Static Shared Memory": 6.393180607352158, "exclusive_throughput": 5.903306315146925, "sm%": 7.328642618359017, "mem%": 6.278691561850259, "memcap": 8.446108071791919}, "workload2": {"Best shared with 100-100% MPS thread%": 13.81855013746202, "Random select collocation": 9.28733002633566, "stage1-shared 100-100% throughput of predicted pairs": 15.27358509426041, "_Threads": 2.4118720856545632, "_Compute (SM) Throughput": 1.561942283280508, "_DRAM Throughput": 1.561942283280508, "_Memory Throughput": 1.561942283280508, "_Registers": 2.4118720856545632, "_Static Shared Memory": 15.27358509426041, "exclusive_throughput": 15.587181034176812, "sm%": 2.4118720856545632, "mem%": 1.561942283280508, "memcap": 13.81855013746202}, "workload1+workload2": {"Best shared with 100-100% MPS thread%": 22.264658209253938, "Random select collocation": 16.384762628207096, "stage1-shared 100-100% throughput of predicted pairs": 21.66676570161257, "_Threads": 9.74051470401358, "_Compute (SM) Throughput": 7.8406338451307676, "_DRAM Throughput": 7.8406338451307676, "_Memory Throughput": 7.8406338451307676, "_Registers": 9.74051470401358, "_Static Shared Memory": 21.66676570161257, "exclusive_throughput": 21.490487349323736, "sm%": 9.74051470401358, "mem%": 7.8406338451307676, "memcap": 22.264658209253938}}