{"workload1": {"Best shared with 100-100% MPS thread%": 61.571012959534514, "Random select collocation": 61.47280050639843, "stage1-shared 100-100% throughput of predicted pairs": 61.571012959534514, "_Threads": 62.271797135176335, "_Compute (SM) Throughput": 61.571012959534514, "_DRAM Throughput": 61.571012959534514, "_Memory Throughput": 60.66003409582453, "_Registers": 62.271797135176335, "_Static Shared Memory": 61.571012959534514, "exclusive_throughput": 61.571012959534514, "sm%": 62.271797135176335, "mem%": 60.66003409582453, "memcap": 61.38835783505834}, "workload2": {"Best shared with 100-100% MPS thread%": 62.26737884110588, "Random select collocation": 22.861698615755184, "stage1-shared 100-100% throughput of predicted pairs": 62.26737884110588, "_Threads": 6.373776462554064, "_Compute (SM) Throughput": 62.26737884110588, "_DRAM Throughput": 62.26737884110588, "_Memory Throughput": 15.085145537959098, "_Registers": 6.373776462554064, "_Static Shared Memory": 62.26737884110588, "exclusive_throughput": 62.26737884110588, "sm%": 6.373776462554064, "mem%": 15.085145537959098, "memcap": 7.720493621401698}, "workload1+workload2": {"Best shared with 100-100% MPS thread%": 123.8383918006404, "Random select collocation": 84.33449912215362, "stage1-shared 100-100% throughput of predicted pairs": 123.8383918006404, "_Threads": 68.6455735977304, "_Compute (SM) Throughput": 123.8383918006404, "_DRAM Throughput": 123.8383918006404, "_Memory Throughput": 75.74517963378362, "_Registers": 68.6455735977304, "_Static Shared Memory": 123.8383918006404, "exclusive_throughput": 123.8383918006404, "sm%": 68.6455735977304, "mem%": 75.74517963378362, "memcap": 69.10885145646004}}