mse,r2
0.15494893926811512,0.8217195405764048
