mse,r2
0.5130383347176457,0.45275910963451127
