{"workload1": {"Best shared with 100-100% MPS thread%": 85.55836354979306, "Random select collocation": 64.46557853201651, "stage1-shared 100-100% throughput of predicted pairs": 96.2425840474621, "_PCIe read bandwidth": 42.5469911117587, "_PCIe write bandwidth": 40.41189042160482, "_Long_Kernel": 96.2425840474621, "_ave_Kernel_Length": 96.2425840474621, "_long/short_Ratio": 83.86888306466089, "_avg_Thread": 96.2425840474621, "sm%": 42.5469911117587, "mem%": 96.2425840474621, "CPU%": 55.580670489423966, "MainMem%": 83.86888306466089}, "workload2": {"Best shared with 100-100% MPS thread%": 65.43844508648831, "Random select collocation": 35.863095079102244, "stage1-shared 100-100% throughput of predicted pairs": 31.99121809699298, "_PCIe read bandwidth": 21.71277615937177, "_PCIe write bandwidth": 72.32534018607676, "_Long_Kernel": 31.99121809699298, "_ave_Kernel_Length": 31.99121809699298, "_long/short_Ratio": 9.729663156598312, "_avg_Thread": 31.99121809699298, "sm%": 21.71277615937177, "mem%": 31.99121809699298, "CPU%": 57.621744054360136, "MainMem%": 9.729663156598312}, "workload1+workload2": {"Best shared with 100-100% MPS thread%": 150.99680863628137, "Random select collocation": 100.32867361111873, "stage1-shared 100-100% throughput of predicted pairs": 128.23380214445507, "_PCIe read bandwidth": 64.25976727113047, "_PCIe write bandwidth": 112.73723060768157, "_Long_Kernel": 128.23380214445507, "_ave_Kernel_Length": 128.23380214445507, "_long/short_Ratio": 93.5985462212592, "_avg_Thread": 128.23380214445507, "sm%": 64.25976727113047, "mem%": 128.23380214445507, "CPU%": 113.2024145437841, "MainMem%": 93.5985462212592}}