{"workload1": {"Best shared with 100-100% MPS thread%": 28.055331347936207, "Random select collocation": 22.659955032631494, "stage1-shared 100-100% throughput of predicted pairs": 28.055331347936207, "_PCIe read bandwidth": 18.22475608883376, "_PCIe write bandwidth": 18.22475608883376, "_Long_Kernel": 29.404750213942, "_ave_Kernel_Length": 11.104234944275774, "_long/short_Ratio": 11.104234944275774, "_avg_Thread": 29.404750213942, "sm%": 26.370516106206907, "mem%": 28.055331347936207, "CPU%": 18.22475608883376, "MainMem%": 22.005087777647937}, "workload2": {"Best shared with 100-100% MPS thread%": 15.52579629728432, "Random select collocation": 10.07672738104866, "stage1-shared 100-100% throughput of predicted pairs": 15.52579629728432, "_PCIe read bandwidth": 18.444237940079752, "_PCIe write bandwidth": 18.444237940079752, "_Long_Kernel": 5.391672547635851, "_ave_Kernel_Length": 2.9377099490948373, "_long/short_Ratio": 2.9377099490948373, "_avg_Thread": 5.391672547635851, "sm%": 2.2632245195442864, "mem%": 15.52579629728432, "CPU%": 18.444237940079752, "MainMem%": 13.501095638651304}, "workload1+workload2": {"Best shared with 100-100% MPS thread%": 43.581127645220526, "Random select collocation": 32.73668241368016, "stage1-shared 100-100% throughput of predicted pairs": 43.581127645220526, "_PCIe read bandwidth": 36.66899402891352, "_PCIe write bandwidth": 36.66899402891352, "_Long_Kernel": 34.79642276157785, "_ave_Kernel_Length": 14.041944893370612, "_long/short_Ratio": 14.041944893370612, "_avg_Thread": 34.79642276157785, "sm%": 28.633740625751194, "mem%": 43.581127645220526, "CPU%": 36.66899402891352, "MainMem%": 35.50618341629924}}