{"workload1": {"Best shared with 100-100% MPS thread%": 5.9886643139771145, "Random select collocation": 6.551418417804645, "stage1-shared 100-100% throughput of predicted pairs": 9.44138473642801, "_PCIe read bandwidth": 5.9886643139771145, "_PCIe write bandwidth": 5.9886643139771145, "_Long_Kernel": 9.44138473642801, "_ave_Kernel_Length": 9.44138473642801, "_long/short_Ratio": 8.446108071791919, "_avg_Thread": 9.44138473642801, "sm%": 5.903306315146925, "mem%": 9.44138473642801, "CPU%": 5.9886643139771145, "MainMem%": 8.446108071791919}, "workload2": {"Best shared with 100-100% MPS thread%": 61.26891704041755, "Random select collocation": 23.450233409167613, "stage1-shared 100-100% throughput of predicted pairs": 45.5573757703409, "_PCIe read bandwidth": 61.26891704041755, "_PCIe write bandwidth": 61.26891704041755, "_Long_Kernel": 45.5573757703409, "_ave_Kernel_Length": 45.5573757703409, "_long/short_Ratio": 13.81855013746202, "_avg_Thread": 45.5573757703409, "sm%": 15.587181034176812, "mem%": 45.5573757703409, "CPU%": 61.26891704041755, "MainMem%": 13.81855013746202}, "workload1+workload2": {"Best shared with 100-100% MPS thread%": 67.25758135439466, "Random select collocation": 30.00165182697226, "stage1-shared 100-100% throughput of predicted pairs": 54.9987605067689, "_PCIe read bandwidth": 67.25758135439466, "_PCIe write bandwidth": 67.25758135439466, "_Long_Kernel": 54.9987605067689, "_ave_Kernel_Length": 54.9987605067689, "_long/short_Ratio": 22.264658209253938, "_avg_Thread": 54.9987605067689, "sm%": 21.490487349323736, "mem%": 54.9987605067689, "CPU%": 67.25758135439466, "MainMem%": 22.264658209253938}}