{"workload1": {"Best shared with 100-100% MPS thread%": 61.571012959534514, "Random select collocation": 61.68600765719134, "stage1-shared 100-100% throughput of predicted pairs": 62.09865217698116, "_PCIe read bandwidth": 61.571012959534514, "_PCIe write bandwidth": 61.571012959534514, "_Long_Kernel": 61.571012959534514, "_ave_Kernel_Length": 61.38835783505834, "_long/short_Ratio": 61.38835783505834, "_avg_Thread": 62.09865217698116, "sm%": 61.38835783505834, "mem%": 61.571012959534514, "CPU%": 61.38835783505834, "MainMem%": 62.09865217698116}, "workload2": {"Best shared with 100-100% MPS thread%": 62.26737884110588, "Random select collocation": 30.57539789943875, "stage1-shared 100-100% throughput of predicted pairs": 21.73832123580868, "_PCIe read bandwidth": 62.26737884110588, "_PCIe write bandwidth": 62.26737884110588, "_Long_Kernel": 62.26737884110588, "_ave_Kernel_Length": 7.720493621401698, "_long/short_Ratio": 7.720493621401698, "_avg_Thread": 21.73832123580868, "sm%": 7.720493621401698, "mem%": 62.26737884110588, "CPU%": 7.720493621401698, "MainMem%": 21.73832123580868}, "workload1+workload2": {"Best shared with 100-100% MPS thread%": 123.8383918006404, "Random select collocation": 92.2614055566301, "stage1-shared 100-100% throughput of predicted pairs": 83.83697341278985, "_PCIe read bandwidth": 123.8383918006404, "_PCIe write bandwidth": 123.8383918006404, "_Long_Kernel": 123.8383918006404, "_ave_Kernel_Length": 69.10885145646004, "_long/short_Ratio": 69.10885145646004, "_avg_Thread": 83.83697341278985, "sm%": 69.10885145646004, "mem%": 123.8383918006404, "CPU%": 69.10885145646004, "MainMem%": 83.83697341278985}}