mse,r2
0.6519624857518547,0.24928547108012172
