mse,r2
0.12628989270980345,0.8686585115818044
