mse,r2
0.49958229687050054,0.4754385882859745
