{"workload1": {"Best shared with 100-100% MPS thread%": 6.393180607352158, "Random select collocation": 6.84371778640914, "stage1-shared 100-100% throughput of predicted pairs": 6.393180607352158, "_PCIe read bandwidth": 6.393180607352158, "_PCIe write bandwidth": 6.393180607352158, "_Long_Kernel": 8.234666436728338, "_ave_Kernel_Length": 8.234666436728338, "_long/short_Ratio": 8.234666436728338, "_avg_Thread": 8.234666436728338, "sm%": 5.903306315146925, "mem%": 6.393180607352158, "CPU%": 5.903306315146925, "MainMem%": 5.903306315146925}, "workload2": {"Best shared with 100-100% MPS thread%": 15.27358509426041, "Random select collocation": 12.643871883872288, "stage1-shared 100-100% throughput of predicted pairs": 15.27358509426041, "_PCIe read bandwidth": 15.27358509426041, "_PCIe write bandwidth": 15.27358509426041, "_Long_Kernel": 7.070849523179645, "_ave_Kernel_Length": 7.070849523179645, "_long/short_Ratio": 7.070849523179645, "_avg_Thread": 7.070849523179645, "sm%": 15.587181034176812, "mem%": 15.27358509426041, "CPU%": 15.587181034176812, "MainMem%": 15.587181034176812}, "workload1+workload2": {"Best shared with 100-100% MPS thread%": 21.66676570161257, "Random select collocation": 19.487589670281427, "stage1-shared 100-100% throughput of predicted pairs": 21.66676570161257, "_PCIe read bandwidth": 21.66676570161257, "_PCIe write bandwidth": 21.66676570161257, "_Long_Kernel": 15.305515959907982, "_ave_Kernel_Length": 15.305515959907982, "_long/short_Ratio": 15.305515959907982, "_avg_Thread": 15.305515959907982, "sm%": 21.490487349323736, "mem%": 21.66676570161257, "CPU%": 21.490487349323736, "MainMem%": 21.490487349323736}}