{"workload1": {"Best shared with 100-100% MPS thread%": 3.0695443645083933, "Random select collocation": 3.2426309458563347, "stage1-shared 100-100% throughput of predicted pairs": 3.1421541302185334, "_PCIe read bandwidth": 3.0695443645083933, "_PCIe write bandwidth": 3.0695443645083933, "_Long_Kernel": 3.714731591494414, "_ave_Kernel_Length": 3.044093697204, "_long/short_Ratio": 3.1421541302185334, "_avg_Thread": 3.714731591494414, "sm%": 3.714731591494414, "mem%": 3.044093697204, "CPU%": 3.0695443645083933, "MainMem%": 3.0695443645083933}, "workload2": {"Best shared with 100-100% MPS thread%": 60.36331688157317, "Random select collocation": 22.09467372995228, "stage1-shared 100-100% throughput of predicted pairs": 0.95585192305125, "_PCIe read bandwidth": 60.36331688157317, "_PCIe write bandwidth": 60.36331688157317, "_Long_Kernel": 4.197695002352801, "_ave_Kernel_Length": 22.861831112831894, "_long/short_Ratio": 0.95585192305125, "_avg_Thread": 4.197695002352801, "sm%": 4.197695002352801, "mem%": 22.861831112831894, "CPU%": 60.36331688157317, "MainMem%": 60.36331688157317}, "workload1+workload2": {"Best shared with 100-100% MPS thread%": 63.432861246081565, "Random select collocation": 25.337304675808614, "stage1-shared 100-100% throughput of predicted pairs": 4.098006053269783, "_PCIe read bandwidth": 63.432861246081565, "_PCIe write bandwidth": 63.432861246081565, "_Long_Kernel": 7.912426593847215, "_ave_Kernel_Length": 25.905924810035895, "_long/short_Ratio": 4.098006053269783, "_avg_Thread": 7.912426593847215, "sm%": 7.912426593847215, "mem%": 25.905924810035895, "CPU%": 63.432861246081565, "MainMem%": 63.432861246081565}}