{"workload1": {"Best shared with 100-100% MPS thread%": 3.108606955508063, "Random select collocation": 3.265591317443278, "stage1-shared 100-100% throughput of predicted pairs": 3.131957944585332, "_PCIe read bandwidth": 3.108606955508063, "_PCIe write bandwidth": 3.108606955508063, "_Long_Kernel": 3.7903062916590815, "_ave_Kernel_Length": 3.7903062916590815, "_long/short_Ratio": 3.693033998756298, "_avg_Thread": 3.7903062916590815, "sm%": 3.72830460632995, "mem%": 3.7903062916590815, "CPU%": 3.108606955508063, "MainMem%": 3.693033998756298}, "workload2": {"Best shared with 100-100% MPS thread%": 43.00639756984397, "Random select collocation": 10.863073369580937, "stage1-shared 100-100% throughput of predicted pairs": 0.94508333704933, "_PCIe read bandwidth": 43.00639756984397, "_PCIe write bandwidth": 43.00639756984397, "_Long_Kernel": 11.660452119954767, "_ave_Kernel_Length": 11.660452119954767, "_long/short_Ratio": 3.8838592978200177, "_avg_Thread": 11.660452119954767, "sm%": 3.293390534862815, "mem%": 11.660452119954767, "CPU%": 43.00639756984397, "MainMem%": 3.8838592978200177}, "workload1+workload2": {"Best shared with 100-100% MPS thread%": 46.115004525352035, "Random select collocation": 14.128664687024212, "stage1-shared 100-100% throughput of predicted pairs": 4.077041281634662, "_PCIe read bandwidth": 46.115004525352035, "_PCIe write bandwidth": 46.115004525352035, "_Long_Kernel": 15.45075841161385, "_ave_Kernel_Length": 15.45075841161385, "_long/short_Ratio": 7.576893296576316, "_avg_Thread": 15.45075841161385, "sm%": 7.021695141192765, "mem%": 15.45075841161385, "CPU%": 46.115004525352035, "MainMem%": 7.576893296576316}}