mse,r2
0.5783552086884651,0.28771057815766676
