mse,r2
0.2627880473384182,0.7302964777316234
