mse,r2
0.07408251891020427,0.9197439378472787
