mse,r2
0.10534524482186668,0.8907530794439901
