mse,r2
0.10037984346726464,0.8956049627940448
