mse,r2
0.20393251363690565,0.733817479637131
