{"workload1": {"Best shared with 100-100% MPS thread%": 80.92285308483736, "Random select collocation": 60.251177336834004, "stage1-shared 100-100% throughput of predicted pairs": 80.92285308483736, "_Threads": 80.92285308483736, "_Compute (SM) Throughput": 80.92285308483736, "_DRAM Throughput": 80.92285308483736, "_Memory Throughput": 66.73332381088416, "_Registers": 80.92285308483736, "_Static Shared Memory": 80.92285308483736, "exclusive_throughput": 38.74561084877104, "sm%": 52.483767327956144, "mem%": 66.73332381088416, "memcap": 72.20216606498194}, "workload2": {"Best shared with 100-100% MPS thread%": 80.82296944572394, "Random select collocation": 54.05547449814558, "stage1-shared 100-100% throughput of predicted pairs": 80.82296944572394, "_Threads": 80.82296944572394, "_Compute (SM) Throughput": 80.82296944572394, "_DRAM Throughput": 80.82296944572394, "_Memory Throughput": 44.81551032837639, "_Registers": 80.82296944572394, "_Static Shared Memory": 80.82296944572394, "exclusive_throughput": 96.51496684363832, "sm%": 27.516737301148577, "mem%": 44.81551032837639, "memcap": 71.39364303178485}, "workload1+workload2": {"Best shared with 100-100% MPS thread%": 161.7458225305613, "Random select collocation": 114.30665183497959, "stage1-shared 100-100% throughput of predicted pairs": 161.7458225305613, "_Threads": 161.7458225305613, "_Compute (SM) Throughput": 161.7458225305613, "_DRAM Throughput": 161.7458225305613, "_Memory Throughput": 111.54883413926055, "_Registers": 161.7458225305613, "_Static Shared Memory": 161.7458225305613, "exclusive_throughput": 135.26057769240936, "sm%": 80.00050462910473, "mem%": 111.54883413926055, "memcap": 143.5958090967668}}