{"workload1": {"Best shared with 100-100% MPS thread%": 79.89192701653585, "Random select collocation": 65.10262888104587, "stage1-shared 100-100% throughput of predicted pairs": 79.89192701653585, "_Threads": 78.86696264285352, "_Compute (SM) Throughput": 52.61810519682559, "_DRAM Throughput": 65.43844508648831, "_Memory Throughput": 76.87118482320615, "_Registers": 78.86696264285352, "_Static Shared Memory": 25.513651201259115, "exclusive_throughput": 62.26737884110588, "sm%": 66.97823780715083, "mem%": 76.87118482320615, "memcap": 65.43844508648831}, "workload2": {"Best shared with 100-100% MPS thread%": 80.02237467713012, "Random select collocation": 48.8133739854843, "stage1-shared 100-100% throughput of predicted pairs": 80.02237467713012, "_Threads": 19.00976676833965, "_Compute (SM) Throughput": 92.6984126984127, "_DRAM Throughput": 85.55836354979306, "_Memory Throughput": 42.27573239522048, "_Registers": 19.00976676833965, "_Static Shared Memory": 3.8681796890346174, "exclusive_throughput": 61.571012959534514, "sm%": 25.52420466630779, "mem%": 42.27573239522048, "memcap": 85.55836354979306}, "workload1+workload2": {"Best shared with 100-100% MPS thread%": 159.91430169366595, "Random select collocation": 113.91600286653015, "stage1-shared 100-100% throughput of predicted pairs": 159.91430169366595, "_Threads": 97.87672941119317, "_Compute (SM) Throughput": 145.3165178952383, "_DRAM Throughput": 150.99680863628137, "_Memory Throughput": 119.14691721842664, "_Registers": 97.87672941119317, "_Static Shared Memory": 29.381830890293735, "exclusive_throughput": 123.8383918006404, "sm%": 92.50244247345861, "mem%": 119.14691721842664, "memcap": 150.99680863628137}}