{"workload1": {"Best shared with 100-100% MPS thread%": 3.044093697204, "Random select collocation": 2.807505138170354, "stage1-shared 100-100% throughput of predicted pairs": 3.044093697204, "_Threads": 3.313421491979044, "_Compute (SM) Throughput": 3.044093697204, "_DRAM Throughput": 3.044093697204, "_Memory Throughput": 3.044093697204, "_Registers": 3.313421491979044, "_Static Shared Memory": 0.9448105950010336, "exclusive_throughput": 3.044093697204, "sm%": 3.313421491979044, "mem%": 3.044093697204, "memcap": 3.700801045380914}, "workload2": {"Best shared with 100-100% MPS thread%": 22.861831112831894, "Random select collocation": 7.7965525209217725, "stage1-shared 100-100% throughput of predicted pairs": 22.861831112831894, "_Threads": 1.6991106175383557, "_Compute (SM) Throughput": 22.861831112831894, "_DRAM Throughput": 22.861831112831894, "_Memory Throughput": 22.861831112831894, "_Registers": 1.6991106175383557, "_Static Shared Memory": 3.524229074889868, "exclusive_throughput": 22.861831112831894, "sm%": 1.6991106175383557, "mem%": 22.861831112831894, "memcap": 4.90239666139081}, "workload1+workload2": {"Best shared with 100-100% MPS thread%": 25.905924810035895, "Random select collocation": 10.604057659092126, "stage1-shared 100-100% throughput of predicted pairs": 25.905924810035895, "_Threads": 5.0125321095174, "_Compute (SM) Throughput": 25.905924810035895, "_DRAM Throughput": 25.905924810035895, "_Memory Throughput": 25.905924810035895, "_Registers": 5.0125321095174, "_Static Shared Memory": 4.469039669890901, "exclusive_throughput": 25.905924810035895, "sm%": 5.0125321095174, "mem%": 25.905924810035895, "memcap": 8.603197706771724}}