mse,r2
0.16489872727191496,0.8114074798085861
