mse,r2
0.03442522868556709,0.964345298861377
