mse,r2
0.11978375307906243,0.8631042821953572
