mse,r2
0.17067901070977878,0.8054546927028025
