mse,r2
0.18105892570749796,0.8110689470878283
