mse,r2
0.641146078156919,0.23062470621169717
