mse,r2
0.08163994639990454,0.9144724371048619
