{"workload1": {"Best shared with 100-100% MPS thread%": 42.27573239522048, "Random select collocation": 27.118178975021173, "stage1-shared 100-100% throughput of predicted pairs": 44.81551032837639, "_Threads": 47.05317488896891, "_Compute (SM) Throughput": 44.81551032837639, "_DRAM Throughput": 47.05317488896891, "_Memory Throughput": 47.05317488896891, "_Registers": 47.05317488896891, "_Static Shared Memory": 28.973963259819783, "exclusive_throughput": 15.085145537959098, "sm%": 44.37666793747617, "mem%": 47.05317488896891, "memcap": 35.52348574203844}, "workload2": {"Best shared with 100-100% MPS thread%": 76.87118482320615, "Random select collocation": 38.03867942688885, "stage1-shared 100-100% throughput of predicted pairs": 66.73332381088416, "_Threads": 45.66781357522677, "_Compute (SM) Throughput": 66.73332381088416, "_DRAM Throughput": 45.66781357522677, "_Memory Throughput": 45.66781357522677, "_Registers": 45.66781357522677, "_Static Shared Memory": 9.358288770053475, "exclusive_throughput": 60.66003409582453, "sm%": 6.896551724137932, "mem%": 45.66781357522677, "memcap": 48.57356732928554}, "workload1+workload2": {"Best shared with 100-100% MPS thread%": 119.14691721842664, "Random select collocation": 65.15685840191003, "stage1-shared 100-100% throughput of predicted pairs": 111.54883413926055, "_Threads": 92.72098846419568, "_Compute (SM) Throughput": 111.54883413926055, "_DRAM Throughput": 92.72098846419568, "_Memory Throughput": 92.72098846419568, "_Registers": 92.72098846419568, "_Static Shared Memory": 38.33225202987326, "exclusive_throughput": 75.74517963378362, "sm%": 51.27321966161411, "mem%": 92.72098846419568, "memcap": 84.09705307132398}}