mse,r2
0.10874376931532692,0.888942533465198
