{"workload1": {"Best shared with 100-100% MPS thread%": 83.04498269896193, "Random select collocation": 65.43660176812222, "stage1-shared 100-100% throughput of predicted pairs": 65.43844508648831, "_Threads": 81.52278407998462, "_Compute (SM) Throughput": 83.04498269896193, "_DRAM Throughput": 81.52278407998462, "_Memory Throughput": 81.52278407998462, "_Registers": 81.52278407998462, "_Static Shared Memory": 49.89640515197471, "exclusive_throughput": 65.43844508648831, "sm%": 75.01123884143601, "mem%": 81.52278407998462, "memcap": 65.43844508648831}, "workload2": {"Best shared with 100-100% MPS thread%": 81.64121203648692, "Random select collocation": 32.307802801213846, "stage1-shared 100-100% throughput of predicted pairs": 85.55836354979306, "_Threads": 58.77025259132535, "_Compute (SM) Throughput": 81.64121203648692, "_DRAM Throughput": 58.77025259132535, "_Memory Throughput": 58.77025259132535, "_Registers": 58.77025259132535, "_Static Shared Memory": 9.53658173148562, "exclusive_throughput": 85.55836354979306, "sm%": 5.595153243050606, "mem%": 58.77025259132535, "memcap": 85.55836354979306}, "workload1+workload2": {"Best shared with 100-100% MPS thread%": 164.68619473544885, "Random select collocation": 97.74440456933607, "stage1-shared 100-100% throughput of predicted pairs": 150.99680863628137, "_Threads": 140.29303667130998, "_Compute (SM) Throughput": 164.68619473544885, "_DRAM Throughput": 140.29303667130998, "_Memory Throughput": 140.29303667130998, "_Registers": 140.29303667130998, "_Static Shared Memory": 59.43298688346033, "exclusive_throughput": 150.99680863628137, "sm%": 80.60639208448661, "mem%": 140.29303667130998, "memcap": 150.99680863628137}}