{"workload1": {"Best shared with 100-100% MPS thread%": 56.28430791433652, "Random select collocation": 45.845679775238, "stage1-shared 100-100% throughput of predicted pairs": 55.35159559446485, "_Threads": 61.62490371108795, "_Compute (SM) Throughput": 59.77980791754509, "_DRAM Throughput": 61.62490371108795, "_Memory Throughput": 61.62490371108795, "_Registers": 61.62490371108795, "_Static Shared Memory": 22.861831112831894, "exclusive_throughput": 55.35159559446485, "sm%": 51.83239079129002, "mem%": 61.62490371108795, "memcap": 55.35159559446485}, "workload2": {"Best shared with 100-100% MPS thread%": 64.34995799071665, "Random select collocation": 21.318607981324746, "stage1-shared 100-100% throughput of predicted pairs": 29.918032786885245, "_Threads": 30.79519088799832, "_Compute (SM) Throughput": 59.68318855390904, "_DRAM Throughput": 30.79519088799832, "_Memory Throughput": 30.79519088799832, "_Registers": 30.79519088799832, "_Static Shared Memory": 3.044093697204, "exclusive_throughput": 29.918032786885245, "sm%": 3.133285128946734, "mem%": 30.79519088799832, "memcap": 29.918032786885245}, "workload1+workload2": {"Best shared with 100-100% MPS thread%": 120.63426590505317, "Random select collocation": 67.16428775656276, "stage1-shared 100-100% throughput of predicted pairs": 85.26962838135009, "_Threads": 92.42009459908627, "_Compute (SM) Throughput": 119.46299647145413, "_DRAM Throughput": 92.42009459908627, "_Memory Throughput": 92.42009459908627, "_Registers": 92.42009459908627, "_Static Shared Memory": 25.905924810035895, "exclusive_throughput": 85.26962838135009, "sm%": 54.96567592023675, "mem%": 92.42009459908627, "memcap": 85.26962838135009}}