mse,r2
0.3104133583707217,0.6642539744185088
