mse,r2
0.5009071802951826,0.39891138364578094
