mse,r2
0.11546034795239758,0.8701071085535527
