mse,r2
0.1735635774496834,0.8188901800525044
