mse,r2
0.07126728528513157,0.9239815623625263
