{"workload1": {"Best shared with 100-100% MPS thread%": 62.87844288147885, "Random select collocation": 57.667435739713724, "stage1-shared 100-100% throughput of predicted pairs": 62.87844288147885, "_Threads": 62.87844288147885, "_Compute (SM) Throughput": 62.87844288147885, "_DRAM Throughput": 62.87844288147885, "_Memory Throughput": 60.66003409582453, "_Registers": 62.87844288147885, "_Static Shared Memory": 62.87844288147885, "exclusive_throughput": 41.31169170922575, "sm%": 61.38835783505834, "mem%": 60.66003409582453, "memcap": 62.09865217698116}, "workload2": {"Best shared with 100-100% MPS thread%": 41.65255068380793, "Random select collocation": 28.136222296496136, "stage1-shared 100-100% throughput of predicted pairs": 41.65255068380793, "_Threads": 41.65255068380793, "_Compute (SM) Throughput": 41.65255068380793, "_DRAM Throughput": 41.65255068380793, "_Memory Throughput": 15.085145537959098, "_Registers": 41.65255068380793, "_Static Shared Memory": 41.65255068380793, "exclusive_throughput": 54.48460040350325, "sm%": 7.720493621401698, "mem%": 15.085145537959098, "memcap": 21.73832123580868}, "workload1+workload2": {"Best shared with 100-100% MPS thread%": 104.53099356528678, "Random select collocation": 85.80365803620987, "stage1-shared 100-100% throughput of predicted pairs": 104.53099356528678, "_Threads": 104.53099356528678, "_Compute (SM) Throughput": 104.53099356528678, "_DRAM Throughput": 104.53099356528678, "_Memory Throughput": 75.74517963378362, "_Registers": 104.53099356528678, "_Static Shared Memory": 104.53099356528678, "exclusive_throughput": 95.79629211272899, "sm%": 69.10885145646004, "mem%": 75.74517963378362, "memcap": 83.83697341278985}}