mse,r2
0.21853290574312986,0.7558280542943507
