{"workload1": {"Best shared with 100-100% MPS thread%": 16.371572525807245, "Random select collocation": 21.513151513091447, "stage1-shared 100-100% throughput of predicted pairs": 29.40360610263523, "_Threads": 31.03071335378539, "_Compute (SM) Throughput": 29.40360610263523, "_DRAM Throughput": 31.03071335378539, "_Memory Throughput": 31.03071335378539, "_Registers": 31.03071335378539, "_Static Shared Memory": 11.811782413568404, "exclusive_throughput": 16.371572525807245, "sm%": 22.154559953603016, "mem%": 31.03071335378539, "memcap": 21.71277615937177}, "workload2": {"Best shared with 100-100% MPS thread%": 59.896667991436, "Random select collocation": 22.50489509294482, "stage1-shared 100-100% throughput of predicted pairs": 41.937452874223546, "_Threads": 21.55379221258535, "_Compute (SM) Throughput": 41.937452874223546, "_DRAM Throughput": 21.55379221258535, "_Memory Throughput": 21.55379221258535, "_Registers": 21.55379221258535, "_Static Shared Memory": 2.7796848974035977, "exclusive_throughput": 59.896667991436, "sm%": 12.353409996584311, "mem%": 21.55379221258535, "memcap": 42.5469911117587}, "workload1+workload2": {"Best shared with 100-100% MPS thread%": 76.26824051724324, "Random select collocation": 44.01804660603627, "stage1-shared 100-100% throughput of predicted pairs": 71.34105897685878, "_Threads": 52.58450556637074, "_Compute (SM) Throughput": 71.34105897685878, "_DRAM Throughput": 52.58450556637074, "_Memory Throughput": 52.58450556637074, "_Registers": 52.58450556637074, "_Static Shared Memory": 14.591467310972002, "exclusive_throughput": 76.26824051724324, "sm%": 34.50796995018733, "mem%": 52.58450556637074, "memcap": 64.25976727113047}}