mse,r2
0.15955836758847836,0.8154440913178772
