mse,r2
1.1138490585363354e+26,-1.1881056624387574e+26
