mse,r2
0.08743384396956762,0.9046176247604717
