mse,r2
0.40251958396173665,0.5799795645616661
