mse,r2
0.06403736969164071,0.934798314495784
