{"workload1": {"Best shared with 100-100% MPS thread%": 9.44138473642801, "Random select collocation": 5.994558472666258, "stage1-shared 100-100% throughput of predicted pairs": 9.44138473642801, "_Threads": 9.44138473642801, "_Compute (SM) Throughput": 6.278691561850259, "_DRAM Throughput": 9.44138473642801, "_Memory Throughput": 9.44138473642801, "_Registers": 9.44138473642801, "_Static Shared Memory": 3.2503555076336474, "exclusive_throughput": 9.44138473642801, "sm%": 4.609179950067217, "mem%": 9.44138473642801, "memcap": 9.44138473642801}, "workload2": {"Best shared with 100-100% MPS thread%": 45.5573757703409, "Random select collocation": 17.09996409050611, "stage1-shared 100-100% throughput of predicted pairs": 45.5573757703409, "_Threads": 45.5573757703409, "_Compute (SM) Throughput": 1.561942283280508, "_DRAM Throughput": 45.5573757703409, "_Memory Throughput": 45.5573757703409, "_Registers": 45.5573757703409, "_Static Shared Memory": 2.907434189327918, "exclusive_throughput": 45.5573757703409, "sm%": 20.19948311532081, "mem%": 45.5573757703409, "memcap": 45.5573757703409}, "workload1+workload2": {"Best shared with 100-100% MPS thread%": 54.9987605067689, "Random select collocation": 23.094522563172365, "stage1-shared 100-100% throughput of predicted pairs": 54.9987605067689, "_Threads": 54.9987605067689, "_Compute (SM) Throughput": 7.8406338451307676, "_DRAM Throughput": 54.9987605067689, "_Memory Throughput": 54.9987605067689, "_Registers": 54.9987605067689, "_Static Shared Memory": 6.157789696961565, "exclusive_throughput": 54.9987605067689, "sm%": 24.808663065388025, "mem%": 54.9987605067689, "memcap": 54.9987605067689}}