{"workload1": {"Best shared with 100-100% MPS thread%": 41.31169170922575, "Random select collocation": 51.70517194310345, "stage1-shared 100-100% throughput of predicted pairs": 41.31169170922575, "_Threads": 62.09865217698116, "_Compute (SM) Throughput": 41.31169170922575, "_DRAM Throughput": 62.09865217698116, "_Memory Throughput": 62.09865217698116, "_Registers": 62.09865217698116, "_Static Shared Memory": 62.09865217698116, "exclusive_throughput": 41.31169170922575, "sm%": 41.31169170922575, "mem%": 41.31169170922575, "memcap": 62.09865217698116}, "workload2": {"Best shared with 100-100% MPS thread%": 54.48460040350325, "Random select collocation": 38.11146081965597, "stage1-shared 100-100% throughput of predicted pairs": 54.48460040350325, "_Threads": 21.73832123580868, "_Compute (SM) Throughput": 54.48460040350325, "_DRAM Throughput": 21.73832123580868, "_Memory Throughput": 21.73832123580868, "_Registers": 21.73832123580868, "_Static Shared Memory": 21.73832123580868, "exclusive_throughput": 54.48460040350325, "sm%": 54.48460040350325, "mem%": 54.48460040350325, "memcap": 21.73832123580868}, "workload1+workload2": {"Best shared with 100-100% MPS thread%": 95.79629211272899, "Random select collocation": 89.81663276275941, "stage1-shared 100-100% throughput of predicted pairs": 95.79629211272899, "_Threads": 83.83697341278985, "_Compute (SM) Throughput": 95.79629211272899, "_DRAM Throughput": 83.83697341278985, "_Memory Throughput": 83.83697341278985, "_Registers": 83.83697341278985, "_Static Shared Memory": 83.83697341278985, "exclusive_throughput": 95.79629211272899, "sm%": 95.79629211272899, "mem%": 95.79629211272899, "memcap": 83.83697341278985}}