{"workload1": {"Best shared with 100-100% MPS thread%": 42.27573239522048, "Random select collocation": 24.331798477342456, "stage1-shared 100-100% throughput of predicted pairs": 42.27573239522048, "_Threads": 36.025998142989785, "_Compute (SM) Throughput": 14.920679292752814, "_DRAM Throughput": 42.27573239522048, "_Memory Throughput": 31.224851118622244, "_Registers": 36.025998142989785, "_Static Shared Memory": 11.742956903038175, "exclusive_throughput": 14.920679292752814, "sm%": 36.025998142989785, "mem%": 31.224851118622244, "memcap": 14.920679292752814}, "workload2": {"Best shared with 100-100% MPS thread%": 76.87118482320615, "Random select collocation": 40.24954971231972, "stage1-shared 100-100% throughput of predicted pairs": 76.87118482320615, "_Threads": 13.576580398812048, "_Compute (SM) Throughput": 88.95150695885611, "_DRAM Throughput": 76.87118482320615, "_Memory Throughput": 33.66619115549215, "_Registers": 13.576580398812048, "_Static Shared Memory": 3.4848264846812835, "exclusive_throughput": 88.95150695885611, "sm%": 13.576580398812048, "mem%": 33.66619115549215, "memcap": 88.95150695885611}, "workload1+workload2": {"Best shared with 100-100% MPS thread%": 119.14691721842664, "Random select collocation": 64.58134818966218, "stage1-shared 100-100% throughput of predicted pairs": 119.14691721842664, "_Threads": 49.60257854180183, "_Compute (SM) Throughput": 103.87218625160892, "_DRAM Throughput": 119.14691721842664, "_Memory Throughput": 64.8910422741144, "_Registers": 49.60257854180183, "_Static Shared Memory": 15.227783387719459, "exclusive_throughput": 103.87218625160892, "sm%": 49.60257854180183, "mem%": 64.8910422741144, "memcap": 103.87218625160892}}