mse,r2
0.22208566925984577,0.7178672677589316
