{"workload1": {"Best shared with 100-100% MPS thread%": 9.358288770053475, "Random select collocation": 8.921696255126685, "stage1-shared 100-100% throughput of predicted pairs": 9.615777930908624, "_Threads": 9.615777930908624, "_Compute (SM) Throughput": 9.615777930908624, "_DRAM Throughput": 9.358288770053475, "_Memory Throughput": 9.358288770053475, "_Registers": 9.615777930908624, "_Static Shared Memory": 7.791022064417955, "exclusive_throughput": 7.791022064417955, "sm%": 7.791022064417955, "mem%": 9.358288770053475, "memcap": 9.615777930908624}, "workload2": {"Best shared with 100-100% MPS thread%": 28.973963259819783, "Random select collocation": 15.656259828449423, "stage1-shared 100-100% throughput of predicted pairs": 5.759755730841294, "_Threads": 5.759755730841294, "_Compute (SM) Throughput": 5.759755730841294, "_DRAM Throughput": 28.973963259819783, "_Memory Throughput": 28.973963259819783, "_Registers": 5.759755730841294, "_Static Shared Memory": 12.235060494687197, "exclusive_throughput": 12.235060494687197, "sm%": 12.235060494687197, "mem%": 28.973963259819783, "memcap": 5.759755730841294}, "workload1+workload2": {"Best shared with 100-100% MPS thread%": 38.33225202987326, "Random select collocation": 24.57795608357611, "stage1-shared 100-100% throughput of predicted pairs": 15.37553366174992, "_Threads": 15.37553366174992, "_Compute (SM) Throughput": 15.37553366174992, "_DRAM Throughput": 38.33225202987326, "_Memory Throughput": 38.33225202987326, "_Registers": 15.37553366174992, "_Static Shared Memory": 20.026082559105152, "exclusive_throughput": 20.026082559105152, "sm%": 20.026082559105152, "mem%": 38.33225202987326, "memcap": 15.37553366174992}}