mse,r2
0.21532702109431426,0.7432804201118345
