{"workload1": {"Best shared with 100-100% MPS thread%": 31.03071335378539, "Random select collocation": 22.21021570381292, "stage1-shared 100-100% throughput of predicted pairs": 31.03071335378539, "_Threads": 31.03071335378539, "_Compute (SM) Throughput": 22.384642157132127, "_DRAM Throughput": 31.03071335378539, "_Memory Throughput": 31.03071335378539, "_Registers": 31.03071335378539, "_Static Shared Memory": 11.811782413568404, "exclusive_throughput": 21.13183382694309, "sm%": 17.335072891258722, "mem%": 31.03071335378539, "memcap": 31.03071335378539}, "workload2": {"Best shared with 100-100% MPS thread%": 21.55379221258535, "Random select collocation": 13.928962047642152, "stage1-shared 100-100% throughput of predicted pairs": 21.55379221258535, "_Threads": 21.55379221258535, "_Compute (SM) Throughput": 1.4333245495001836, "_DRAM Throughput": 21.55379221258535, "_Memory Throughput": 21.55379221258535, "_Registers": 21.55379221258535, "_Static Shared Memory": 2.7796848974035977, "exclusive_throughput": 31.13131853436748, "sm%": 17.449377691330405, "mem%": 21.55379221258535, "memcap": 21.55379221258535}, "workload1+workload2": {"Best shared with 100-100% MPS thread%": 52.58450556637074, "Random select collocation": 36.13917775145507, "stage1-shared 100-100% throughput of predicted pairs": 52.58450556637074, "_Threads": 52.58450556637074, "_Compute (SM) Throughput": 23.817966706632312, "_DRAM Throughput": 52.58450556637074, "_Memory Throughput": 52.58450556637074, "_Registers": 52.58450556637074, "_Static Shared Memory": 14.591467310972002, "exclusive_throughput": 52.263152361310574, "sm%": 34.78445058258913, "mem%": 52.58450556637074, "memcap": 52.58450556637074}}