{"workload1": {"Best shared with 100-100% MPS thread%": 3.163979312442957, "Random select collocation": 3.385045984391747, "stage1-shared 100-100% throughput of predicted pairs": 5.873819043912105, "_Threads": 5.873819043912105, "_Compute (SM) Throughput": 5.873819043912105, "_DRAM Throughput": 5.873819043912105, "_Memory Throughput": 5.873819043912105, "_Registers": 5.873819043912105, "_Static Shared Memory": 1.6991106175383557, "exclusive_throughput": 3.163979312442957, "sm%": 3.788667717972369, "mem%": 5.873819043912105, "memcap": 3.163979312442957}, "workload2": {"Best shared with 100-100% MPS thread%": 80.52673308283636, "Random select collocation": 32.883356091188, "stage1-shared 100-100% throughput of predicted pairs": 65.43600661082944, "_Threads": 65.43600661082944, "_Compute (SM) Throughput": 65.43600661082944, "_DRAM Throughput": 65.43600661082944, "_Memory Throughput": 65.43600661082944, "_Registers": 65.43600661082944, "_Static Shared Memory": 3.313421491979044, "exclusive_throughput": 80.52673308283636, "sm%": 3.849762533491967, "mem%": 65.43600661082944, "memcap": 80.52673308283636}, "workload1+workload2": {"Best shared with 100-100% MPS thread%": 83.69071239527932, "Random select collocation": 36.26840207557975, "stage1-shared 100-100% throughput of predicted pairs": 71.30982565474154, "_Threads": 71.30982565474154, "_Compute (SM) Throughput": 71.30982565474154, "_DRAM Throughput": 71.30982565474154, "_Memory Throughput": 71.30982565474154, "_Registers": 71.30982565474154, "_Static Shared Memory": 5.0125321095174, "exclusive_throughput": 83.69071239527932, "sm%": 7.638430251464336, "mem%": 71.30982565474154, "memcap": 83.69071239527932}}