{"workload1": {"Best shared with 100-100% MPS thread%": 3.0695443645083933, "Random select collocation": 3.256789055080877, "stage1-shared 100-100% throughput of predicted pairs": 3.0695443645083933, "_Threads": 3.313421491979044, "_Compute (SM) Throughput": 3.1421541302185334, "_DRAM Throughput": 3.0695443645083933, "_Memory Throughput": 3.1421541302185334, "_Registers": 3.313421491979044, "_Static Shared Memory": 3.313421491979044, "exclusive_throughput": 3.0695443645083933, "sm%": 3.313421491979044, "mem%": 3.044093697204, "memcap": 3.0695443645083933}, "workload2": {"Best shared with 100-100% MPS thread%": 60.36331688157317, "Random select collocation": 18.01556110746949, "stage1-shared 100-100% throughput of predicted pairs": 60.36331688157317, "_Threads": 1.6991106175383557, "_Compute (SM) Throughput": 0.95585192305125, "_DRAM Throughput": 60.36331688157317, "_Memory Throughput": 0.95585192305125, "_Registers": 1.6991106175383557, "_Static Shared Memory": 1.6991106175383557, "exclusive_throughput": 60.36331688157317, "sm%": 1.6991106175383557, "mem%": 22.861831112831894, "memcap": 60.36331688157317}, "workload1+workload2": {"Best shared with 100-100% MPS thread%": 63.432861246081565, "Random select collocation": 21.272350162550374, "stage1-shared 100-100% throughput of predicted pairs": 63.432861246081565, "_Threads": 5.0125321095174, "_Compute (SM) Throughput": 4.098006053269783, "_DRAM Throughput": 63.432861246081565, "_Memory Throughput": 4.098006053269783, "_Registers": 5.0125321095174, "_Static Shared Memory": 5.0125321095174, "exclusive_throughput": 63.432861246081565, "sm%": 5.0125321095174, "mem%": 25.905924810035895, "memcap": 63.432861246081565}}