{"workload1": {"Best shared with 100-100% MPS thread%": 60.66003409582453, "Random select collocation": 61.465915615500435, "stage1-shared 100-100% throughput of predicted pairs": 62.271797135176335, "_Threads": 62.271797135176335, "_Compute (SM) Throughput": 60.66003409582453, "_DRAM Throughput": 60.66003409582453, "_Memory Throughput": 60.66003409582453, "_Registers": 62.271797135176335, "_Static Shared Memory": 62.271797135176335, "exclusive_throughput": 62.271797135176335, "sm%": 62.271797135176335, "mem%": 60.66003409582453, "memcap": 62.271797135176335}, "workload2": {"Best shared with 100-100% MPS thread%": 15.085145537959098, "Random select collocation": 10.729461000256581, "stage1-shared 100-100% throughput of predicted pairs": 6.373776462554064, "_Threads": 6.373776462554064, "_Compute (SM) Throughput": 15.085145537959098, "_DRAM Throughput": 15.085145537959098, "_Memory Throughput": 15.085145537959098, "_Registers": 6.373776462554064, "_Static Shared Memory": 6.373776462554064, "exclusive_throughput": 6.373776462554064, "sm%": 6.373776462554064, "mem%": 15.085145537959098, "memcap": 6.373776462554064}, "workload1+workload2": {"Best shared with 100-100% MPS thread%": 75.74517963378362, "Random select collocation": 72.19537661575701, "stage1-shared 100-100% throughput of predicted pairs": 68.6455735977304, "_Threads": 68.6455735977304, "_Compute (SM) Throughput": 75.74517963378362, "_DRAM Throughput": 75.74517963378362, "_Memory Throughput": 75.74517963378362, "_Registers": 68.6455735977304, "_Static Shared Memory": 68.6455735977304, "exclusive_throughput": 68.6455735977304, "sm%": 68.6455735977304, "mem%": 75.74517963378362, "memcap": 68.6455735977304}}