mse,r2
0.26581565888881703,0.6058627641910499
