mse,r2
0.069561245524231,0.9278624120489456
