mse,r2
0.27913092690528046,0.7097038360185084
