mse,r2
0.17380382593339652,0.804035363470333
