{"workload1": {"Best shared with 100-100% MPS thread%": 16.967408805729832, "Random select collocation": 19.741694080442063, "stage1-shared 100-100% throughput of predicted pairs": 18.106009718666986, "_Threads": 22.78488562822463, "_Compute (SM) Throughput": 18.106009718666986, "_DRAM Throughput": 18.106009718666986, "_Memory Throughput": 18.106009718666986, "_Registers": 22.78488562822463, "_Static Shared Memory": 15.587181034176812, "exclusive_throughput": 16.967408805729832, "sm%": 22.78488562822463, "mem%": 18.106009718666986, "memcap": 25.26298521541206}, "workload2": {"Best shared with 100-100% MPS thread%": 17.223943891697928, "Random select collocation": 7.203383130765779, "stage1-shared 100-100% throughput of predicted pairs": 1.9338632074217816, "_Threads": 2.920463577383043, "_Compute (SM) Throughput": 1.9338632074217816, "_DRAM Throughput": 1.9338632074217816, "_Memory Throughput": 1.9338632074217816, "_Registers": 2.920463577383043, "_Static Shared Memory": 5.903306315146925, "exclusive_throughput": 17.223943891697928, "sm%": 2.920463577383043, "mem%": 1.9338632074217816, "memcap": 8.035338662179218}, "workload1+workload2": {"Best shared with 100-100% MPS thread%": 34.19135269742776, "Random select collocation": 26.945077211207842, "stage1-shared 100-100% throughput of predicted pairs": 20.03987292608877, "_Threads": 25.70534920560767, "_Compute (SM) Throughput": 20.03987292608877, "_DRAM Throughput": 20.03987292608877, "_Memory Throughput": 20.03987292608877, "_Registers": 25.70534920560767, "_Static Shared Memory": 21.490487349323736, "exclusive_throughput": 34.19135269742776, "sm%": 25.70534920560767, "mem%": 20.03987292608877, "memcap": 33.29832387759127}}