{"workload1": {"Best shared with 100-100% MPS thread%": 72.32534018607676, "Random select collocation": 72.99421128520696, "stage1-shared 100-100% throughput of predicted pairs": 72.32534018607676, "_Threads": 95.44626593806922, "_Compute (SM) Throughput": 95.44626593806922, "_DRAM Throughput": 95.44626593806922, "_Memory Throughput": 88.95150695885611, "_Registers": 76.38854825787675, "_Static Shared Memory": 43.00639756984397, "exclusive_throughput": 72.32534018607676, "sm%": 61.84720880051893, "mem%": 88.95150695885611, "memcap": 95.44626593806922}, "workload2": {"Best shared with 100-100% MPS thread%": 40.41189042160482, "Random select collocation": 16.713498179575932, "stage1-shared 100-100% throughput of predicted pairs": 40.41189042160482, "_Threads": 13.794080827644848, "_Compute (SM) Throughput": 13.794080827644848, "_DRAM Throughput": 13.794080827644848, "_Memory Throughput": 14.920679292752814, "_Registers": 11.38203404798116, "_Static Shared Memory": 3.108606955508063, "exclusive_throughput": 40.41189042160482, "sm%": 16.663697531963876, "mem%": 14.920679292752814, "memcap": 13.794080827644848}, "workload1+workload2": {"Best shared with 100-100% MPS thread%": 112.73723060768157, "Random select collocation": 89.7077094647829, "stage1-shared 100-100% throughput of predicted pairs": 112.73723060768157, "_Threads": 109.24034676571407, "_Compute (SM) Throughput": 109.24034676571407, "_DRAM Throughput": 109.24034676571407, "_Memory Throughput": 103.87218625160892, "_Registers": 87.77058230585791, "_Static Shared Memory": 46.115004525352035, "exclusive_throughput": 112.73723060768157, "sm%": 78.5109063324828, "mem%": 103.87218625160892, "memcap": 109.24034676571407}}