{"workload1": {"Best shared with 100-100% MPS thread%": 6.393180607352158, "Random select collocation": 6.84371778640914, "stage1-shared 100-100% throughput of predicted pairs": 6.393180607352158, "_Threads": 8.234666436728338, "_Compute (SM) Throughput": 6.393180607352158, "_DRAM Throughput": 6.393180607352158, "_Memory Throughput": 8.234666436728338, "_Registers": 8.234666436728338, "_Static Shared Memory": 6.393180607352158, "exclusive_throughput": 5.903306315146925, "sm%": 5.903306315146925, "mem%": 6.393180607352158, "memcap": 8.234666436728338}, "workload2": {"Best shared with 100-100% MPS thread%": 15.27358509426041, "Random select collocation": 12.643871883872288, "stage1-shared 100-100% throughput of predicted pairs": 15.27358509426041, "_Threads": 7.070849523179645, "_Compute (SM) Throughput": 15.27358509426041, "_DRAM Throughput": 15.27358509426041, "_Memory Throughput": 7.070849523179645, "_Registers": 7.070849523179645, "_Static Shared Memory": 15.27358509426041, "exclusive_throughput": 15.587181034176812, "sm%": 15.587181034176812, "mem%": 15.27358509426041, "memcap": 7.070849523179645}, "workload1+workload2": {"Best shared with 100-100% MPS thread%": 21.66676570161257, "Random select collocation": 19.487589670281427, "stage1-shared 100-100% throughput of predicted pairs": 21.66676570161257, "_Threads": 15.305515959907982, "_Compute (SM) Throughput": 21.66676570161257, "_DRAM Throughput": 21.66676570161257, "_Memory Throughput": 15.305515959907982, "_Registers": 15.305515959907982, "_Static Shared Memory": 21.66676570161257, "exclusive_throughput": 21.490487349323736, "sm%": 21.490487349323736, "mem%": 21.66676570161257, "memcap": 15.305515959907982}}