{"workload1": {"Best shared with 100-100% MPS thread%": 56.28430791433652, "Random select collocation": 42.73629618838982, "stage1-shared 100-100% throughput of predicted pairs": 56.28430791433652, "_Threads": 51.83239079129002, "_Compute (SM) Throughput": 56.28430791433652, "_DRAM Throughput": 56.28430791433652, "_Memory Throughput": 39.446261246759406, "_Registers": 51.83239079129002, "_Static Shared Memory": 22.861831112831894, "exclusive_throughput": 56.28430791433652, "sm%": 51.83239079129002, "mem%": 56.28430791433652, "memcap": 54.86166753075364}, "workload2": {"Best shared with 100-100% MPS thread%": 64.34995799071665, "Random select collocation": 23.746659448777308, "stage1-shared 100-100% throughput of predicted pairs": 64.34995799071665, "_Threads": 3.133285128946734, "_Compute (SM) Throughput": 64.34995799071665, "_DRAM Throughput": 64.34995799071665, "_Memory Throughput": 40.43358848097768, "_Registers": 3.133285128946734, "_Static Shared Memory": 3.044093697204, "exclusive_throughput": 64.34995799071665, "sm%": 3.133285128946734, "mem%": 64.34995799071665, "memcap": 10.387197567875692}, "workload1+workload2": {"Best shared with 100-100% MPS thread%": 120.63426590505317, "Random select collocation": 66.48295563716714, "stage1-shared 100-100% throughput of predicted pairs": 120.63426590505317, "_Threads": 54.96567592023675, "_Compute (SM) Throughput": 120.63426590505317, "_DRAM Throughput": 120.63426590505317, "_Memory Throughput": 79.87984972773708, "_Registers": 54.96567592023675, "_Static Shared Memory": 25.905924810035895, "exclusive_throughput": 120.63426590505317, "sm%": 54.96567592023675, "mem%": 120.63426590505317, "memcap": 65.24886509862934}}