mse,r2
0.25883211235376874,0.6685308039273
