mse,r2
0.11359872511369007,0.8814621998813669
