mse,r2
0.15589964341034954,0.8401029298355389
