mse,r2
0.14517509497749173,0.8490179012234086
