{"workload1": {"Best shared with 100-100% MPS thread%": 80.92285308483736, "Random select collocation": 66.442412073835, "stage1-shared 100-100% throughput of predicted pairs": 52.56636503585777, "_Threads": 80.92285308483736, "_Compute (SM) Throughput": 80.92285308483736, "_DRAM Throughput": 80.92285308483736, "_Memory Throughput": 80.92285308483736, "_Registers": 80.92285308483736, "_Static Shared Memory": 80.92285308483736, "exclusive_throughput": 52.56636503585777, "sm%": 65.43600661082944, "mem%": 80.92285308483736, "memcap": 52.56636503585777}, "workload2": {"Best shared with 100-100% MPS thread%": 80.82296944572394, "Random select collocation": 46.46640599840413, "stage1-shared 100-100% throughput of predicted pairs": 90.29066171923314, "_Threads": 80.82296944572394, "_Compute (SM) Throughput": 80.82296944572394, "_DRAM Throughput": 80.82296944572394, "_Memory Throughput": 80.82296944572394, "_Registers": 80.82296944572394, "_Static Shared Memory": 80.82296944572394, "exclusive_throughput": 90.29066171923314, "sm%": 5.873819043912105, "mem%": 80.82296944572394, "memcap": 90.29066171923314}, "workload1+workload2": {"Best shared with 100-100% MPS thread%": 161.7458225305613, "Random select collocation": 112.90881807223913, "stage1-shared 100-100% throughput of predicted pairs": 142.8570267550909, "_Threads": 161.7458225305613, "_Compute (SM) Throughput": 161.7458225305613, "_DRAM Throughput": 161.7458225305613, "_Memory Throughput": 161.7458225305613, "_Registers": 161.7458225305613, "_Static Shared Memory": 161.7458225305613, "exclusive_throughput": 142.8570267550909, "sm%": 71.30982565474154, "mem%": 161.7458225305613, "memcap": 142.8570267550909}}