{"workload1": {"Best shared with 100-100% MPS thread%": 3.424276694985491, "Random select collocation": 3.2668571253371654, "stage1-shared 100-100% throughput of predicted pairs": 3.7903062916590815, "_Threads": 3.7903062916590815, "_Compute (SM) Throughput": 3.7903062916590815, "_DRAM Throughput": 3.7903062916590815, "_Memory Throughput": 3.7903062916590815, "_Registers": 3.7903062916590815, "_Static Shared Memory": 2.1413381078209435, "exclusive_throughput": 3.424276694985491, "sm%": 3.693033998756298, "mem%": 3.7903062916590815, "memcap": 3.7903062916590815}, "workload2": {"Best shared with 100-100% MPS thread%": 17.324787369671142, "Random select collocation": 8.527732806330746, "stage1-shared 100-100% throughput of predicted pairs": 11.660452119954767, "_Threads": 11.660452119954767, "_Compute (SM) Throughput": 11.660452119954767, "_DRAM Throughput": 11.660452119954767, "_Memory Throughput": 11.660452119954767, "_Registers": 11.660452119954767, "_Static Shared Memory": 2.389257357954705, "exclusive_throughput": 17.324787369671142, "sm%": 3.8838592978200177, "mem%": 11.660452119954767, "memcap": 11.660452119954767}, "workload1+workload2": {"Best shared with 100-100% MPS thread%": 20.749064064656633, "Random select collocation": 11.794589931667911, "stage1-shared 100-100% throughput of predicted pairs": 15.45075841161385, "_Threads": 15.45075841161385, "_Compute (SM) Throughput": 15.45075841161385, "_DRAM Throughput": 15.45075841161385, "_Memory Throughput": 15.45075841161385, "_Registers": 15.45075841161385, "_Static Shared Memory": 4.530595465775649, "exclusive_throughput": 20.749064064656633, "sm%": 7.576893296576316, "mem%": 15.45075841161385, "memcap": 15.45075841161385}}