mse,r2
0.12498634028295408,0.8455305997330893
