mse,r2
0.4174507993765855,0.522913372141045
