{"workload1": {"Best shared with 100-100% MPS thread%": 7.033997655334115, "Random select collocation": 3.9085839222877246, "stage1-shared 100-100% throughput of predicted pairs": 5.873819043912105, "_Threads": 6.707317073170732, "_Compute (SM) Throughput": 5.873819043912105, "_DRAM Throughput": 6.707317073170732, "_Memory Throughput": 6.707317073170732, "_Registers": 6.707317073170732, "_Static Shared Memory": 1.6991106175383557, "exclusive_throughput": 2.062128222075347, "sm%": 3.788667717972369, "mem%": 6.707317073170732, "memcap": 7.033997655334115}, "workload2": {"Best shared with 100-100% MPS thread%": 85.76883536495814, "Random select collocation": 32.316506529303936, "stage1-shared 100-100% throughput of predicted pairs": 65.43600661082944, "_Threads": 56.58366437360721, "_Compute (SM) Throughput": 65.43600661082944, "_DRAM Throughput": 56.58366437360721, "_Memory Throughput": 56.58366437360721, "_Registers": 56.58366437360721, "_Static Shared Memory": 3.313421491979044, "exclusive_throughput": 87.77829967120714, "sm%": 3.849762533491967, "mem%": 56.58366437360721, "memcap": 85.76883536495814}, "workload1+workload2": {"Best shared with 100-100% MPS thread%": 92.80283302029225, "Random select collocation": 36.22509045159166, "stage1-shared 100-100% throughput of predicted pairs": 71.30982565474154, "_Threads": 63.29098144677795, "_Compute (SM) Throughput": 71.30982565474154, "_DRAM Throughput": 63.29098144677795, "_Memory Throughput": 63.29098144677795, "_Registers": 63.29098144677795, "_Static Shared Memory": 5.0125321095174, "exclusive_throughput": 89.84042789328248, "sm%": 7.638430251464336, "mem%": 63.29098144677795, "memcap": 92.80283302029225}}