mse,r2
0.1637584192829722,0.8214375515908271
