mse,r2
0.08978013442270327,0.9084242628888426
