mse,r2
0.09790194938121718,0.9007191499232727
