mse,r2
0.2170598940121475,0.7612341165866378
