mse,r2
0.3763506773969129,0.6156418613818762
