mse,r2
0.08834987336386396,0.9081161317015816
