{"workload1": {"Best shared with 100-100% MPS thread%": 56.28430791433652, "Random select collocation": 47.14840883795506, "stage1-shared 100-100% throughput of predicted pairs": 56.28430791433652, "_Threads": 51.83239079129002, "_Compute (SM) Throughput": 55.35159559446485, "_DRAM Throughput": 55.35159559446485, "_Memory Throughput": 47.01700529143272, "_Registers": 51.83239079129002, "_Static Shared Memory": 22.861831112831894, "exclusive_throughput": 55.35159559446485, "sm%": 51.83239079129002, "mem%": 56.28430791433652, "memcap": 55.35159559446485}, "workload2": {"Best shared with 100-100% MPS thread%": 64.34995799071665, "Random select collocation": 19.860475905055086, "stage1-shared 100-100% throughput of predicted pairs": 64.34995799071665, "_Threads": 3.133285128946734, "_Compute (SM) Throughput": 29.918032786885245, "_DRAM Throughput": 29.918032786885245, "_Memory Throughput": 2.021263694061528, "_Registers": 3.133285128946734, "_Static Shared Memory": 3.044093697204, "exclusive_throughput": 29.918032786885245, "sm%": 3.133285128946734, "mem%": 64.34995799071665, "memcap": 29.918032786885245}, "workload1+workload2": {"Best shared with 100-100% MPS thread%": 120.63426590505317, "Random select collocation": 67.00888474301014, "stage1-shared 100-100% throughput of predicted pairs": 120.63426590505317, "_Threads": 54.96567592023675, "_Compute (SM) Throughput": 85.26962838135009, "_DRAM Throughput": 85.26962838135009, "_Memory Throughput": 49.03826898549425, "_Registers": 54.96567592023675, "_Static Shared Memory": 25.905924810035895, "exclusive_throughput": 85.26962838135009, "sm%": 54.96567592023675, "mem%": 120.63426590505317, "memcap": 85.26962838135009}}