mse,r2
0.17238225763440423,0.7972836470374444
