{"workload1": {"Best shared with 100-100% MPS thread%": 21.32138453673353, "Random select collocation": 13.36137471455094, "stage1-shared 100-100% throughput of predicted pairs": 22.196555014312256, "_PCIe read bandwidth": 9.729663156598312, "_PCIe write bandwidth": 9.729663156598312, "_Long_Kernel": 16.0618929487449, "_ave_Kernel_Length": 15.066061920725694, "_long/short_Ratio": 15.066061920725694, "_avg_Thread": 16.0618929487449, "sm%": 19.05522023245373, "mem%": 21.32138453673353, "CPU%": 9.729663156598312, "MainMem%": 15.066061920725694}, "workload2": {"Best shared with 100-100% MPS thread%": 78.23043820431674, "Random select collocation": 33.22577231452518, "stage1-shared 100-100% throughput of predicted pairs": 69.30105612910882, "_PCIe read bandwidth": 83.86888306466089, "_PCIe write bandwidth": 83.86888306466089, "_Long_Kernel": 13.913918109048238, "_ave_Kernel_Length": 15.934507711424605, "_long/short_Ratio": 15.934507711424605, "_avg_Thread": 13.913918109048238, "sm%": 5.126327352618089, "mem%": 78.23043820431674, "CPU%": 83.86888306466089, "MainMem%": 15.934507711424605}, "workload1+workload2": {"Best shared with 100-100% MPS thread%": 99.55182274105027, "Random select collocation": 46.58714702907612, "stage1-shared 100-100% throughput of predicted pairs": 91.49761114342107, "_PCIe read bandwidth": 93.5985462212592, "_PCIe write bandwidth": 93.5985462212592, "_Long_Kernel": 29.975811057793138, "_ave_Kernel_Length": 31.0005696321503, "_long/short_Ratio": 31.0005696321503, "_avg_Thread": 29.975811057793138, "sm%": 24.18154758507182, "mem%": 99.55182274105027, "CPU%": 93.5985462212592, "MainMem%": 31.0005696321503}}