{"workload1": {"Best shared with 100-100% MPS thread%": 79.89192701653585, "Random select collocation": 63.72564324956698, "stage1-shared 100-100% throughput of predicted pairs": 79.89192701653585, "_PCIe read bandwidth": 52.61810519682559, "_PCIe write bandwidth": 52.61810519682559, "_Long_Kernel": 78.86696264285352, "_ave_Kernel_Length": 78.23043820431674, "_long/short_Ratio": 78.23043820431674, "_avg_Thread": 78.86696264285352, "sm%": 66.97823780715083, "mem%": 79.89192701653585, "CPU%": 65.43844508648831, "MainMem%": 78.23043820431674}, "workload2": {"Best shared with 100-100% MPS thread%": 80.02237467713012, "Random select collocation": 48.69671244316075, "stage1-shared 100-100% throughput of predicted pairs": 80.02237467713012, "_PCIe read bandwidth": 92.6984126984127, "_PCIe write bandwidth": 92.6984126984127, "_Long_Kernel": 19.00976676833965, "_ave_Kernel_Length": 21.32138453673353, "_long/short_Ratio": 21.32138453673353, "_avg_Thread": 19.00976676833965, "sm%": 25.52420466630779, "mem%": 80.02237467713012, "CPU%": 85.55836354979306, "MainMem%": 21.32138453673353}, "workload1+workload2": {"Best shared with 100-100% MPS thread%": 159.91430169366595, "Random select collocation": 112.42235569272772, "stage1-shared 100-100% throughput of predicted pairs": 159.91430169366595, "_PCIe read bandwidth": 145.3165178952383, "_PCIe write bandwidth": 145.3165178952383, "_Long_Kernel": 97.87672941119317, "_ave_Kernel_Length": 99.55182274105027, "_long/short_Ratio": 99.55182274105027, "_avg_Thread": 97.87672941119317, "sm%": 92.50244247345861, "mem%": 159.91430169366595, "CPU%": 150.99680863628137, "MainMem%": 99.55182274105027}}