{"workload1": {"Best shared with 100-100% MPS thread%": 61.571012959534514, "Random select collocation": 61.83483256825784, "stage1-shared 100-100% throughput of predicted pairs": 61.571012959534514, "_PCIe read bandwidth": 61.571012959534514, "_PCIe write bandwidth": 61.571012959534514, "_Long_Kernel": 61.571012959534514, "_ave_Kernel_Length": 62.09865217698116, "_long/short_Ratio": 62.09865217698116, "_avg_Thread": 62.09865217698116, "sm%": 62.09865217698116, "mem%": 61.571012959534514, "CPU%": 62.09865217698116, "MainMem%": 62.09865217698116}, "workload2": {"Best shared with 100-100% MPS thread%": 62.26737884110588, "Random select collocation": 42.00285003845728, "stage1-shared 100-100% throughput of predicted pairs": 62.26737884110588, "_PCIe read bandwidth": 62.26737884110588, "_PCIe write bandwidth": 62.26737884110588, "_Long_Kernel": 62.26737884110588, "_ave_Kernel_Length": 21.73832123580868, "_long/short_Ratio": 21.73832123580868, "_avg_Thread": 21.73832123580868, "sm%": 21.73832123580868, "mem%": 62.26737884110588, "CPU%": 21.73832123580868, "MainMem%": 21.73832123580868}, "workload1+workload2": {"Best shared with 100-100% MPS thread%": 123.8383918006404, "Random select collocation": 103.83768260671512, "stage1-shared 100-100% throughput of predicted pairs": 123.8383918006404, "_PCIe read bandwidth": 123.8383918006404, "_PCIe write bandwidth": 123.8383918006404, "_Long_Kernel": 123.8383918006404, "_ave_Kernel_Length": 83.83697341278985, "_long/short_Ratio": 83.83697341278985, "_avg_Thread": 83.83697341278985, "sm%": 83.83697341278985, "mem%": 123.8383918006404, "CPU%": 83.83697341278985, "MainMem%": 83.83697341278985}}