{"workload1": {"Best shared with 100-100% MPS thread%": 1.5092631022903067, "Random select collocation": 1.8120194754783299, "stage1-shared 100-100% throughput of predicted pairs": 1.8773345719870715, "_PCIe read bandwidth": 1.4333245495001836, "_PCIe write bandwidth": 1.5092631022903067, "_Long_Kernel": 1.561942283280508, "_ave_Kernel_Length": 1.8773345719870715, "_long/short_Ratio": 1.8773345719870715, "_avg_Thread": 2.4402924996645643, "sm%": 2.4402924996645643, "mem%": 1.8773345719870715, "CPU%": 1.4333245495001836, "MainMem%": 1.4333245495001836}, "workload2": {"Best shared with 100-100% MPS thread%": 83.40771949869675, "Random select collocation": 22.455187797318782, "stage1-shared 100-100% throughput of predicted pairs": 1.887885216578832, "_PCIe read bandwidth": 22.384642157132127, "_PCIe write bandwidth": 83.40771949869675, "_Long_Kernel": 6.278691561850259, "_ave_Kernel_Length": 1.887885216578832, "_long/short_Ratio": 1.887885216578832, "_avg_Thread": 3.1159964925466617, "sm%": 3.1159964925466617, "mem%": 1.887885216578832, "CPU%": 22.384642157132127, "MainMem%": 22.384642157132127}, "workload1+workload2": {"Best shared with 100-100% MPS thread%": 84.91698260098705, "Random select collocation": 24.267207272797105, "stage1-shared 100-100% throughput of predicted pairs": 3.7652197885659033, "_PCIe read bandwidth": 23.817966706632312, "_PCIe write bandwidth": 84.91698260098705, "_Long_Kernel": 7.8406338451307676, "_ave_Kernel_Length": 3.7652197885659033, "_long/short_Ratio": 3.7652197885659033, "_avg_Thread": 5.5562889922112255, "sm%": 5.5562889922112255, "mem%": 3.7652197885659033, "CPU%": 23.817966706632312, "MainMem%": 23.817966706632312}}