{"workload1": {"Best shared with 100-100% MPS thread%": 2.934469810129216, "Random select collocation": 2.7601874263636255, "stage1-shared 100-100% throughput of predicted pairs": 2.907434189327918, "_PCIe read bandwidth": 2.934469810129216, "_PCIe write bandwidth": 2.934469810129216, "_Long_Kernel": 2.907434189327918, "_ave_Kernel_Length": 3.700801045380914, "_long/short_Ratio": 3.700801045380914, "_avg_Thread": 3.313421491979044, "sm%": 3.313421491979044, "mem%": 0.9448105950010336, "CPU%": 2.934469810129216, "MainMem%": 3.700801045380914}, "workload2": {"Best shared with 100-100% MPS thread%": 10.54139215124606, "Random select collocation": 4.783496802539748, "stage1-shared 100-100% throughput of predicted pairs": 3.2503555076336474, "_PCIe read bandwidth": 10.54139215124606, "_PCIe write bandwidth": 10.54139215124606, "_Long_Kernel": 3.2503555076336474, "_ave_Kernel_Length": 4.90239666139081, "_long/short_Ratio": 4.90239666139081, "_avg_Thread": 1.6991106175383557, "sm%": 1.6991106175383557, "mem%": 3.524229074889868, "CPU%": 10.54139215124606, "MainMem%": 4.90239666139081}, "workload1+workload2": {"Best shared with 100-100% MPS thread%": 13.475861961375276, "Random select collocation": 7.543684228903373, "stage1-shared 100-100% throughput of predicted pairs": 6.157789696961565, "_PCIe read bandwidth": 13.475861961375276, "_PCIe write bandwidth": 13.475861961375276, "_Long_Kernel": 6.157789696961565, "_ave_Kernel_Length": 8.603197706771724, "_long/short_Ratio": 8.603197706771724, "_avg_Thread": 5.0125321095174, "sm%": 5.0125321095174, "mem%": 4.469039669890901, "CPU%": 13.475861961375276, "MainMem%": 8.603197706771724}}