mse,r2
0.5961563799076095,0.28738709179386507
