mse,r2
0.18303581764171895,0.8090061033303803
