mse,r2
0.047510259141459024,0.9457025609811897
