{"workload1": {"Best shared with 100-100% MPS thread%": 58.77025259132535, "Random select collocation": 43.79773578225185, "stage1-shared 100-100% throughput of predicted pairs": 58.77025259132535, "_Threads": 60.13179571663921, "_Compute (SM) Throughput": 20.798668885191347, "_DRAM Throughput": 60.13179571663921, "_Memory Throughput": 60.13179571663921, "_Registers": 60.13179571663921, "_Static Shared Memory": 60.13179571663921, "exclusive_throughput": 20.798668885191347, "sm%": 56.58366437360721, "mem%": 60.13179571663921, "memcap": 20.798668885191347}, "workload2": {"Best shared with 100-100% MPS thread%": 81.52278407998462, "Random select collocation": 42.4680406051039, "stage1-shared 100-100% throughput of predicted pairs": 81.52278407998462, "_Threads": 60.17783423308987, "_Compute (SM) Throughput": 101.56742537881256, "_DRAM Throughput": 60.17783423308987, "_Memory Throughput": 60.17783423308987, "_Registers": 60.17783423308987, "_Static Shared Memory": 60.17783423308987, "exclusive_throughput": 101.56742537881256, "sm%": 6.707317073170732, "mem%": 60.17783423308987, "memcap": 101.56742537881256}, "workload1+workload2": {"Best shared with 100-100% MPS thread%": 140.29303667130998, "Random select collocation": 86.26577638735574, "stage1-shared 100-100% throughput of predicted pairs": 140.29303667130998, "_Threads": 120.30962994972907, "_Compute (SM) Throughput": 122.3660942640039, "_DRAM Throughput": 120.30962994972907, "_Memory Throughput": 120.30962994972907, "_Registers": 120.30962994972907, "_Static Shared Memory": 120.30962994972907, "exclusive_throughput": 122.3660942640039, "sm%": 63.29098144677795, "mem%": 120.30962994972907, "memcap": 122.3660942640039}}