{"workload1": {"Best shared with 100-100% MPS thread%": 1.5092631022903067, "Random select collocation": 1.9329126827543934, "stage1-shared 100-100% throughput of predicted pairs": 2.717503191007535, "_Threads": 2.9890744176458464, "_Compute (SM) Throughput": 2.9890744176458464, "_DRAM Throughput": 2.9890744176458464, "_Memory Throughput": 2.9890744176458464, "_Registers": 2.9890744176458464, "_Static Shared Memory": 0.95585192305125, "exclusive_throughput": 1.5092631022903067, "sm%": 1.5484488905443516, "mem%": 2.717503191007535, "memcap": 1.5092631022903067}, "workload2": {"Best shared with 100-100% MPS thread%": 83.40771949869675, "Random select collocation": 39.71055302774581, "stage1-shared 100-100% throughput of predicted pairs": 67.33929086191986, "_Threads": 59.948161264659845, "_Compute (SM) Throughput": 59.948161264659845, "_DRAM Throughput": 59.948161264659845, "_Memory Throughput": 59.948161264659845, "_Registers": 59.948161264659845, "_Static Shared Memory": 3.1421541302185334, "exclusive_throughput": 83.40771949869675, "sm%": 22.538107194401057, "mem%": 67.33929086191986, "memcap": 83.40771949869675}, "workload1+workload2": {"Best shared with 100-100% MPS thread%": 84.91698260098705, "Random select collocation": 41.64346571050021, "stage1-shared 100-100% throughput of predicted pairs": 70.0567940529274, "_Threads": 62.93723568230569, "_Compute (SM) Throughput": 62.93723568230569, "_DRAM Throughput": 62.93723568230569, "_Memory Throughput": 62.93723568230569, "_Registers": 62.93723568230569, "_Static Shared Memory": 4.098006053269783, "exclusive_throughput": 84.91698260098705, "sm%": 24.086556084945407, "mem%": 70.0567940529274, "memcap": 84.91698260098705}}