mse,r2
0.14814529558020098,0.8294994107876168
