mse,r2
0.20222263220304415,0.7749643867418715
