mse,r2
0.3976366258378894,0.5951336173286945
