mse,r2
0.1642468593375941,0.8286119728651192
