mse,r2
0.18498287220921186,0.7780205533489457
