mse,r2
0.09521911766725823,0.9012542483450655
