mse,r2
0.07576729332888475,0.922855119519681
