mse,r2
0.17204489345351737,0.8036159139128876
