{"workload1": {"Best shared with 100-100% MPS thread%": 28.799499139145404, "Random select collocation": 23.427398045945733, "stage1-shared 100-100% throughput of predicted pairs": 28.799499139145404, "_Threads": 26.370516106206907, "_Compute (SM) Throughput": 28.799499139145404, "_DRAM Throughput": 28.799499139145404, "_Memory Throughput": 28.055331347936207, "_Registers": 26.370516106206907, "_Static Shared Memory": 11.104234944275774, "exclusive_throughput": 28.799499139145404, "sm%": 26.370516106206907, "mem%": 28.055331347936207, "memcap": 28.799499139145404}, "workload2": {"Best shared with 100-100% MPS thread%": 21.35361439175107, "Random select collocation": 11.48633825738646, "stage1-shared 100-100% throughput of predicted pairs": 21.35361439175107, "_Threads": 2.2632245195442864, "_Compute (SM) Throughput": 21.35361439175107, "_DRAM Throughput": 21.35361439175107, "_Memory Throughput": 15.52579629728432, "_Registers": 2.2632245195442864, "_Static Shared Memory": 2.9377099490948373, "exclusive_throughput": 21.35361439175107, "sm%": 2.2632245195442864, "mem%": 15.52579629728432, "memcap": 21.35361439175107}, "workload1+workload2": {"Best shared with 100-100% MPS thread%": 50.153113530896476, "Random select collocation": 34.9137363033322, "stage1-shared 100-100% throughput of predicted pairs": 50.153113530896476, "_Threads": 28.633740625751194, "_Compute (SM) Throughput": 50.153113530896476, "_DRAM Throughput": 50.153113530896476, "_Memory Throughput": 43.581127645220526, "_Registers": 28.633740625751194, "_Static Shared Memory": 14.041944893370612, "exclusive_throughput": 50.153113530896476, "sm%": 28.633740625751194, "mem%": 43.581127645220526, "memcap": 50.153113530896476}}