mse,r2
0.19375861215888374,0.7781428930124384
