mse,r2
0.1872530213306259,0.8096772570082162
