{"workload1": {"Best shared with 100-100% MPS thread%": 6.350704020902889, "Random select collocation": 12.018369496298353, "stage1-shared 100-100% throughput of predicted pairs": 22.196555014312256, "_Threads": 22.196555014312256, "_Compute (SM) Throughput": 22.196555014312256, "_DRAM Throughput": 22.196555014312256, "_Memory Throughput": 22.196555014312256, "_Registers": 22.196555014312256, "_Static Shared Memory": 4.90239666139081, "exclusive_throughput": 7.720493621401698, "sm%": 19.05522023245373, "mem%": 21.32138453673353, "memcap": 9.729663156598312}, "workload2": {"Best shared with 100-100% MPS thread%": 93.996459037502, "Random select collocation": 38.72382064233811, "stage1-shared 100-100% throughput of predicted pairs": 69.30105612910882, "_Threads": 69.30105612910882, "_Compute (SM) Throughput": 69.30105612910882, "_DRAM Throughput": 69.30105612910882, "_Memory Throughput": 69.30105612910882, "_Registers": 69.30105612910882, "_Static Shared Memory": 3.700801045380914, "exclusive_throughput": 61.38835783505834, "sm%": 5.126327352618089, "mem%": 78.23043820431674, "memcap": 83.86888306466089}, "workload1+workload2": {"Best shared with 100-100% MPS thread%": 100.3471630584049, "Random select collocation": 50.742190138636474, "stage1-shared 100-100% throughput of predicted pairs": 91.49761114342107, "_Threads": 91.49761114342107, "_Compute (SM) Throughput": 91.49761114342107, "_DRAM Throughput": 91.49761114342107, "_Memory Throughput": 91.49761114342107, "_Registers": 91.49761114342107, "_Static Shared Memory": 8.603197706771724, "exclusive_throughput": 69.10885145646004, "sm%": 24.18154758507182, "mem%": 99.55182274105027, "memcap": 93.5985462212592}}