{"workload1": {"Best shared with 100-100% MPS thread%": 80.92285308483736, "Random select collocation": 60.683518359809774, "stage1-shared 100-100% throughput of predicted pairs": 80.92285308483736, "_Threads": 77.98364212986147, "_Compute (SM) Throughput": 80.92285308483736, "_DRAM Throughput": 77.98364212986147, "_Memory Throughput": 77.98364212986147, "_Registers": 77.98364212986147, "_Static Shared Memory": 77.98364212986147, "exclusive_throughput": 38.74561084877104, "sm%": 52.483767327956144, "mem%": 77.98364212986147, "memcap": 72.20216606498194}, "workload2": {"Best shared with 100-100% MPS thread%": 80.82296944572394, "Random select collocation": 51.27313497295045, "stage1-shared 100-100% throughput of predicted pairs": 80.82296944572394, "_Threads": 61.59628967231502, "_Compute (SM) Throughput": 80.82296944572394, "_DRAM Throughput": 61.59628967231502, "_Memory Throughput": 61.59628967231502, "_Registers": 61.59628967231502, "_Static Shared Memory": 61.59628967231502, "exclusive_throughput": 96.51496684363832, "sm%": 27.516737301148577, "mem%": 61.59628967231502, "memcap": 71.39364303178485}, "workload1+workload2": {"Best shared with 100-100% MPS thread%": 161.7458225305613, "Random select collocation": 111.95665333276021, "stage1-shared 100-100% throughput of predicted pairs": 161.7458225305613, "_Threads": 139.57993180217647, "_Compute (SM) Throughput": 161.7458225305613, "_DRAM Throughput": 139.57993180217647, "_Memory Throughput": 139.57993180217647, "_Registers": 139.57993180217647, "_Static Shared Memory": 139.57993180217647, "exclusive_throughput": 135.26057769240936, "sm%": 80.00050462910473, "mem%": 139.57993180217647, "memcap": 143.5958090967668}}