mse,r2
0.2235448695665386,0.7490550890077822
