{"workload1": {"Best shared with 100-100% MPS thread%": 25.52420466630779, "Random select collocation": 19.475738088294918, "stage1-shared 100-100% throughput of predicted pairs": 25.52420466630779, "_Threads": 22.78488562822463, "_Compute (SM) Throughput": 12.097491549546344, "_DRAM Throughput": 25.52420466630779, "_Memory Throughput": 18.106009718666986, "_Registers": 22.78488562822463, "_Static Shared Memory": 15.587181034176812, "exclusive_throughput": 12.097491549546344, "sm%": 22.78488562822463, "mem%": 25.52420466630779, "memcap": 12.097491549546344}, "workload2": {"Best shared with 100-100% MPS thread%": 66.97823780715083, "Random select collocation": 25.20725829549525, "stage1-shared 100-100% throughput of predicted pairs": 66.97823780715083, "_Threads": 2.920463577383043, "_Compute (SM) Throughput": 73.45565460748706, "_DRAM Throughput": 66.97823780715083, "_Memory Throughput": 1.9338632074217816, "_Registers": 2.920463577383043, "_Static Shared Memory": 5.903306315146925, "exclusive_throughput": 73.45565460748706, "sm%": 2.920463577383043, "mem%": 66.97823780715083, "memcap": 73.45565460748706}, "workload1+workload2": {"Best shared with 100-100% MPS thread%": 92.50244247345861, "Random select collocation": 44.682996383790176, "stage1-shared 100-100% throughput of predicted pairs": 92.50244247345861, "_Threads": 25.70534920560767, "_Compute (SM) Throughput": 85.55314615703341, "_DRAM Throughput": 92.50244247345861, "_Memory Throughput": 20.03987292608877, "_Registers": 25.70534920560767, "_Static Shared Memory": 21.490487349323736, "exclusive_throughput": 85.55314615703341, "sm%": 25.70534920560767, "mem%": 92.50244247345861, "memcap": 85.55314615703341}}