mse,r2
0.2831274338899068,0.6540673846255499
