mse,r2
0.08576600400689954,0.9064370865379278
