mse,r2
0.23793883050216477,0.746198580797691
