mse,r2
0.13365601617284142,0.8364260864956594
