mse,r2
0.10189773476616314,0.8959793957595418
