mse,r2
0.17693049373590486,0.8142229815772999
