{"workload1": {"Best shared with 100-100% MPS thread%": 21.32138453673353, "Random select collocation": 12.09869420248819, "stage1-shared 100-100% throughput of predicted pairs": 21.32138453673353, "_PCIe read bandwidth": 6.299368414109266, "_PCIe write bandwidth": 6.299368414109266, "_Long_Kernel": 5.759755730841294, "_ave_Kernel_Length": 15.066061920725694, "_long/short_Ratio": 15.066061920725694, "_avg_Thread": 16.0618929487449, "sm%": 16.0618929487449, "mem%": 21.32138453673353, "CPU%": 9.729663156598312, "MainMem%": 17.477500978218337}, "workload2": {"Best shared with 100-100% MPS thread%": 78.23043820431674, "Random select collocation": 37.62035079064844, "stage1-shared 100-100% throughput of predicted pairs": 78.23043820431674, "_PCIe read bandwidth": 29.122782215310664, "_PCIe write bandwidth": 29.122782215310664, "_Long_Kernel": 9.615777930908624, "_ave_Kernel_Length": 15.934507711424605, "_long/short_Ratio": 15.934507711424605, "_avg_Thread": 13.913918109048238, "sm%": 13.913918109048238, "mem%": 78.23043820431674, "CPU%": 83.86888306466089, "MainMem%": 51.58099275746335}, "workload1+workload2": {"Best shared with 100-100% MPS thread%": 99.55182274105027, "Random select collocation": 49.71904499313662, "stage1-shared 100-100% throughput of predicted pairs": 99.55182274105027, "_PCIe read bandwidth": 35.42215062941993, "_PCIe write bandwidth": 35.42215062941993, "_Long_Kernel": 15.37553366174992, "_ave_Kernel_Length": 31.0005696321503, "_long/short_Ratio": 31.0005696321503, "_avg_Thread": 29.975811057793138, "sm%": 29.975811057793138, "mem%": 99.55182274105027, "CPU%": 93.5985462212592, "MainMem%": 69.05849373568168}}