{"workload1": {"Best shared with 100-100% MPS thread%": 7.791022064417955, "Random select collocation": 8.70339999766329, "stage1-shared 100-100% throughput of predicted pairs": 9.615777930908624, "_PCIe read bandwidth": 7.791022064417955, "_PCIe write bandwidth": 7.791022064417955, "_Long_Kernel": 7.791022064417955, "_ave_Kernel_Length": 9.615777930908624, "_long/short_Ratio": 9.615777930908624, "_avg_Thread": 9.615777930908624, "sm%": 7.791022064417955, "mem%": 9.615777930908624, "CPU%": 7.791022064417955, "MainMem%": 9.615777930908624}, "workload2": {"Best shared with 100-100% MPS thread%": 12.235060494687197, "Random select collocation": 8.997408112764246, "stage1-shared 100-100% throughput of predicted pairs": 5.759755730841294, "_PCIe read bandwidth": 12.235060494687197, "_PCIe write bandwidth": 12.235060494687197, "_Long_Kernel": 12.235060494687197, "_ave_Kernel_Length": 5.759755730841294, "_long/short_Ratio": 5.759755730841294, "_avg_Thread": 5.759755730841294, "sm%": 12.235060494687197, "mem%": 5.759755730841294, "CPU%": 12.235060494687197, "MainMem%": 5.759755730841294}, "workload1+workload2": {"Best shared with 100-100% MPS thread%": 20.026082559105152, "Random select collocation": 17.700808110427538, "stage1-shared 100-100% throughput of predicted pairs": 15.37553366174992, "_PCIe read bandwidth": 20.026082559105152, "_PCIe write bandwidth": 20.026082559105152, "_Long_Kernel": 20.026082559105152, "_ave_Kernel_Length": 15.37553366174992, "_long/short_Ratio": 15.37553366174992, "_avg_Thread": 15.37553366174992, "sm%": 20.026082559105152, "mem%": 15.37553366174992, "CPU%": 20.026082559105152, "MainMem%": 15.37553366174992}}