{"workload1": {"Best shared with 100-100% MPS thread%": 79.89192701653585, "Random select collocation": 60.726178132142664, "stage1-shared 100-100% throughput of predicted pairs": 79.89192701653585, "_PCIe read bandwidth": 65.43844508648831, "_PCIe write bandwidth": 65.43844508648831, "_Long_Kernel": 61.9341154636442, "_ave_Kernel_Length": 78.23043820431674, "_long/short_Ratio": 78.23043820431674, "_avg_Thread": 68.67356538099718, "sm%": 78.23043820431674, "mem%": 79.89192701653585, "CPU%": 65.43844508648831, "MainMem%": 78.23043820431674}, "workload2": {"Best shared with 100-100% MPS thread%": 80.02237467713012, "Random select collocation": 35.60605711541787, "stage1-shared 100-100% throughput of predicted pairs": 80.02237467713012, "_PCIe read bandwidth": 85.55836354979306, "_PCIe write bandwidth": 85.55836354979306, "_Long_Kernel": 8.31286604949934, "_ave_Kernel_Length": 21.32138453673353, "_long/short_Ratio": 21.32138453673353, "_avg_Thread": 25.89140610892726, "sm%": 21.32138453673353, "mem%": 80.02237467713012, "CPU%": 85.55836354979306, "MainMem%": 21.32138453673353}, "workload1+workload2": {"Best shared with 100-100% MPS thread%": 159.91430169366595, "Random select collocation": 96.33223524756053, "stage1-shared 100-100% throughput of predicted pairs": 159.91430169366595, "_PCIe read bandwidth": 150.99680863628137, "_PCIe write bandwidth": 150.99680863628137, "_Long_Kernel": 70.24698151314354, "_ave_Kernel_Length": 99.55182274105027, "_long/short_Ratio": 99.55182274105027, "_avg_Thread": 94.56497148992443, "sm%": 99.55182274105027, "mem%": 159.91430169366595, "CPU%": 150.99680863628137, "MainMem%": 99.55182274105027}}