{"workload1": {"Best shared with 100-100% MPS thread%": 8.31286604949934, "Random select collocation": 6.454371902606496, "stage1-shared 100-100% throughput of predicted pairs": 8.31286604949934, "_PCIe read bandwidth": 4.609179950067217, "_PCIe write bandwidth": 4.609179950067217, "_Long_Kernel": 8.234666436728338, "_ave_Kernel_Length": 6.278691561850259, "_long/short_Ratio": 6.278691561850259, "_avg_Thread": 8.234666436728338, "sm%": 7.328642618359017, "mem%": 8.31286604949934, "CPU%": 5.9886643139771145, "MainMem%": 5.903306315146925}, "workload2": {"Best shared with 100-100% MPS thread%": 61.9341154636442, "Random select collocation": 23.74558858432441, "stage1-shared 100-100% throughput of predicted pairs": 61.9341154636442, "_PCIe read bandwidth": 20.19948311532081, "_PCIe write bandwidth": 20.19948311532081, "_Long_Kernel": 7.070849523179645, "_ave_Kernel_Length": 1.561942283280508, "_long/short_Ratio": 1.561942283280508, "_avg_Thread": 7.070849523179645, "sm%": 2.4118720856545632, "mem%": 61.9341154636442, "CPU%": 61.26891704041755, "MainMem%": 15.587181034176812}, "workload1+workload2": {"Best shared with 100-100% MPS thread%": 70.24698151314354, "Random select collocation": 30.1999604869309, "stage1-shared 100-100% throughput of predicted pairs": 70.24698151314354, "_PCIe read bandwidth": 24.808663065388025, "_PCIe write bandwidth": 24.808663065388025, "_Long_Kernel": 15.305515959907982, "_ave_Kernel_Length": 7.8406338451307676, "_long/short_Ratio": 7.8406338451307676, "_avg_Thread": 15.305515959907982, "sm%": 9.74051470401358, "mem%": 70.24698151314354, "CPU%": 67.25758135439466, "MainMem%": 21.490487349323736}}