{"workload1": {"Best shared with 100-100% MPS thread%": 44.81551032837639, "Random select collocation": 25.37386026396307, "stage1-shared 100-100% throughput of predicted pairs": 44.81551032837639, "_PCIe read bandwidth": 14.920679292752814, "_PCIe write bandwidth": 14.920679292752814, "_Long_Kernel": 36.025998142989785, "_ave_Kernel_Length": 11.742956903038175, "_long/short_Ratio": 15.085145537959098, "_avg_Thread": 36.025998142989785, "sm%": 44.37666793747617, "mem%": 31.224851118622244, "CPU%": 15.52579629728432, "MainMem%": 35.52348574203844}, "workload2": {"Best shared with 100-100% MPS thread%": 66.73332381088416, "Random select collocation": 34.36480062836799, "stage1-shared 100-100% throughput of predicted pairs": 66.73332381088416, "_PCIe read bandwidth": 88.95150695885611, "_PCIe write bandwidth": 88.95150695885611, "_Long_Kernel": 13.576580398812048, "_ave_Kernel_Length": 3.4848264846812835, "_long/short_Ratio": 60.66003409582453, "_avg_Thread": 13.576580398812048, "sm%": 6.896551724137932, "mem%": 33.66619115549215, "CPU%": 28.055331347936207, "MainMem%": 48.57356732928554}, "workload1+workload2": {"Best shared with 100-100% MPS thread%": 111.54883413926055, "Random select collocation": 59.73866089233107, "stage1-shared 100-100% throughput of predicted pairs": 111.54883413926055, "_PCIe read bandwidth": 103.87218625160892, "_PCIe write bandwidth": 103.87218625160892, "_Long_Kernel": 49.60257854180183, "_ave_Kernel_Length": 15.227783387719459, "_long/short_Ratio": 75.74517963378362, "_avg_Thread": 49.60257854180183, "sm%": 51.27321966161411, "mem%": 64.8910422741144, "CPU%": 43.581127645220526, "MainMem%": 84.09705307132398}}