{"workload1": {"Best shared with 100-100% MPS thread%": 3.108606955508063, "Random select collocation": 3.336122761702916, "stage1-shared 100-100% throughput of predicted pairs": 3.8681796890346174, "_PCIe read bandwidth": 3.108606955508063, "_PCIe write bandwidth": 3.108606955508063, "_Long_Kernel": 3.72830460632995, "_ave_Kernel_Length": 3.693033998756298, "_long/short_Ratio": 3.693033998756298, "_avg_Thread": 3.72830460632995, "sm%": 3.322266247958369, "mem%": 3.852180834076577, "CPU%": 2.9377099490948373, "MainMem%": 3.693033998756298}, "workload2": {"Best shared with 100-100% MPS thread%": 43.00639756984397, "Random select collocation": 12.840924188898876, "stage1-shared 100-100% throughput of predicted pairs": 25.513651201259115, "_PCIe read bandwidth": 43.00639756984397, "_PCIe write bandwidth": 43.00639756984397, "_Long_Kernel": 3.293390534862815, "_ave_Kernel_Length": 3.8838592978200177, "_long/short_Ratio": 3.8838592978200177, "_avg_Thread": 3.293390534862815, "sm%": 7.450307986514724, "mem%": 7.06304774053339, "CPU%": 11.104234944275774, "MainMem%": 3.8838592978200177}, "workload1+workload2": {"Best shared with 100-100% MPS thread%": 46.115004525352035, "Random select collocation": 16.17704695060179, "stage1-shared 100-100% throughput of predicted pairs": 29.381830890293735, "_PCIe read bandwidth": 46.115004525352035, "_PCIe write bandwidth": 46.115004525352035, "_Long_Kernel": 7.021695141192765, "_ave_Kernel_Length": 7.576893296576316, "_long/short_Ratio": 7.576893296576316, "_avg_Thread": 7.021695141192765, "sm%": 10.772574234473092, "mem%": 10.915228574609968, "CPU%": 14.041944893370612, "MainMem%": 7.576893296576316}}