mse,r2
0.5943463864200401,0.274136024720274
