{"workload1": {"Best shared with 100-100% MPS thread%": 6.143275740123269, "Random select collocation": 7.839928735804445, "stage1-shared 100-100% throughput of predicted pairs": 6.143275740123269, "_Threads": 9.53658173148562, "_Compute (SM) Throughput": 6.143275740123269, "_DRAM Throughput": 9.53658173148562, "_Memory Throughput": 9.53658173148562, "_Registers": 9.53658173148562, "_Static Shared Memory": 9.53658173148562, "exclusive_throughput": 6.143275740123269, "sm%": 6.143275740123269, "mem%": 9.53658173148562, "memcap": 6.143275740123269}, "workload2": {"Best shared with 100-100% MPS thread%": 57.9242967132425, "Random select collocation": 53.91035093260861, "stage1-shared 100-100% throughput of predicted pairs": 57.9242967132425, "_Threads": 49.89640515197471, "_Compute (SM) Throughput": 57.9242967132425, "_DRAM Throughput": 49.89640515197471, "_Memory Throughput": 49.89640515197471, "_Registers": 49.89640515197471, "_Static Shared Memory": 49.89640515197471, "exclusive_throughput": 57.9242967132425, "sm%": 57.9242967132425, "mem%": 49.89640515197471, "memcap": 57.9242967132425}, "workload1+workload2": {"Best shared with 100-100% MPS thread%": 64.06757245336577, "Random select collocation": 61.75027966841305, "stage1-shared 100-100% throughput of predicted pairs": 64.06757245336577, "_Threads": 59.43298688346033, "_Compute (SM) Throughput": 64.06757245336577, "_DRAM Throughput": 59.43298688346033, "_Memory Throughput": 59.43298688346033, "_Registers": 59.43298688346033, "_Static Shared Memory": 59.43298688346033, "exclusive_throughput": 64.06757245336577, "sm%": 64.06757245336577, "mem%": 59.43298688346033, "memcap": 64.06757245336577}}