mse,r2
0.150393701354928,0.8292975575315337
