mse,r2
0.026966225617321104,0.9714475258169541
