mse,r2
0.09558617966333403,0.8970610372856402
