mse,r2
0.5709650165242931,0.40788813101184407
