{"workload1": {"Best shared with 100-100% MPS thread%": 16.371572525807245, "Random select collocation": 21.591034074840803, "stage1-shared 100-100% throughput of predicted pairs": 16.371572525807245, "_PCIe read bandwidth": 17.335072891258722, "_PCIe write bandwidth": 16.371572525807245, "_Long_Kernel": 28.53008448863371, "_ave_Kernel_Length": 21.13183382694309, "_long/short_Ratio": 21.13183382694309, "_avg_Thread": 28.53008448863371, "sm%": 22.154559953603016, "mem%": 21.13183382694309, "CPU%": 21.71277615937177, "MainMem%": 28.354682253451063}, "workload2": {"Best shared with 100-100% MPS thread%": 59.896667991436, "Random select collocation": 23.169443711387384, "stage1-shared 100-100% throughput of predicted pairs": 59.896667991436, "_PCIe read bandwidth": 17.449377691330405, "_PCIe write bandwidth": 59.896667991436, "_Long_Kernel": 5.127782508767592, "_ave_Kernel_Length": 31.13131853436748, "_long/short_Ratio": 31.13131853436748, "_avg_Thread": 5.127782508767592, "sm%": 12.353409996584311, "mem%": 31.13131853436748, "CPU%": 42.5469911117587, "MainMem%": 18.33076995511472}, "workload1+workload2": {"Best shared with 100-100% MPS thread%": 76.26824051724324, "Random select collocation": 44.76047778622818, "stage1-shared 100-100% throughput of predicted pairs": 76.26824051724324, "_PCIe read bandwidth": 34.78445058258913, "_PCIe write bandwidth": 76.26824051724324, "_Long_Kernel": 33.65786699740131, "_ave_Kernel_Length": 52.263152361310574, "_long/short_Ratio": 52.263152361310574, "_avg_Thread": 33.65786699740131, "sm%": 34.50796995018733, "mem%": 52.263152361310574, "CPU%": 64.25976727113047, "MainMem%": 46.685452208565785}}