{"workload1": {"Best shared with 100-100% MPS thread%": 96.2425840474621, "Random select collocation": 70.36584116217422, "stage1-shared 100-100% throughput of predicted pairs": 96.2425840474621, "_PCIe read bandwidth": 42.5469911117587, "_PCIe write bandwidth": 42.5469911117587, "_Long_Kernel": 96.2425840474621, "_ave_Kernel_Length": 96.2425840474621, "_long/short_Ratio": 83.86888306466089, "_avg_Thread": 96.2425840474621, "sm%": 80.52673308283636, "mem%": 96.2425840474621, "CPU%": 55.580670489423966, "MainMem%": 84.82278097546198}, "workload2": {"Best shared with 100-100% MPS thread%": 31.99121809699298, "Random select collocation": 21.098148694177542, "stage1-shared 100-100% throughput of predicted pairs": 31.99121809699298, "_PCIe read bandwidth": 21.71277615937177, "_PCIe write bandwidth": 21.71277615937177, "_Long_Kernel": 31.99121809699298, "_ave_Kernel_Length": 31.99121809699298, "_long/short_Ratio": 9.729663156598312, "_avg_Thread": 31.99121809699298, "sm%": 3.163979312442957, "mem%": 31.99121809699298, "CPU%": 57.621744054360136, "MainMem%": 23.843547135916385}, "workload1+workload2": {"Best shared with 100-100% MPS thread%": 128.23380214445507, "Random select collocation": 91.46398985635177, "stage1-shared 100-100% throughput of predicted pairs": 128.23380214445507, "_PCIe read bandwidth": 64.25976727113047, "_PCIe write bandwidth": 64.25976727113047, "_Long_Kernel": 128.23380214445507, "_ave_Kernel_Length": 128.23380214445507, "_long/short_Ratio": 93.5985462212592, "_avg_Thread": 128.23380214445507, "sm%": 83.69071239527932, "mem%": 128.23380214445507, "CPU%": 113.2024145437841, "MainMem%": 108.66632811137836}}