{"workload1": {"Best shared with 100-100% MPS thread%": 28.799499139145404, "Random select collocation": 22.695478326202892, "stage1-shared 100-100% throughput of predicted pairs": 28.055331347936207, "_PCIe read bandwidth": 17.07949566306, "_PCIe write bandwidth": 17.07949566306, "_Long_Kernel": 29.404750213942, "_ave_Kernel_Length": 29.122782215310664, "_long/short_Ratio": 29.122782215310664, "_avg_Thread": 29.404750213942, "sm%": 17.07949566306, "mem%": 28.055331347936207, "CPU%": 18.22475608883376, "MainMem%": 28.799499139145404}, "workload2": {"Best shared with 100-100% MPS thread%": 21.35361439175107, "Random select collocation": 10.556560873877885, "stage1-shared 100-100% throughput of predicted pairs": 15.52579629728432, "_PCIe read bandwidth": 18.529241459177765, "_PCIe write bandwidth": 18.529241459177765, "_Long_Kernel": 5.391672547635851, "_ave_Kernel_Length": 6.299368414109266, "_long/short_Ratio": 6.299368414109266, "_avg_Thread": 5.391672547635851, "sm%": 18.529241459177765, "mem%": 15.52579629728432, "CPU%": 18.444237940079752, "MainMem%": 21.35361439175107}, "workload1+workload2": {"Best shared with 100-100% MPS thread%": 50.153113530896476, "Random select collocation": 33.25203920008078, "stage1-shared 100-100% throughput of predicted pairs": 43.581127645220526, "_PCIe read bandwidth": 35.60873712223777, "_PCIe write bandwidth": 35.60873712223777, "_Long_Kernel": 34.79642276157785, "_ave_Kernel_Length": 35.42215062941993, "_long/short_Ratio": 35.42215062941993, "_avg_Thread": 34.79642276157785, "sm%": 35.60873712223777, "mem%": 43.581127645220526, "CPU%": 36.66899402891352, "MainMem%": 50.153113530896476}}