mse,r2
0.5089299916425392,0.4217682753423103
