mse,r2
0.22228232603449402,0.7684559103807354
