mse,r2
0.365424887314081,0.6271174619244069
