mse,r2
0.0993247451940369,0.8963567876236137
