{"workload1": {"Best shared with 100-100% MPS thread%": 16.371572525807245, "Random select collocation": 21.513151513091447, "stage1-shared 100-100% throughput of predicted pairs": 29.40360610263523, "_PCIe read bandwidth": 17.335072891258722, "_PCIe write bandwidth": 16.371572525807245, "_Long_Kernel": 31.03071335378539, "_ave_Kernel_Length": 31.03071335378539, "_long/short_Ratio": 22.384642157132127, "_avg_Thread": 31.03071335378539, "sm%": 22.154559953603016, "mem%": 31.03071335378539, "CPU%": 21.71277615937177, "MainMem%": 22.154559953603016}, "workload2": {"Best shared with 100-100% MPS thread%": 59.896667991436, "Random select collocation": 22.50489509294482, "stage1-shared 100-100% throughput of predicted pairs": 41.937452874223546, "_PCIe read bandwidth": 17.449377691330405, "_PCIe write bandwidth": 59.896667991436, "_Long_Kernel": 21.55379221258535, "_ave_Kernel_Length": 21.55379221258535, "_long/short_Ratio": 1.4333245495001836, "_avg_Thread": 21.55379221258535, "sm%": 12.353409996584311, "mem%": 21.55379221258535, "CPU%": 42.5469911117587, "MainMem%": 12.353409996584311}, "workload1+workload2": {"Best shared with 100-100% MPS thread%": 76.26824051724324, "Random select collocation": 44.01804660603627, "stage1-shared 100-100% throughput of predicted pairs": 71.34105897685878, "_PCIe read bandwidth": 34.78445058258913, "_PCIe write bandwidth": 76.26824051724324, "_Long_Kernel": 52.58450556637074, "_ave_Kernel_Length": 52.58450556637074, "_long/short_Ratio": 23.817966706632312, "_avg_Thread": 52.58450556637074, "sm%": 34.50796995018733, "mem%": 52.58450556637074, "CPU%": 64.25976727113047, "MainMem%": 34.50796995018733}}