{"workload1": {"Best shared with 100-100% MPS thread%": 25.52420466630779, "Random select collocation": 20.67875131956544, "stage1-shared 100-100% throughput of predicted pairs": 27.516737301148577, "_PCIe read bandwidth": 12.353409996584311, "_PCIe write bandwidth": 12.353409996584311, "_Long_Kernel": 25.054519815698427, "_ave_Kernel_Length": 25.26298521541206, "_long/short_Ratio": 25.26298521541206, "_avg_Thread": 25.054519815698427, "sm%": 22.78488562822463, "mem%": 25.52420466630779, "CPU%": 13.501095638651304, "MainMem%": 24.80782669461915}, "workload2": {"Best shared with 100-100% MPS thread%": 66.97823780715083, "Random select collocation": 21.470529122263365, "stage1-shared 100-100% throughput of predicted pairs": 52.483767327956144, "_PCIe read bandwidth": 22.154559953603016, "_PCIe write bandwidth": 22.154559953603016, "_Long_Kernel": 7.730464472073697, "_ave_Kernel_Length": 8.035338662179218, "_long/short_Ratio": 8.035338662179218, "_avg_Thread": 7.730464472073697, "sm%": 2.920463577383043, "mem%": 66.97823780715083, "CPU%": 22.005087777647937, "MainMem%": 28.806787352636512}, "workload1+workload2": {"Best shared with 100-100% MPS thread%": 92.50244247345861, "Random select collocation": 42.149280441828815, "stage1-shared 100-100% throughput of predicted pairs": 80.00050462910473, "_PCIe read bandwidth": 34.50796995018733, "_PCIe write bandwidth": 34.50796995018733, "_Long_Kernel": 32.784984287772126, "_ave_Kernel_Length": 33.29832387759127, "_long/short_Ratio": 33.29832387759127, "_avg_Thread": 32.784984287772126, "sm%": 25.70534920560767, "mem%": 92.50244247345861, "CPU%": 35.50618341629924, "MainMem%": 53.61461404725566}}