mse,r2
0.526763480416413,0.40807824153442035
