mse,r2
0.0876092236253149,0.9072372926320196
