mse,r2
0.07698655935167797,0.9120153607409395
