mse,r2
0.34017816054652417,0.6258040233988232
