mse,r2
0.12455681317787892,0.8704609142950059
