{"workload1": {"Best shared with 100-100% MPS thread%": 16.371572525807245, "Random select collocation": 21.834805527641667, "stage1-shared 100-100% throughput of predicted pairs": 28.354682253451063, "_Threads": 26.24167067390259, "_Compute (SM) Throughput": 16.371572525807245, "_DRAM Throughput": 28.354682253451063, "_Memory Throughput": 28.354682253451063, "_Registers": 26.24167067390259, "_Static Shared Memory": 11.811782413568404, "exclusive_throughput": 16.371572525807245, "sm%": 26.24167067390259, "mem%": 21.13183382694309, "memcap": 28.354682253451063}, "workload2": {"Best shared with 100-100% MPS thread%": 59.896667991436, "Random select collocation": 18.17392760682325, "stage1-shared 100-100% throughput of predicted pairs": 18.33076995511472, "_Threads": 1.9816984321268287, "_Compute (SM) Throughput": 59.896667991436, "_DRAM Throughput": 18.33076995511472, "_Memory Throughput": 18.33076995511472, "_Registers": 1.9816984321268287, "_Static Shared Memory": 2.7796848974035977, "exclusive_throughput": 59.896667991436, "sm%": 1.9816984321268287, "mem%": 31.13131853436748, "memcap": 18.33076995511472}, "workload1+workload2": {"Best shared with 100-100% MPS thread%": 76.26824051724324, "Random select collocation": 40.00873313446491, "stage1-shared 100-100% throughput of predicted pairs": 46.685452208565785, "_Threads": 28.22336910602942, "_Compute (SM) Throughput": 76.26824051724324, "_DRAM Throughput": 46.685452208565785, "_Memory Throughput": 46.685452208565785, "_Registers": 28.22336910602942, "_Static Shared Memory": 14.591467310972002, "exclusive_throughput": 76.26824051724324, "sm%": 28.22336910602942, "mem%": 52.263152361310574, "memcap": 46.685452208565785}}