mse,r2
0.20291882169662653,0.7718105937775901
