{"workload1": {"Best shared with 100-100% MPS thread%": 68.61708377393961, "Random select collocation": 42.042919704984975, "stage1-shared 100-100% throughput of predicted pairs": 48.57356732928554, "_PCIe read bandwidth": 18.33076995511472, "_PCIe write bandwidth": 13.794080827644848, "_Long_Kernel": 55.36069769646412, "_ave_Kernel_Length": 51.58099275746335, "_long/short_Ratio": 51.58099275746335, "_avg_Thread": 55.36069769646412, "sm%": 85.76883536495814, "mem%": 48.57356732928554, "CPU%": 23.843547135916385, "MainMem%": 49.52090223013653}, "workload2": {"Best shared with 100-100% MPS thread%": 79.56139232436567, "Random select collocation": 47.16295585669824, "stage1-shared 100-100% throughput of predicted pairs": 35.52348574203844, "_PCIe read bandwidth": 28.354682253451063, "_PCIe write bandwidth": 95.44626593806922, "_Long_Kernel": 14.003044140030442, "_ave_Kernel_Length": 17.477500978218337, "_long/short_Ratio": 17.477500978218337, "_avg_Thread": 14.003044140030442, "sm%": 7.033997655334115, "mem%": 35.52348574203844, "CPU%": 84.82278097546198, "MainMem%": 54.79849231661351}, "workload1+workload2": {"Best shared with 100-100% MPS thread%": 148.17847609830528, "Random select collocation": 89.20587556168321, "stage1-shared 100-100% throughput of predicted pairs": 84.09705307132398, "_PCIe read bandwidth": 46.685452208565785, "_PCIe write bandwidth": 109.24034676571407, "_Long_Kernel": 69.36374183649457, "_ave_Kernel_Length": 69.05849373568168, "_long/short_Ratio": 69.05849373568168, "_avg_Thread": 69.36374183649457, "sm%": 92.80283302029225, "mem%": 84.09705307132398, "CPU%": 108.66632811137836, "MainMem%": 104.31939454675003}}