{"workload1": {"Best shared with 100-100% MPS thread%": 6.143275740123269, "Random select collocation": 9.113798432518351, "stage1-shared 100-100% throughput of predicted pairs": 10.626992561105208, "_PCIe read bandwidth": 6.143275740123269, "_PCIe write bandwidth": 6.143275740123269, "_Long_Kernel": 10.626992561105208, "_ave_Kernel_Length": 10.626992561105208, "_long/short_Ratio": 9.615777930908624, "_avg_Thread": 10.626992561105208, "sm%": 9.824657160401172, "mem%": 10.626992561105208, "CPU%": 6.143275740123269, "MainMem%": 9.615777930908624}, "workload2": {"Best shared with 100-100% MPS thread%": 57.9242967132425, "Random select collocation": 28.498698392916015, "stage1-shared 100-100% throughput of predicted pairs": 42.60596775370249, "_PCIe read bandwidth": 57.9242967132425, "_PCIe write bandwidth": 57.9242967132425, "_Long_Kernel": 42.60596775370249, "_ave_Kernel_Length": 42.60596775370249, "_long/short_Ratio": 5.759755730841294, "_avg_Thread": 42.60596775370249, "sm%": 7.229508506974016, "mem%": 42.60596775370249, "CPU%": 57.9242967132425, "MainMem%": 5.759755730841294}, "workload1+workload2": {"Best shared with 100-100% MPS thread%": 64.06757245336577, "Random select collocation": 37.61249682543437, "stage1-shared 100-100% throughput of predicted pairs": 53.2329603148077, "_PCIe read bandwidth": 64.06757245336577, "_PCIe write bandwidth": 64.06757245336577, "_Long_Kernel": 53.2329603148077, "_ave_Kernel_Length": 53.2329603148077, "_long/short_Ratio": 15.37553366174992, "_avg_Thread": 53.2329603148077, "sm%": 17.054165667375187, "mem%": 53.2329603148077, "CPU%": 64.06757245336577, "MainMem%": 15.37553366174992}}