{"workload1": {"Best shared with 100-100% MPS thread%": 61.571012959534514, "Random select collocation": 59.53538971164283, "stage1-shared 100-100% throughput of predicted pairs": 64.92022848138664, "_PCIe read bandwidth": 51.14776398571672, "_PCIe write bandwidth": 51.14776398571672, "_Long_Kernel": 64.92022848138664, "_ave_Kernel_Length": 64.92022848138664, "_long/short_Ratio": 61.38835783505834, "_avg_Thread": 64.92022848138664, "sm%": 51.61862527716186, "mem%": 64.92022848138664, "CPU%": 51.14776398571672, "MainMem%": 62.09865217698116}, "workload2": {"Best shared with 100-100% MPS thread%": 62.26737884110588, "Random select collocation": 28.23882078093471, "stage1-shared 100-100% throughput of predicted pairs": 24.36175538127816, "_PCIe read bandwidth": 40.54640445732734, "_PCIe write bandwidth": 40.54640445732734, "_Long_Kernel": 24.36175538127816, "_ave_Kernel_Length": 24.36175538127816, "_long/short_Ratio": 7.720493621401698, "_avg_Thread": 24.36175538127816, "sm%": 12.538516488788904, "mem%": 24.36175538127816, "CPU%": 40.54640445732734, "MainMem%": 21.73832123580868}, "workload1+workload2": {"Best shared with 100-100% MPS thread%": 123.8383918006404, "Random select collocation": 87.77421049257754, "stage1-shared 100-100% throughput of predicted pairs": 89.2819838626648, "_PCIe read bandwidth": 91.69416844304406, "_PCIe write bandwidth": 91.69416844304406, "_Long_Kernel": 89.2819838626648, "_ave_Kernel_Length": 89.2819838626648, "_long/short_Ratio": 69.10885145646004, "_avg_Thread": 89.2819838626648, "sm%": 64.15714176595077, "mem%": 89.2819838626648, "CPU%": 91.69416844304406, "MainMem%": 83.83697341278985}}