mse,r2
0.8517433689217181,0.07424731648741227
