mse,r2
0.051852562912409715,0.9457905024097535
