mse,r2
0.12360858818143344,0.8611542328530772
