mse,r2
0.05546470086222531,0.9435268500311887
