mse,r2
0.08603596999028591,0.8967568360116569
