{"workload1": {"Best shared with 100-100% MPS thread%": 42.27573239522048, "stage1-shared 100-100% throughput of predicted pairs": 15.085145537959098}, "workload2": {"Best shared with 100-100% MPS thread%": 76.87118482320615, "stage1-shared 100-100% throughput of predicted pairs": 60.66003409582453}, "workload1+workload2": {"Best shared with 100-100% MPS thread%": 119.14691721842664, "stage1-shared 100-100% throughput of predicted pairs": 75.74517963378362}}