mse,r2
0.06396166192696123,0.9336693876312995
