mse,r2
0.08926414949025735,0.9091698127993872
