{"workload1": {"Best shared with 100-100% MPS thread%": 42.27573239522048, "Random select collocation": 29.32900354013416, "stage1-shared 100-100% throughput of predicted pairs": 42.27573239522048, "_Threads": 44.81551032837639, "_Compute (SM) Throughput": 44.81551032837639, "_DRAM Throughput": 44.81551032837639, "_Memory Throughput": 31.224851118622244, "_Registers": 44.81551032837639, "_Static Shared Memory": 7.06304774053339, "exclusive_throughput": 14.920679292752814, "sm%": 44.37666793747617, "mem%": 31.224851118622244, "memcap": 14.920679292752814}, "workload2": {"Best shared with 100-100% MPS thread%": 76.87118482320615, "Random select collocation": 35.8388266009288, "stage1-shared 100-100% throughput of predicted pairs": 76.87118482320615, "_Threads": 66.73332381088416, "_Compute (SM) Throughput": 66.73332381088416, "_DRAM Throughput": 66.73332381088416, "_Memory Throughput": 33.66619115549215, "_Registers": 66.73332381088416, "_Static Shared Memory": 3.852180834076577, "exclusive_throughput": 88.95150695885611, "sm%": 6.896551724137932, "mem%": 33.66619115549215, "memcap": 88.95150695885611}, "workload1+workload2": {"Best shared with 100-100% MPS thread%": 119.14691721842664, "Random select collocation": 65.16783014106295, "stage1-shared 100-100% throughput of predicted pairs": 119.14691721842664, "_Threads": 111.54883413926055, "_Compute (SM) Throughput": 111.54883413926055, "_DRAM Throughput": 111.54883413926055, "_Memory Throughput": 64.8910422741144, "_Registers": 111.54883413926055, "_Static Shared Memory": 10.915228574609968, "exclusive_throughput": 103.87218625160892, "sm%": 51.27321966161411, "mem%": 64.8910422741144, "memcap": 103.87218625160892}}