mse,r2
0.13713862417018335,0.8439514406687245
