mse,r2
0.10947490667322443,0.8882909115579343
