mse,r2
0.08604960559234569,0.9102091072079872
