mse,r2
0.08183023811091965,0.9166819393779727
