mse,r2
0.13344654799457942,0.8532087972059627
