mse,r2
0.07605471511989303,0.9206385581357638
