mse,r2
0.2752421914762732,0.7064083290919752
