mse,r2
0.2915292603238495,0.6836889894022774
