mse,r2
0.19644286112691325,0.7960016442143594
