mse,r2
0.1568160493883832,0.836365861507774
