mse,r2
0.0916431324917698,0.9007199398005827
