{"workload1": {"Best shared with 100-100% MPS thread%": 21.32138453673353, "Random select collocation": 12.135047467003433, "stage1-shared 100-100% throughput of predicted pairs": 22.196555014312256, "_Threads": 22.196555014312256, "_Compute (SM) Throughput": 22.196555014312256, "_DRAM Throughput": 22.196555014312256, "_Memory Throughput": 22.196555014312256, "_Registers": 22.196555014312256, "_Static Shared Memory": 5.759755730841294, "exclusive_throughput": 7.720493621401698, "sm%": 19.05522023245373, "mem%": 21.32138453673353, "memcap": 17.477500978218337}, "workload2": {"Best shared with 100-100% MPS thread%": 78.23043820431674, "Random select collocation": 32.247835586666895, "stage1-shared 100-100% throughput of predicted pairs": 69.30105612910882, "_Threads": 69.30105612910882, "_Compute (SM) Throughput": 69.30105612910882, "_DRAM Throughput": 69.30105612910882, "_Memory Throughput": 69.30105612910882, "_Registers": 69.30105612910882, "_Static Shared Memory": 9.615777930908624, "exclusive_throughput": 61.38835783505834, "sm%": 5.126327352618089, "mem%": 78.23043820431674, "memcap": 51.58099275746335}, "workload1+workload2": {"Best shared with 100-100% MPS thread%": 99.55182274105027, "Random select collocation": 44.38288305367033, "stage1-shared 100-100% throughput of predicted pairs": 91.49761114342107, "_Threads": 91.49761114342107, "_Compute (SM) Throughput": 91.49761114342107, "_DRAM Throughput": 91.49761114342107, "_Memory Throughput": 91.49761114342107, "_Registers": 91.49761114342107, "_Static Shared Memory": 15.37553366174992, "exclusive_throughput": 69.10885145646004, "sm%": 24.18154758507182, "mem%": 99.55182274105027, "memcap": 69.05849373568168}}