mse,r2
0.24278358823075297,0.7372795746851495
