mse,r2
0.1757300704733947,0.8096257569871558
