{"workload1": {"Best shared with 100-100% MPS thread%": 16.663697531963876, "Random select collocation": 22.838627241338422, "stage1-shared 100-100% throughput of predicted pairs": 30.519055142383724, "_Threads": 30.519055142383724, "_Compute (SM) Throughput": 30.519055142383724, "_DRAM Throughput": 30.519055142383724, "_Memory Throughput": 28.055331347936207, "_Registers": 30.519055142383724, "_Static Shared Memory": 11.104234944275774, "exclusive_throughput": 16.663697531963876, "sm%": 22.005087777647937, "mem%": 28.055331347936207, "memcap": 28.799499139145404}, "workload2": {"Best shared with 100-100% MPS thread%": 61.84720880051893, "Random select collocation": 17.58017762597762, "stage1-shared 100-100% throughput of predicted pairs": 45.71160205858756, "_Threads": 45.71160205858756, "_Compute (SM) Throughput": 45.71160205858756, "_DRAM Throughput": 45.71160205858756, "_Memory Throughput": 15.52579629728432, "_Registers": 45.71160205858756, "_Static Shared Memory": 2.9377099490948373, "exclusive_throughput": 61.84720880051893, "sm%": 13.501095638651304, "mem%": 15.52579629728432, "memcap": 21.35361439175107}, "workload1+workload2": {"Best shared with 100-100% MPS thread%": 78.5109063324828, "Random select collocation": 40.41880486731604, "stage1-shared 100-100% throughput of predicted pairs": 76.23065720097128, "_Threads": 76.23065720097128, "_Compute (SM) Throughput": 76.23065720097128, "_DRAM Throughput": 76.23065720097128, "_Memory Throughput": 43.581127645220526, "_Registers": 76.23065720097128, "_Static Shared Memory": 14.041944893370612, "exclusive_throughput": 78.5109063324828, "sm%": 35.50618341629924, "mem%": 43.581127645220526, "memcap": 50.153113530896476}}