{"workload1": {"Best shared with 100-100% MPS thread%": 83.04498269896193, "Random select collocation": 66.65706185265314, "stage1-shared 100-100% throughput of predicted pairs": 52.61810519682559, "_Threads": 81.52278407998462, "_Compute (SM) Throughput": 83.04498269896193, "_DRAM Throughput": 81.52278407998462, "_Memory Throughput": 81.52278407998462, "_Registers": 81.52278407998462, "_Static Shared Memory": 49.89640515197471, "exclusive_throughput": 52.61810519682559, "sm%": 75.01123884143601, "mem%": 81.52278407998462, "memcap": 79.56139232436567}, "workload2": {"Best shared with 100-100% MPS thread%": 81.64121203648692, "Random select collocation": 37.350003064975446, "stage1-shared 100-100% throughput of predicted pairs": 92.6984126984127, "_Threads": 58.77025259132535, "_Compute (SM) Throughput": 81.64121203648692, "_DRAM Throughput": 58.77025259132535, "_Memory Throughput": 58.77025259132535, "_Registers": 58.77025259132535, "_Static Shared Memory": 9.53658173148562, "exclusive_throughput": 92.6984126984127, "sm%": 5.595153243050606, "mem%": 58.77025259132535, "memcap": 68.61708377393961}, "workload1+workload2": {"Best shared with 100-100% MPS thread%": 164.68619473544885, "Random select collocation": 104.0070649176286, "stage1-shared 100-100% throughput of predicted pairs": 145.3165178952383, "_Threads": 140.29303667130998, "_Compute (SM) Throughput": 164.68619473544885, "_DRAM Throughput": 140.29303667130998, "_Memory Throughput": 140.29303667130998, "_Registers": 140.29303667130998, "_Static Shared Memory": 59.43298688346033, "exclusive_throughput": 145.3165178952383, "sm%": 80.60639208448661, "mem%": 140.29303667130998, "memcap": 148.17847609830528}}