mse,r2
0.24528049032359642,0.7332892574585186
