{"workload1": {"Best shared with 100-100% MPS thread%": 101.56742537881256, "Random select collocation": 72.73047179940086, "stage1-shared 100-100% throughput of predicted pairs": 54.48460040350325, "_PCIe read bandwidth": 59.896667991436, "_PCIe write bandwidth": 59.896667991436, "_Long_Kernel": 101.56742537881256, "_ave_Kernel_Length": 101.56742537881256, "_long/short_Ratio": 83.40771949869675, "_avg_Thread": 101.56742537881256, "sm%": 87.77829967120714, "mem%": 101.56742537881256, "CPU%": 59.896667991436, "MainMem%": 73.45565460748706}, "workload2": {"Best shared with 100-100% MPS thread%": 20.798668885191347, "Random select collocation": 12.604714856012647, "stage1-shared 100-100% throughput of predicted pairs": 41.31169170922575, "_PCIe read bandwidth": 16.371572525807245, "_PCIe write bandwidth": 16.371572525807245, "_Long_Kernel": 20.798668885191347, "_ave_Kernel_Length": 20.798668885191347, "_long/short_Ratio": 1.5092631022903067, "_avg_Thread": 20.798668885191347, "sm%": 2.062128222075347, "mem%": 20.798668885191347, "CPU%": 16.371572525807245, "MainMem%": 12.097491549546344}, "workload1+workload2": {"Best shared with 100-100% MPS thread%": 122.3660942640039, "Random select collocation": 85.33518665541351, "stage1-shared 100-100% throughput of predicted pairs": 95.79629211272899, "_PCIe read bandwidth": 76.26824051724324, "_PCIe write bandwidth": 76.26824051724324, "_Long_Kernel": 122.3660942640039, "_ave_Kernel_Length": 122.3660942640039, "_long/short_Ratio": 84.91698260098705, "_avg_Thread": 122.3660942640039, "sm%": 89.84042789328248, "mem%": 122.3660942640039, "CPU%": 76.26824051724324, "MainMem%": 85.55314615703341}}