{"workload1": {"Best shared with 100-100% MPS thread%": 29.28171366807507, "Random select collocation": 23.25009292759391, "stage1-shared 100-100% throughput of predicted pairs": 29.28171366807507, "_PCIe read bandwidth": 17.07949566306, "_PCIe write bandwidth": 17.07949566306, "_Long_Kernel": 29.404750213942, "_ave_Kernel_Length": 29.122782215310664, "_long/short_Ratio": 29.122782215310664, "_avg_Thread": 29.404750213942, "sm%": 22.005087777647937, "mem%": 28.055331347936207, "CPU%": 18.22475608883376, "MainMem%": 28.799499139145404}, "workload2": {"Best shared with 100-100% MPS thread%": 58.51630114853271, "Random select collocation": 14.958316618927938, "stage1-shared 100-100% throughput of predicted pairs": 58.51630114853271, "_PCIe read bandwidth": 18.529241459177765, "_PCIe write bandwidth": 18.529241459177765, "_Long_Kernel": 5.391672547635851, "_ave_Kernel_Length": 6.299368414109266, "_long/short_Ratio": 6.299368414109266, "_avg_Thread": 5.391672547635851, "sm%": 13.501095638651304, "mem%": 15.52579629728432, "CPU%": 18.444237940079752, "MainMem%": 21.35361439175107}, "workload1+workload2": {"Best shared with 100-100% MPS thread%": 87.79801481660778, "Random select collocation": 38.20840954652185, "stage1-shared 100-100% throughput of predicted pairs": 87.79801481660778, "_PCIe read bandwidth": 35.60873712223777, "_PCIe write bandwidth": 35.60873712223777, "_Long_Kernel": 34.79642276157785, "_ave_Kernel_Length": 35.42215062941993, "_long/short_Ratio": 35.42215062941993, "_avg_Thread": 34.79642276157785, "sm%": 35.50618341629924, "mem%": 43.581127645220526, "CPU%": 36.66899402891352, "MainMem%": 50.153113530896476}}