{"workload1": {"Best shared with 100-100% MPS thread%": 9.53658173148562, "Random select collocation": 9.075417624216419, "stage1-shared 100-100% throughput of predicted pairs": 9.53658173148562, "_PCIe read bandwidth": 9.53658173148562, "_PCIe write bandwidth": 9.53658173148562, "_Long_Kernel": 7.791022064417955, "_ave_Kernel_Length": 9.615777930908624, "_long/short_Ratio": 9.615777930908624, "_avg_Thread": 9.358288770053475, "sm%": 7.791022064417955, "mem%": 9.358288770053475, "CPU%": 7.791022064417955, "MainMem%": 9.615777930908624}, "workload2": {"Best shared with 100-100% MPS thread%": 49.89640515197471, "Random select collocation": 24.216296159330742, "stage1-shared 100-100% throughput of predicted pairs": 49.89640515197471, "_PCIe read bandwidth": 49.89640515197471, "_PCIe write bandwidth": 49.89640515197471, "_Long_Kernel": 12.235060494687197, "_ave_Kernel_Length": 5.759755730841294, "_long/short_Ratio": 5.759755730841294, "_avg_Thread": 28.973963259819783, "sm%": 12.235060494687197, "mem%": 28.973963259819783, "CPU%": 12.235060494687197, "MainMem%": 5.759755730841294}, "workload1+workload2": {"Best shared with 100-100% MPS thread%": 59.43298688346033, "Random select collocation": 33.291713783547166, "stage1-shared 100-100% throughput of predicted pairs": 59.43298688346033, "_PCIe read bandwidth": 59.43298688346033, "_PCIe write bandwidth": 59.43298688346033, "_Long_Kernel": 20.026082559105152, "_ave_Kernel_Length": 15.37553366174992, "_long/short_Ratio": 15.37553366174992, "_avg_Thread": 38.33225202987326, "sm%": 20.026082559105152, "mem%": 38.33225202987326, "CPU%": 20.026082559105152, "MainMem%": 15.37553366174992}}