{"workload1": {"Best shared with 100-100% MPS thread%": 58.77025259132535, "Random select collocation": 43.60571879205182, "stage1-shared 100-100% throughput of predicted pairs": 31.99121809699298, "_PCIe read bandwidth": 20.798668885191347, "_PCIe write bandwidth": 20.798668885191347, "_Long_Kernel": 60.13179571663921, "_ave_Kernel_Length": 60.13179571663921, "_long/short_Ratio": 24.36175538127816, "_avg_Thread": 60.13179571663921, "sm%": 56.58366437360721, "mem%": 60.13179571663921, "CPU%": 31.99121809699298, "MainMem%": 52.875381312846}, "workload2": {"Best shared with 100-100% MPS thread%": 81.52278407998462, "Random select collocation": 53.954300028951074, "stage1-shared 100-100% throughput of predicted pairs": 96.2425840474621, "_PCIe read bandwidth": 101.56742537881256, "_PCIe write bandwidth": 101.56742537881256, "_Long_Kernel": 60.17783423308987, "_ave_Kernel_Length": 60.17783423308987, "_long/short_Ratio": 64.92022848138664, "_avg_Thread": 60.17783423308987, "sm%": 6.707317073170732, "mem%": 60.17783423308987, "CPU%": 96.2425840474621, "MainMem%": 75.46194598785372}, "workload1+workload2": {"Best shared with 100-100% MPS thread%": 140.29303667130998, "Random select collocation": 97.5600188210029, "stage1-shared 100-100% throughput of predicted pairs": 128.23380214445507, "_PCIe read bandwidth": 122.3660942640039, "_PCIe write bandwidth": 122.3660942640039, "_Long_Kernel": 120.30962994972907, "_ave_Kernel_Length": 120.30962994972907, "_long/short_Ratio": 89.2819838626648, "_avg_Thread": 120.30962994972907, "sm%": 63.29098144677795, "mem%": 120.30962994972907, "CPU%": 128.23380214445507, "MainMem%": 128.3373273006997}}