{"workload1": {"Best shared with 100-100% MPS thread%": 81.64121203648692, "Random select collocation": 64.80563079605216, "stage1-shared 100-100% throughput of predicted pairs": 80.92285308483736, "_PCIe read bandwidth": 41.937452874223546, "_PCIe write bandwidth": 41.937452874223546, "_Long_Kernel": 77.98364212986147, "_ave_Kernel_Length": 77.98364212986147, "_long/short_Ratio": 69.30105612910882, "_avg_Thread": 77.98364212986147, "sm%": 65.43600661082944, "mem%": 77.98364212986147, "CPU%": 52.56636503585777, "MainMem%": 72.20216606498194}, "workload2": {"Best shared with 100-100% MPS thread%": 83.04498269896193, "Random select collocation": 44.82257695888138, "stage1-shared 100-100% throughput of predicted pairs": 80.82296944572394, "_PCIe read bandwidth": 29.40360610263523, "_PCIe write bandwidth": 29.40360610263523, "_Long_Kernel": 61.59628967231502, "_ave_Kernel_Length": 61.59628967231502, "_long/short_Ratio": 22.196555014312256, "_avg_Thread": 61.59628967231502, "sm%": 5.873819043912105, "mem%": 61.59628967231502, "CPU%": 90.29066171923314, "MainMem%": 71.39364303178485}, "workload1+workload2": {"Best shared with 100-100% MPS thread%": 164.68619473544885, "Random select collocation": 109.62820775493354, "stage1-shared 100-100% throughput of predicted pairs": 161.7458225305613, "_PCIe read bandwidth": 71.34105897685878, "_PCIe write bandwidth": 71.34105897685878, "_Long_Kernel": 139.57993180217647, "_ave_Kernel_Length": 139.57993180217647, "_long/short_Ratio": 91.49761114342107, "_avg_Thread": 139.57993180217647, "sm%": 71.30982565474154, "mem%": 139.57993180217647, "CPU%": 142.8570267550909, "MainMem%": 143.5958090967668}}