mse,r2
0.5101715856120927,0.4369097633028407
