mse,r2
0.3226313309132309,0.6717084702988178
