mse,r2
0.16713779181258484,0.8274706665160414
