{"workload1": {"Best shared with 100-100% MPS thread%": 81.52278407998462, "stage1-shared 100-100% throughput of predicted pairs": 101.56742537881256}, "workload2": {"Best shared with 100-100% MPS thread%": 58.77025259132535, "stage1-shared 100-100% throughput of predicted pairs": 20.798668885191347}, "workload1+workload2": {"Best shared with 100-100% MPS thread%": 140.29303667130998, "stage1-shared 100-100% throughput of predicted pairs": 122.3660942640039}}