{"workload1": {"Best shared with 100-100% MPS thread%": 92.6984126984127, "Random select collocation": 81.09728000971114, "stage1-shared 100-100% throughput of predicted pairs": 96.51496684363832, "_PCIe read bandwidth": 72.32534018607676, "_PCIe write bandwidth": 72.32534018607676, "_Long_Kernel": 101.56742537881256, "_ave_Kernel_Length": 101.56742537881256, "_long/short_Ratio": 93.996459037502, "_avg_Thread": 101.56742537881256, "sm%": 87.77829967120714, "mem%": 101.56742537881256, "CPU%": 72.32534018607676, "MainMem%": 93.996459037502}, "workload2": {"Best shared with 100-100% MPS thread%": 52.61810519682559, "Random select collocation": 17.7371055241106, "stage1-shared 100-100% throughput of predicted pairs": 38.74561084877104, "_PCIe read bandwidth": 40.41189042160482, "_PCIe write bandwidth": 40.41189042160482, "_Long_Kernel": 20.798668885191347, "_ave_Kernel_Length": 20.798668885191347, "_long/short_Ratio": 6.350704020902889, "_avg_Thread": 20.798668885191347, "sm%": 2.062128222075347, "mem%": 20.798668885191347, "CPU%": 40.41189042160482, "MainMem%": 6.350704020902889}, "workload1+workload2": {"Best shared with 100-100% MPS thread%": 145.3165178952383, "Random select collocation": 98.83438553382172, "stage1-shared 100-100% throughput of predicted pairs": 135.26057769240936, "_PCIe read bandwidth": 112.73723060768157, "_PCIe write bandwidth": 112.73723060768157, "_Long_Kernel": 122.3660942640039, "_ave_Kernel_Length": 122.3660942640039, "_long/short_Ratio": 100.3471630584049, "_avg_Thread": 122.3660942640039, "sm%": 89.84042789328248, "mem%": 122.3660942640039, "CPU%": 112.73723060768157, "MainMem%": 100.3471630584049}}