{"workload1": {"Best shared with 100-100% MPS thread%": 30.519055142383724, "Random select collocation": 23.96797399629505, "stage1-shared 100-100% throughput of predicted pairs": 30.519055142383724, "_PCIe read bandwidth": 17.07949566306, "_PCIe write bandwidth": 17.07949566306, "_Long_Kernel": 22.005087777647937, "_ave_Kernel_Length": 29.122782215310664, "_long/short_Ratio": 29.122782215310664, "_avg_Thread": 30.519055142383724, "sm%": 22.005087777647937, "mem%": 30.519055142383724, "CPU%": 18.22475608883376, "MainMem%": 28.799499139145404}, "workload2": {"Best shared with 100-100% MPS thread%": 45.71160205858756, "Random select collocation": 17.232620445993916, "stage1-shared 100-100% throughput of predicted pairs": 45.71160205858756, "_PCIe read bandwidth": 18.529241459177765, "_PCIe write bandwidth": 18.529241459177765, "_Long_Kernel": 13.501095638651304, "_ave_Kernel_Length": 6.299368414109266, "_long/short_Ratio": 6.299368414109266, "_avg_Thread": 45.71160205858756, "sm%": 13.501095638651304, "mem%": 45.71160205858756, "CPU%": 18.444237940079752, "MainMem%": 21.35361439175107}, "workload1+workload2": {"Best shared with 100-100% MPS thread%": 76.23065720097128, "Random select collocation": 41.200594442288974, "stage1-shared 100-100% throughput of predicted pairs": 76.23065720097128, "_PCIe read bandwidth": 35.60873712223777, "_PCIe write bandwidth": 35.60873712223777, "_Long_Kernel": 35.50618341629924, "_ave_Kernel_Length": 35.42215062941993, "_long/short_Ratio": 35.42215062941993, "_avg_Thread": 76.23065720097128, "sm%": 35.50618341629924, "mem%": 76.23065720097128, "CPU%": 36.66899402891352, "MainMem%": 50.153113530896476}}