{"workload1": {"Best shared with 100-100% MPS thread%": 79.89192701653585, "Random select collocation": 67.6473497986301, "stage1-shared 100-100% throughput of predicted pairs": 79.89192701653585, "_PCIe read bandwidth": 52.61810519682559, "_PCIe write bandwidth": 52.61810519682559, "_Long_Kernel": 81.52278407998462, "_ave_Kernel_Length": 81.52278407998462, "_long/short_Ratio": 67.33929086191986, "_avg_Thread": 81.52278407998462, "sm%": 66.97823780715083, "mem%": 81.52278407998462, "CPU%": 66.97823780715083, "MainMem%": 66.97823780715083}, "workload2": {"Best shared with 100-100% MPS thread%": 80.02237467713012, "Random select collocation": 35.88120935440587, "stage1-shared 100-100% throughput of predicted pairs": 80.02237467713012, "_PCIe read bandwidth": 92.6984126984127, "_PCIe write bandwidth": 92.6984126984127, "_Long_Kernel": 58.77025259132535, "_ave_Kernel_Length": 58.77025259132535, "_long/short_Ratio": 2.717503191007535, "_avg_Thread": 58.77025259132535, "sm%": 25.52420466630779, "mem%": 58.77025259132535, "CPU%": 25.52420466630779, "MainMem%": 25.52420466630779}, "workload1+workload2": {"Best shared with 100-100% MPS thread%": 159.91430169366595, "Random select collocation": 103.52855915303599, "stage1-shared 100-100% throughput of predicted pairs": 159.91430169366595, "_PCIe read bandwidth": 145.3165178952383, "_PCIe write bandwidth": 145.3165178952383, "_Long_Kernel": 140.29303667130998, "_ave_Kernel_Length": 140.29303667130998, "_long/short_Ratio": 70.0567940529274, "_avg_Thread": 140.29303667130998, "sm%": 92.50244247345861, "mem%": 140.29303667130998, "CPU%": 92.50244247345861, "MainMem%": 92.50244247345861}}