{"workload1": {"Best shared with 100-100% MPS thread%": 8.31286604949934, "Random select collocation": 7.078536943965879, "stage1-shared 100-100% throughput of predicted pairs": 8.31286604949934, "_PCIe read bandwidth": 7.328642618359017, "_PCIe write bandwidth": 8.31286604949934, "_Long_Kernel": 9.44138473642801, "_ave_Kernel_Length": 9.44138473642801, "_long/short_Ratio": 9.44138473642801, "_avg_Thread": 9.44138473642801, "sm%": 7.328642618359017, "mem%": 9.44138473642801, "CPU%": 5.903306315146925, "MainMem%": 5.903306315146925}, "workload2": {"Best shared with 100-100% MPS thread%": 61.9341154636442, "Random select collocation": 22.578138011054005, "stage1-shared 100-100% throughput of predicted pairs": 61.9341154636442, "_PCIe read bandwidth": 2.4118720856545632, "_PCIe write bandwidth": 61.9341154636442, "_Long_Kernel": 45.5573757703409, "_ave_Kernel_Length": 45.5573757703409, "_long/short_Ratio": 45.5573757703409, "_avg_Thread": 45.5573757703409, "sm%": 2.4118720856545632, "mem%": 45.5573757703409, "CPU%": 15.587181034176812, "MainMem%": 15.587181034176812}, "workload1+workload2": {"Best shared with 100-100% MPS thread%": 70.24698151314354, "Random select collocation": 29.65667495501988, "stage1-shared 100-100% throughput of predicted pairs": 70.24698151314354, "_PCIe read bandwidth": 9.74051470401358, "_PCIe write bandwidth": 70.24698151314354, "_Long_Kernel": 54.9987605067689, "_ave_Kernel_Length": 54.9987605067689, "_long/short_Ratio": 54.9987605067689, "_avg_Thread": 54.9987605067689, "sm%": 9.74051470401358, "mem%": 54.9987605067689, "CPU%": 21.490487349323736, "MainMem%": 21.490487349323736}}