{"workload1": {"Best shared with 100-100% MPS thread%": 62.87844288147885, "Random select collocation": 58.47152156741797, "stage1-shared 100-100% throughput of predicted pairs": 62.87844288147885, "_PCIe read bandwidth": 51.14776398571672, "_PCIe write bandwidth": 51.14776398571672, "_Long_Kernel": 61.38835783505834, "_ave_Kernel_Length": 61.38835783505834, "_long/short_Ratio": 61.38835783505834, "_avg_Thread": 62.87844288147885, "sm%": 61.38835783505834, "mem%": 62.87844288147885, "CPU%": 51.14776398571672, "MainMem%": 61.38835783505834}, "workload2": {"Best shared with 100-100% MPS thread%": 41.65255068380793, "Random select collocation": 29.973149587512324, "stage1-shared 100-100% throughput of predicted pairs": 41.65255068380793, "_PCIe read bandwidth": 40.54640445732734, "_PCIe write bandwidth": 40.54640445732734, "_Long_Kernel": 7.720493621401698, "_ave_Kernel_Length": 7.720493621401698, "_long/short_Ratio": 7.720493621401698, "_avg_Thread": 41.65255068380793, "sm%": 7.720493621401698, "mem%": 41.65255068380793, "CPU%": 40.54640445732734, "MainMem%": 7.720493621401698}, "workload1+workload2": {"Best shared with 100-100% MPS thread%": 104.53099356528678, "Random select collocation": 88.44467115493029, "stage1-shared 100-100% throughput of predicted pairs": 104.53099356528678, "_PCIe read bandwidth": 91.69416844304406, "_PCIe write bandwidth": 91.69416844304406, "_Long_Kernel": 69.10885145646004, "_ave_Kernel_Length": 69.10885145646004, "_long/short_Ratio": 69.10885145646004, "_avg_Thread": 104.53099356528678, "sm%": 69.10885145646004, "mem%": 104.53099356528678, "CPU%": 91.69416844304406, "MainMem%": 69.10885145646004}}