{"workload1": {"Best shared with 100-100% MPS thread%": 2.485012269748082, "Random select collocation": 3.1471667126469054, "stage1-shared 100-100% throughput of predicted pairs": 3.589574397888485, "_PCIe read bandwidth": 2.485012269748082, "_PCIe write bandwidth": 2.485012269748082, "_Long_Kernel": 3.714731591494414, "_ave_Kernel_Length": 3.044093697204, "_long/short_Ratio": 3.1421541302185334, "_avg_Thread": 3.714731591494414, "sm%": 3.714731591494414, "mem%": 3.589574397888485, "CPU%": 2.485012269748082, "MainMem%": 3.714731591494414}, "workload2": {"Best shared with 100-100% MPS thread%": 58.367897656289045, "Random select collocation": 21.901825985890316, "stage1-shared 100-100% throughput of predicted pairs": 41.77732471318328, "_PCIe read bandwidth": 58.367897656289045, "_PCIe write bandwidth": 58.367897656289045, "_Long_Kernel": 4.197695002352801, "_ave_Kernel_Length": 22.861831112831894, "_long/short_Ratio": 0.95585192305125, "_avg_Thread": 4.197695002352801, "sm%": 4.197695002352801, "mem%": 41.77732471318328, "CPU%": 58.367897656289045, "MainMem%": 4.197695002352801}, "workload1+workload2": {"Best shared with 100-100% MPS thread%": 60.85290992603713, "Random select collocation": 25.048992698537223, "stage1-shared 100-100% throughput of predicted pairs": 45.36689911107177, "_PCIe read bandwidth": 60.85290992603713, "_PCIe write bandwidth": 60.85290992603713, "_Long_Kernel": 7.912426593847215, "_ave_Kernel_Length": 25.905924810035895, "_long/short_Ratio": 4.098006053269783, "_avg_Thread": 7.912426593847215, "sm%": 7.912426593847215, "mem%": 45.36689911107177, "CPU%": 60.85290992603713, "MainMem%": 7.912426593847215}}