{"workload1": {"Best shared with 100-100% MPS thread%": 3.108606955508063, "Random select collocation": 3.1710730726803873, "stage1-shared 100-100% throughput of predicted pairs": 3.424276694985491, "_PCIe read bandwidth": 2.7796848974035977, "_PCIe write bandwidth": 3.108606955508063, "_Long_Kernel": 3.72830460632995, "_ave_Kernel_Length": 3.693033998756298, "_long/short_Ratio": 3.693033998756298, "_avg_Thread": 3.72830460632995, "sm%": 3.322266247958369, "mem%": 3.424276694985491, "CPU%": 2.7796848974035977, "MainMem%": 3.693033998756298}, "workload2": {"Best shared with 100-100% MPS thread%": 43.00639756984397, "Random select collocation": 12.737111790033683, "stage1-shared 100-100% throughput of predicted pairs": 17.324787369671142, "_PCIe read bandwidth": 11.811782413568404, "_PCIe write bandwidth": 43.00639756984397, "_Long_Kernel": 3.293390534862815, "_ave_Kernel_Length": 3.8838592978200177, "_long/short_Ratio": 3.8838592978200177, "_avg_Thread": 3.293390534862815, "sm%": 7.450307986514724, "mem%": 17.324787369671142, "CPU%": 11.811782413568404, "MainMem%": 3.8838592978200177}, "workload1+workload2": {"Best shared with 100-100% MPS thread%": 46.115004525352035, "Random select collocation": 15.908184862714071, "stage1-shared 100-100% throughput of predicted pairs": 20.749064064656633, "_PCIe read bandwidth": 14.591467310972002, "_PCIe write bandwidth": 46.115004525352035, "_Long_Kernel": 7.021695141192765, "_ave_Kernel_Length": 7.576893296576316, "_long/short_Ratio": 7.576893296576316, "_avg_Thread": 7.021695141192765, "sm%": 10.772574234473092, "mem%": 20.749064064656633, "CPU%": 14.591467310972002, "MainMem%": 7.576893296576316}}