mse,r2
0.47625055145499334,0.4532522241315909
