mse,r2
0.08759203094613603,0.908758301097775
