{"workload1": {"Best shared with 100-100% MPS thread%": 79.89192701653585, "Random select collocation": 73.69437703522225, "stage1-shared 100-100% throughput of predicted pairs": 81.52278407998462, "_Threads": 81.52278407998462, "_Compute (SM) Throughput": 79.56139232436567, "_DRAM Throughput": 81.52278407998462, "_Memory Throughput": 81.52278407998462, "_Registers": 81.52278407998462, "_Static Shared Memory": 81.52278407998462, "exclusive_throughput": 65.43844508648831, "sm%": 78.86696264285352, "mem%": 81.52278407998462, "memcap": 79.56139232436567}, "workload2": {"Best shared with 100-100% MPS thread%": 80.02237467713012, "Random select collocation": 51.23788665276594, "stage1-shared 100-100% throughput of predicted pairs": 58.77025259132535, "_Threads": 58.77025259132535, "_Compute (SM) Throughput": 68.61708377393961, "_DRAM Throughput": 58.77025259132535, "_Memory Throughput": 58.77025259132535, "_Registers": 58.77025259132535, "_Static Shared Memory": 58.77025259132535, "exclusive_throughput": 85.55836354979306, "sm%": 19.00976676833965, "mem%": 58.77025259132535, "memcap": 68.61708377393961}, "workload1+workload2": {"Best shared with 100-100% MPS thread%": 159.91430169366595, "Random select collocation": 124.93226368798817, "stage1-shared 100-100% throughput of predicted pairs": 140.29303667130998, "_Threads": 140.29303667130998, "_Compute (SM) Throughput": 148.17847609830528, "_DRAM Throughput": 140.29303667130998, "_Memory Throughput": 140.29303667130998, "_Registers": 140.29303667130998, "_Static Shared Memory": 140.29303667130998, "exclusive_throughput": 150.99680863628137, "sm%": 97.87672941119317, "mem%": 140.29303667130998, "memcap": 148.17847609830528}}