mse,r2
0.23907390150809543,0.6386293320667851
