mse,r2
0.07831907692841657,0.9151543333275487
