{"workload1": {"Best shared with 100-100% MPS thread%": 19.00976676833965, "Random select collocation": 11.794651360541534, "stage1-shared 100-100% throughput of predicted pairs": 19.834622849698228, "_PCIe read bandwidth": 5.127782508767592, "_PCIe write bandwidth": 5.127782508767592, "_Long_Kernel": 21.2018567306486, "_ave_Kernel_Length": 21.2018567306486, "_long/short_Ratio": 13.913918109048238, "_avg_Thread": 21.2018567306486, "sm%": 14.496603544457516, "mem%": 21.2018567306486, "CPU%": 7.892353473929357, "MainMem%": 14.003044140030442}, "workload2": {"Best shared with 100-100% MPS thread%": 78.86696264285352, "Random select collocation": 34.304593763199236, "stage1-shared 100-100% throughput of predicted pairs": 70.7450030284676, "_PCIe read bandwidth": 28.53008448863371, "_PCIe write bandwidth": 28.53008448863371, "_Long_Kernel": 49.6261046906866, "_ave_Kernel_Length": 49.6261046906866, "_long/short_Ratio": 16.0618929487449, "_avg_Thread": 49.6261046906866, "sm%": 5.056570381138992, "mem%": 49.6261046906866, "CPU%": 84.77282624473798, "MainMem%": 55.36069769646412}, "workload1+workload2": {"Best shared with 100-100% MPS thread%": 97.87672941119317, "Random select collocation": 46.09924512374078, "stage1-shared 100-100% throughput of predicted pairs": 90.57962587816581, "_PCIe read bandwidth": 33.65786699740131, "_PCIe write bandwidth": 33.65786699740131, "_Long_Kernel": 70.8279614213352, "_ave_Kernel_Length": 70.8279614213352, "_long/short_Ratio": 29.975811057793138, "_avg_Thread": 70.8279614213352, "sm%": 19.553173925596507, "mem%": 70.8279614213352, "CPU%": 92.66517971866735, "MainMem%": 69.36374183649457}}