{"workload1": {"Best shared with 100-100% MPS thread%": 1.5092631022903067, "Random select collocation": 1.9455342557982698, "stage1-shared 100-100% throughput of predicted pairs": 2.9890744176458464, "_PCIe read bandwidth": 1.5092631022903067, "_PCIe write bandwidth": 1.5092631022903067, "_Long_Kernel": 2.717503191007535, "_ave_Kernel_Length": 0.95585192305125, "_long/short_Ratio": 1.8773345719870715, "_avg_Thread": 2.9890744176458464, "sm%": 1.5484488905443516, "mem%": 2.717503191007535, "CPU%": 1.5484488905443516, "MainMem%": 1.5092631022903067}, "workload2": {"Best shared with 100-100% MPS thread%": 83.40771949869675, "Random select collocation": 40.75433192255822, "stage1-shared 100-100% throughput of predicted pairs": 59.948161264659845, "_PCIe read bandwidth": 83.40771949869675, "_PCIe write bandwidth": 83.40771949869675, "_Long_Kernel": 67.33929086191986, "_ave_Kernel_Length": 3.1421541302185334, "_long/short_Ratio": 1.887885216578832, "_avg_Thread": 59.948161264659845, "sm%": 22.538107194401057, "mem%": 67.33929086191986, "CPU%": 22.538107194401057, "MainMem%": 83.40771949869675}, "workload1+workload2": {"Best shared with 100-100% MPS thread%": 84.91698260098705, "Random select collocation": 42.6998661783565, "stage1-shared 100-100% throughput of predicted pairs": 62.93723568230569, "_PCIe read bandwidth": 84.91698260098705, "_PCIe write bandwidth": 84.91698260098705, "_Long_Kernel": 70.0567940529274, "_ave_Kernel_Length": 4.098006053269783, "_long/short_Ratio": 3.7652197885659033, "_avg_Thread": 62.93723568230569, "sm%": 24.086556084945407, "mem%": 70.0567940529274, "CPU%": 24.086556084945407, "MainMem%": 84.91698260098705}}