{"workload1": {"Best shared with 100-100% MPS thread%": 42.27573239522048, "Random select collocation": 28.781845235086514, "stage1-shared 100-100% throughput of predicted pairs": 44.81551032837639, "_PCIe read bandwidth": 14.920679292752814, "_PCIe write bandwidth": 14.920679292752814, "_Long_Kernel": 36.025998142989785, "_ave_Kernel_Length": 7.06304774053339, "_long/short_Ratio": 7.06304774053339, "_avg_Thread": 36.025998142989785, "sm%": 44.37666793747617, "mem%": 31.224851118622244, "CPU%": 15.52579629728432, "MainMem%": 36.025998142989785}, "workload2": {"Best shared with 100-100% MPS thread%": 76.87118482320615, "Random select collocation": 38.01839598060697, "stage1-shared 100-100% throughput of predicted pairs": 66.73332381088416, "_PCIe read bandwidth": 88.95150695885611, "_PCIe write bandwidth": 88.95150695885611, "_Long_Kernel": 13.576580398812048, "_ave_Kernel_Length": 3.852180834076577, "_long/short_Ratio": 3.852180834076577, "_avg_Thread": 13.576580398812048, "sm%": 6.896551724137932, "mem%": 33.66619115549215, "CPU%": 28.055331347936207, "MainMem%": 13.576580398812048}, "workload1+workload2": {"Best shared with 100-100% MPS thread%": 119.14691721842664, "Random select collocation": 66.80024121569348, "stage1-shared 100-100% throughput of predicted pairs": 111.54883413926055, "_PCIe read bandwidth": 103.87218625160892, "_PCIe write bandwidth": 103.87218625160892, "_Long_Kernel": 49.60257854180183, "_ave_Kernel_Length": 10.915228574609968, "_long/short_Ratio": 10.915228574609968, "_avg_Thread": 49.60257854180183, "sm%": 51.27321966161411, "mem%": 64.8910422741144, "CPU%": 43.581127645220526, "MainMem%": 49.60257854180183}}