mse,r2
0.5496165321138853,0.38096555375803753
