mse,r2
0.15492213873877522,0.8160041101108504
