mse,r2
0.2688637173954376,0.6975283179301326
