{"workload1": {"Best shared with 100-100% MPS thread%": 6.350704020902889, "Random select collocation": 9.909590870779569, "stage1-shared 100-100% throughput of predicted pairs": 7.720493621401698, "_PCIe read bandwidth": 5.291518333310246, "_PCIe write bandwidth": 6.350704020902889, "_Long_Kernel": 16.0618929487449, "_ave_Kernel_Length": 15.066061920725694, "_long/short_Ratio": 15.066061920725694, "_avg_Thread": 16.0618929487449, "exclusive_throughput": 7.720493621401698, "sm%": 19.05522023245373, "mem%": 16.222702183825294, "CPU%": 9.729663156598312, "MainMem%": 15.066061920725694}, "workload2": {"Best shared with 100-100% MPS thread%": 93.996459037502, "Random select collocation": 34.15878139057674, "stage1-shared 100-100% throughput of predicted pairs": 61.38835783505834, "_PCIe read bandwidth": 28.69084237968468, "_PCIe write bandwidth": 93.996459037502, "_Long_Kernel": 13.913918109048238, "_ave_Kernel_Length": 15.934507711424605, "_long/short_Ratio": 15.934507711424605, "_avg_Thread": 13.913918109048238, "exclusive_throughput": 61.38835783505834, "sm%": 5.126327352618089, "mem%": 34.25342828556295, "CPU%": 83.86888306466089, "MainMem%": 15.934507711424605}, "workload1+workload2": {"Best shared with 100-100% MPS thread%": 100.3471630584049, "Random select collocation": 44.06837226135631, "stage1-shared 100-100% throughput of predicted pairs": 69.10885145646004, "_PCIe read bandwidth": 33.982360712994925, "_PCIe write bandwidth": 100.3471630584049, "_Long_Kernel": 29.975811057793138, "_ave_Kernel_Length": 31.0005696321503, "_long/short_Ratio": 31.0005696321503, "_avg_Thread": 29.975811057793138, "exclusive_throughput": 69.10885145646004, "sm%": 24.18154758507182, "mem%": 50.47613046938824, "CPU%": 93.5985462212592, "MainMem%": 31.0005696321503}}