{"workload1": {"Best shared with 100-100% MPS thread%": 81.64121203648692, "Random select collocation": 62.07481560864736, "stage1-shared 100-100% throughput of predicted pairs": 77.98364212986147, "_PCIe read bandwidth": 38.74561084877104, "_PCIe write bandwidth": 38.74561084877104, "_Long_Kernel": 77.98364212986147, "_ave_Kernel_Length": 77.98364212986147, "_long/short_Ratio": 59.948161264659845, "_avg_Thread": 77.98364212986147, "exclusive_throughput": 41.65255068380793, "sm%": 65.43600661082944, "mem%": 77.98364212986147, "CPU%": 45.71160205858756, "MainMem%": 70.7450030284676}, "workload2": {"Best shared with 100-100% MPS thread%": 83.04498269896193, "Random select collocation": 48.052278260227176, "stage1-shared 100-100% throughput of predicted pairs": 61.59628967231502, "_PCIe read bandwidth": 96.51496684363832, "_PCIe write bandwidth": 96.51496684363832, "_Long_Kernel": 61.59628967231502, "_ave_Kernel_Length": 61.59628967231502, "_long/short_Ratio": 2.9890744176458464, "_avg_Thread": 61.59628967231502, "exclusive_throughput": 62.87844288147885, "sm%": 5.873819043912105, "mem%": 61.59628967231502, "CPU%": 30.519055142383724, "MainMem%": 19.834622849698228}, "workload1+workload2": {"Best shared with 100-100% MPS thread%": 164.68619473544885, "Random select collocation": 110.12709386887457, "stage1-shared 100-100% throughput of predicted pairs": 139.57993180217647, "_PCIe read bandwidth": 135.26057769240936, "_PCIe write bandwidth": 135.26057769240936, "_Long_Kernel": 139.57993180217647, "_ave_Kernel_Length": 139.57993180217647, "_long/short_Ratio": 62.93723568230569, "_avg_Thread": 139.57993180217647, "exclusive_throughput": 104.53099356528678, "sm%": 71.30982565474154, "mem%": 139.57993180217647, "CPU%": 76.23065720097128, "MainMem%": 90.57962587816581}}