{"workload1": {"Best shared with 100-100% MPS thread%": 61.571012959534514, "Random select collocation": 57.72084058779005, "stage1-shared 100-100% throughput of predicted pairs": 62.87844288147885, "_PCIe read bandwidth": 51.14776398571672, "_PCIe write bandwidth": 51.14776398571672, "_Long_Kernel": 51.61862527716186, "_ave_Kernel_Length": 61.38835783505834, "_long/short_Ratio": 61.38835783505834, "_avg_Thread": 62.87844288147885, "exclusive_throughput": 51.14776398571672, "sm%": 51.61862527716186, "mem%": 61.571012959534514, "CPU%": 51.14776398571672, "MainMem%": 61.38835783505834}, "workload2": {"Best shared with 100-100% MPS thread%": 62.26737884110588, "Random select collocation": 32.94506881848635, "stage1-shared 100-100% throughput of predicted pairs": 41.65255068380793, "_PCIe read bandwidth": 40.54640445732734, "_PCIe write bandwidth": 40.54640445732734, "_Long_Kernel": 12.538516488788904, "_ave_Kernel_Length": 7.720493621401698, "_long/short_Ratio": 7.720493621401698, "_avg_Thread": 41.65255068380793, "exclusive_throughput": 40.54640445732734, "sm%": 12.538516488788904, "mem%": 62.26737884110588, "CPU%": 40.54640445732734, "MainMem%": 7.720493621401698}, "workload1+workload2": {"Best shared with 100-100% MPS thread%": 123.8383918006404, "Random select collocation": 90.66590940627643, "stage1-shared 100-100% throughput of predicted pairs": 104.53099356528678, "_PCIe read bandwidth": 91.69416844304406, "_PCIe write bandwidth": 91.69416844304406, "_Long_Kernel": 64.15714176595077, "_ave_Kernel_Length": 69.10885145646004, "_long/short_Ratio": 69.10885145646004, "_avg_Thread": 104.53099356528678, "exclusive_throughput": 91.69416844304406, "sm%": 64.15714176595077, "mem%": 123.8383918006404, "CPU%": 91.69416844304406, "MainMem%": 69.10885145646004}}