mse,r2
0.3214684631709641,0.6396085225370761
