mse,r2
0.05965162578805455,0.9391309940938218
