{"workload1": {"Best shared with 100-100% MPS thread%": 5.135074793480688, "Random select collocation": 10.237031462212567, "stage1-shared 100-100% throughput of predicted pairs": 19.834622849698228, "_PCIe read bandwidth": 5.127782508767592, "_PCIe write bandwidth": 5.135074793480688, "_Long_Kernel": 21.2018567306486, "_ave_Kernel_Length": 21.2018567306486, "_long/short_Ratio": 13.913918109048238, "_avg_Thread": 21.2018567306486, "sm%": 14.496603544457516, "mem%": 21.2018567306486, "CPU%": 7.892353473929357, "MainMem%": 14.003044140030442}, "workload2": {"Best shared with 100-100% MPS thread%": 94.45635032954593, "Random select collocation": 36.19319106125736, "stage1-shared 100-100% throughput of predicted pairs": 70.7450030284676, "_PCIe read bandwidth": 28.53008448863371, "_PCIe write bandwidth": 94.45635032954593, "_Long_Kernel": 49.6261046906866, "_ave_Kernel_Length": 49.6261046906866, "_long/short_Ratio": 16.0618929487449, "_avg_Thread": 49.6261046906866, "sm%": 5.056570381138992, "mem%": 49.6261046906866, "CPU%": 84.77282624473798, "MainMem%": 55.36069769646412}, "workload1+workload2": {"Best shared with 100-100% MPS thread%": 99.59142512302661, "Random select collocation": 46.430222523469915, "stage1-shared 100-100% throughput of predicted pairs": 90.57962587816581, "_PCIe read bandwidth": 33.65786699740131, "_PCIe write bandwidth": 99.59142512302661, "_Long_Kernel": 70.8279614213352, "_ave_Kernel_Length": 70.8279614213352, "_long/short_Ratio": 29.975811057793138, "_avg_Thread": 70.8279614213352, "sm%": 19.553173925596507, "mem%": 70.8279614213352, "CPU%": 92.66517971866735, "MainMem%": 69.36374183649457}}