mse,r2
0.36515892619319684,0.5983251811874835
