mse,r2
0.08759682849718772,0.9111694133549646
