mse,r2
0.5803442646757646,0.34711270223976476
