mse,r2
0.12836376094043533,0.8693842432535921
