{"workload1": {"Best shared with 100-100% MPS thread%": 6.350704020902889, "stage1-shared 100-100% throughput of predicted pairs": 69.30105612910882}, "workload2": {"Best shared with 100-100% MPS thread%": 93.996459037502, "stage1-shared 100-100% throughput of predicted pairs": 22.196555014312256}, "workload1+workload2": {"Best shared with 100-100% MPS thread%": 100.3471630584049, "stage1-shared 100-100% throughput of predicted pairs": 91.49761114342107}}