mse,r2
0.114008518088867,0.8799910335906663
