{"workload1": {"Best shared with 100-100% MPS thread%": 23.843547135916385, "Random select collocation": 40.58519993731803, "stage1-shared 100-100% throughput of predicted pairs": 23.843547135916385, "_Threads": 85.76883536495814, "_Compute (SM) Throughput": 49.52090223013653, "_DRAM Throughput": 49.52090223013653, "_Memory Throughput": 49.52090223013653, "_Registers": 85.76883536495814, "_Static Shared Memory": 85.76883536495814, "exclusive_throughput": 23.843547135916385, "sm%": 85.76883536495814, "mem%": 29.918032786885245, "memcap": 49.52090223013653}, "workload2": {"Best shared with 100-100% MPS thread%": 84.82278097546198, "Random select collocation": 39.023441724928766, "stage1-shared 100-100% throughput of predicted pairs": 84.82278097546198, "_Threads": 7.033997655334115, "_Compute (SM) Throughput": 54.79849231661351, "_DRAM Throughput": 54.79849231661351, "_Memory Throughput": 54.79849231661351, "_Registers": 7.033997655334115, "_Static Shared Memory": 7.033997655334115, "exclusive_throughput": 84.82278097546198, "sm%": 7.033997655334115, "mem%": 55.35159559446485, "memcap": 54.79849231661351}, "workload1+workload2": {"Best shared with 100-100% MPS thread%": 108.66632811137836, "Random select collocation": 79.6086416622468, "stage1-shared 100-100% throughput of predicted pairs": 108.66632811137836, "_Threads": 92.80283302029225, "_Compute (SM) Throughput": 104.31939454675003, "_DRAM Throughput": 104.31939454675003, "_Memory Throughput": 104.31939454675003, "_Registers": 92.80283302029225, "_Static Shared Memory": 92.80283302029225, "exclusive_throughput": 108.66632811137836, "sm%": 92.80283302029225, "mem%": 85.26962838135009, "memcap": 104.31939454675003}}