{"workload1": {"Best shared with 100-100% MPS thread%": 30.519055142383724, "Random select collocation": 23.96797399629505, "stage1-shared 100-100% throughput of predicted pairs": 30.519055142383724, "_Threads": 30.519055142383724, "_Compute (SM) Throughput": 30.519055142383724, "_DRAM Throughput": 30.519055142383724, "_Memory Throughput": 30.519055142383724, "_Registers": 30.519055142383724, "_Static Shared Memory": 23.45500874957787, "exclusive_throughput": 28.799499139145404, "sm%": 22.005087777647937, "mem%": 30.519055142383724, "memcap": 28.799499139145404}, "workload2": {"Best shared with 100-100% MPS thread%": 45.71160205858756, "Random select collocation": 17.232620445993916, "stage1-shared 100-100% throughput of predicted pairs": 45.71160205858756, "_Threads": 45.71160205858756, "_Compute (SM) Throughput": 45.71160205858756, "_DRAM Throughput": 45.71160205858756, "_Memory Throughput": 45.71160205858756, "_Registers": 45.71160205858756, "_Static Shared Memory": 12.473354775050275, "exclusive_throughput": 21.35361439175107, "sm%": 13.501095638651304, "mem%": 45.71160205858756, "memcap": 21.35361439175107}, "workload1+workload2": {"Best shared with 100-100% MPS thread%": 76.23065720097128, "Random select collocation": 41.200594442288974, "stage1-shared 100-100% throughput of predicted pairs": 76.23065720097128, "_Threads": 76.23065720097128, "_Compute (SM) Throughput": 76.23065720097128, "_DRAM Throughput": 76.23065720097128, "_Memory Throughput": 76.23065720097128, "_Registers": 76.23065720097128, "_Static Shared Memory": 35.928363524628146, "exclusive_throughput": 50.153113530896476, "sm%": 35.50618341629924, "mem%": 76.23065720097128, "memcap": 50.153113530896476}}