mse,r2
0.19924215514577076,0.7643948450331958
