mse,r2
0.12203483853258718,0.8753686755411876
