mse,r2
0.10023264702573523,0.8971972851018101
