mse,r2
0.04526244025722269,0.9530611730665839
