mse,r2
0.4585240049770725,0.5215401687195764
