mse,r2
0.27717914005264516,0.6956040044070273
