mse,r2
0.08727084110728939,0.9096123431388788
