mse,r2
0.14538537406623317,0.8469627641408072
