mse,r2
0.06337197436262149,0.9313470277738267
