mse,r2
0.17794333464422932,0.8023061373351497
