mse,r2
0.07232600709941513,0.9132087914807019
