mse,r2
0.24864105054295008,0.7452945335901487
