mse,r2
0.12401821134923234,0.8705896925051488
