mse,r2
0.37015688828984494,0.5558117340521861
