mse,r2
0.1359320785855139,0.8572713174852103
