mse,r2
0.10506276411376377,0.8903692896204205
