mse,r2
0.4391923876248835,0.5270235825578178
