mse,r2
0.3660738873976877,0.5607113351227746
