mse,r2
0.4012201702201798,0.5720318184318083
