{"workload1": {"Best shared with 100-100% MPS thread%": 79.89192701653585, "Random select collocation": 76.73794740652095, "stage1-shared 100-100% throughput of predicted pairs": 81.52278407998462, "_Threads": 81.52278407998462, "_Compute (SM) Throughput": 79.56139232436567, "_DRAM Throughput": 81.52278407998462, "_Memory Throughput": 81.52278407998462, "_Registers": 81.52278407998462, "_Static Shared Memory": 81.52278407998462, "exclusive_throughput": 79.56139232436567, "sm%": 78.23043820431674, "mem%": 81.52278407998462, "memcap": 79.56139232436567}, "workload2": {"Best shared with 100-100% MPS thread%": 80.02237467713012, "Random select collocation": 54.54852264811427, "stage1-shared 100-100% throughput of predicted pairs": 58.77025259132535, "_Threads": 58.77025259132535, "_Compute (SM) Throughput": 68.61708377393961, "_DRAM Throughput": 58.77025259132535, "_Memory Throughput": 58.77025259132535, "_Registers": 58.77025259132535, "_Static Shared Memory": 58.77025259132535, "exclusive_throughput": 68.61708377393961, "sm%": 21.32138453673353, "mem%": 58.77025259132535, "memcap": 68.61708377393961}, "workload1+workload2": {"Best shared with 100-100% MPS thread%": 159.91430169366595, "Random select collocation": 131.2864700546352, "stage1-shared 100-100% throughput of predicted pairs": 140.29303667130998, "_Threads": 140.29303667130998, "_Compute (SM) Throughput": 148.17847609830528, "_DRAM Throughput": 140.29303667130998, "_Memory Throughput": 140.29303667130998, "_Registers": 140.29303667130998, "_Static Shared Memory": 140.29303667130998, "exclusive_throughput": 148.17847609830528, "sm%": 99.55182274105027, "mem%": 140.29303667130998, "memcap": 148.17847609830528}}