{"workload1": {"Best shared with 100-100% MPS thread%": 3.108606955508063, "Random select collocation": 3.1730486596659433, "stage1-shared 100-100% throughput of predicted pairs": 3.7903062916590815, "_Threads": 3.7903062916590815, "_Compute (SM) Throughput": 3.108606955508063, "_DRAM Throughput": 3.7903062916590815, "_Memory Throughput": 3.7903062916590815, "_Registers": 3.7903062916590815, "_Static Shared Memory": 2.1413381078209435, "exclusive_throughput": 3.108606955508063, "sm%": 3.108606955508063, "mem%": 3.7903062916590815, "memcap": 3.7903062916590815}, "workload2": {"Best shared with 100-100% MPS thread%": 43.00639756984397, "Random select collocation": 12.377009936524558, "stage1-shared 100-100% throughput of predicted pairs": 11.660452119954767, "_Threads": 11.660452119954767, "_Compute (SM) Throughput": 43.00639756984397, "_DRAM Throughput": 11.660452119954767, "_Memory Throughput": 11.660452119954767, "_Registers": 11.660452119954767, "_Static Shared Memory": 2.389257357954705, "exclusive_throughput": 43.00639756984397, "sm%": 43.00639756984397, "mem%": 11.660452119954767, "memcap": 11.660452119954767}, "workload1+workload2": {"Best shared with 100-100% MPS thread%": 46.115004525352035, "Random select collocation": 15.550058596190501, "stage1-shared 100-100% throughput of predicted pairs": 15.45075841161385, "_Threads": 15.45075841161385, "_Compute (SM) Throughput": 46.115004525352035, "_DRAM Throughput": 15.45075841161385, "_Memory Throughput": 15.45075841161385, "_Registers": 15.45075841161385, "_Static Shared Memory": 4.530595465775649, "exclusive_throughput": 46.115004525352035, "sm%": 46.115004525352035, "mem%": 15.45075841161385, "memcap": 15.45075841161385}}