{"workload1": {"Best shared with 100-100% MPS thread%": 3.044093697204, "Random select collocation": 3.3003264729723156, "stage1-shared 100-100% throughput of predicted pairs": 3.714731591494414, "_Threads": 3.714731591494414, "_Compute (SM) Throughput": 3.1421541302185334, "_DRAM Throughput": 3.1421541302185334, "_Memory Throughput": 3.1421541302185334, "_Registers": 3.714731591494414, "_Static Shared Memory": 3.714731591494414, "exclusive_throughput": 3.044093697204, "sm%": 3.714731591494414, "mem%": 3.044093697204, "memcap": 3.714731591494414}, "workload2": {"Best shared with 100-100% MPS thread%": 22.861831112831894, "Random select collocation": 9.338459346078649, "stage1-shared 100-100% throughput of predicted pairs": 4.197695002352801, "_Threads": 4.197695002352801, "_Compute (SM) Throughput": 0.95585192305125, "_DRAM Throughput": 0.95585192305125, "_Memory Throughput": 0.95585192305125, "_Registers": 4.197695002352801, "_Static Shared Memory": 4.197695002352801, "exclusive_throughput": 22.861831112831894, "sm%": 4.197695002352801, "mem%": 22.861831112831894, "memcap": 4.197695002352801}, "workload1+workload2": {"Best shared with 100-100% MPS thread%": 25.905924810035895, "Random select collocation": 12.638785819050964, "stage1-shared 100-100% throughput of predicted pairs": 7.912426593847215, "_Threads": 7.912426593847215, "_Compute (SM) Throughput": 4.098006053269783, "_DRAM Throughput": 4.098006053269783, "_Memory Throughput": 4.098006053269783, "_Registers": 7.912426593847215, "_Static Shared Memory": 7.912426593847215, "exclusive_throughput": 25.905924810035895, "sm%": 7.912426593847215, "mem%": 25.905924810035895, "memcap": 7.912426593847215}}