mse,r2
0.22664456014597012,0.7048455824206922
