mse,r2
0.06177754967076119,0.9355364699087709
