mse,r2
0.12860856456647152,0.8553153648627195
