mse,r2
0.056090615933470526,0.9429253381729598
