{"workload1": {"Best shared with 100-100% MPS thread%": 21.71277615937177, "Random select collocation": 22.783943755511874, "stage1-shared 100-100% throughput of predicted pairs": 21.71277615937177, "_Threads": 31.03071335378539, "_Compute (SM) Throughput": 22.384642157132127, "_DRAM Throughput": 31.03071335378539, "_Memory Throughput": 31.03071335378539, "_Registers": 31.03071335378539, "_Static Shared Memory": 31.03071335378539, "exclusive_throughput": 21.71277615937177, "sm%": 17.335072891258722, "mem%": 31.03071335378539, "memcap": 21.71277615937177}, "workload2": {"Best shared with 100-100% MPS thread%": 42.5469911117587, "Random select collocation": 20.996241718779725, "stage1-shared 100-100% throughput of predicted pairs": 42.5469911117587, "_Threads": 21.55379221258535, "_Compute (SM) Throughput": 1.4333245495001836, "_DRAM Throughput": 21.55379221258535, "_Memory Throughput": 21.55379221258535, "_Registers": 21.55379221258535, "_Static Shared Memory": 21.55379221258535, "exclusive_throughput": 42.5469911117587, "sm%": 17.449377691330405, "mem%": 21.55379221258535, "memcap": 42.5469911117587}, "workload1+workload2": {"Best shared with 100-100% MPS thread%": 64.25976727113047, "Random select collocation": 43.78018547429159, "stage1-shared 100-100% throughput of predicted pairs": 64.25976727113047, "_Threads": 52.58450556637074, "_Compute (SM) Throughput": 23.817966706632312, "_DRAM Throughput": 52.58450556637074, "_Memory Throughput": 52.58450556637074, "_Registers": 52.58450556637074, "_Static Shared Memory": 52.58450556637074, "exclusive_throughput": 64.25976727113047, "sm%": 34.78445058258913, "mem%": 52.58450556637074, "memcap": 64.25976727113047}}