{"workload1": {"Best shared with 100-100% MPS thread%": 75.46194598785372, "Random select collocation": 54.74667157272381, "stage1-shared 100-100% throughput of predicted pairs": 13.794080827644848, "_Threads": 75.46194598785372, "_Compute (SM) Throughput": 13.794080827644848, "_DRAM Throughput": 75.46194598785372, "_Memory Throughput": 75.46194598785372, "_Registers": 75.46194598785372, "_Static Shared Memory": 75.46194598785372, "exclusive_throughput": 13.794080827644848, "sm%": 85.76883536495814, "mem%": 75.46194598785372, "memcap": 49.52090223013653}, "workload2": {"Best shared with 100-100% MPS thread%": 52.875381312846, "Random select collocation": 43.28011118415529, "stage1-shared 100-100% throughput of predicted pairs": 95.44626593806922, "_Threads": 52.875381312846, "_Compute (SM) Throughput": 95.44626593806922, "_DRAM Throughput": 52.875381312846, "_Memory Throughput": 52.875381312846, "_Registers": 52.875381312846, "_Static Shared Memory": 52.875381312846, "exclusive_throughput": 95.44626593806922, "sm%": 7.033997655334115, "mem%": 52.875381312846, "memcap": 54.79849231661351}, "workload1+workload2": {"Best shared with 100-100% MPS thread%": 128.3373273006997, "Random select collocation": 98.02678275687911, "stage1-shared 100-100% throughput of predicted pairs": 109.24034676571407, "_Threads": 128.3373273006997, "_Compute (SM) Throughput": 109.24034676571407, "_DRAM Throughput": 128.3373273006997, "_Memory Throughput": 128.3373273006997, "_Registers": 128.3373273006997, "_Static Shared Memory": 128.3373273006997, "exclusive_throughput": 109.24034676571407, "sm%": 92.80283302029225, "mem%": 128.3373273006997, "memcap": 104.31939454675003}}