{"workload1": {"Best shared with 100-100% MPS thread%": 11.38203404798116, "Random select collocation": 17.656655744266068, "stage1-shared 100-100% throughput of predicted pairs": 11.38203404798116, "_Threads": 25.095406501628403, "_Compute (SM) Throughput": 11.38203404798116, "_DRAM Throughput": 16.548157724628314, "_Memory Throughput": 23.56271277206136, "_Registers": 25.095406501628403, "_Static Shared Memory": 17.489441093318987, "exclusive_throughput": 11.38203404798116, "sm%": 11.862646213136223, "mem%": 23.56271277206136, "memcap": 16.548157724628314}, "workload2": {"Best shared with 100-100% MPS thread%": 76.38854825787675, "Random select collocation": 30.121395432659632, "stage1-shared 100-100% throughput of predicted pairs": 76.38854825787675, "_Threads": 7.833808420318684, "_Compute (SM) Throughput": 76.38854825787675, "_DRAM Throughput": 60.86344806023814, "_Memory Throughput": 22.808323862523025, "_Registers": 7.833808420318684, "_Static Shared Memory": 17.797055436933363, "exclusive_throughput": 76.38854825787675, "sm%": 23.108624144580133, "mem%": 22.808323862523025, "memcap": 60.86344806023814}, "workload1+workload2": {"Best shared with 100-100% MPS thread%": 87.77058230585791, "Random select collocation": 47.7780511769257, "stage1-shared 100-100% throughput of predicted pairs": 87.77058230585791, "_Threads": 32.929214921947086, "_Compute (SM) Throughput": 87.77058230585791, "_DRAM Throughput": 77.41160578486645, "_Memory Throughput": 46.371036634584385, "_Registers": 32.929214921947086, "_Static Shared Memory": 35.28649653025235, "exclusive_throughput": 87.77058230585791, "sm%": 34.97127035771636, "mem%": 46.371036634584385, "memcap": 77.41160578486645}}