{"workload1": {"Best shared with 100-100% MPS thread%": 3.108606955508063, "Random select collocation": 3.080983617214002, "stage1-shared 100-100% throughput of predicted pairs": 3.108606955508063, "_Threads": 3.693033998756298, "_Compute (SM) Throughput": 3.108606955508063, "_DRAM Throughput": 3.108606955508063, "_Memory Throughput": 3.524229074889868, "_Registers": 3.693033998756298, "_Static Shared Memory": 3.524229074889868, "exclusive_throughput": 3.108606955508063, "sm%": 2.9377099490948373, "mem%": 3.524229074889868, "memcap": 3.108606955508063}, "workload2": {"Best shared with 100-100% MPS thread%": 43.00639756984397, "Random select collocation": 12.2657119529791, "stage1-shared 100-100% throughput of predicted pairs": 43.00639756984397, "_Threads": 3.8838592978200177, "_Compute (SM) Throughput": 43.00639756984397, "_DRAM Throughput": 43.00639756984397, "_Memory Throughput": 0.9448105950010336, "_Registers": 3.8838592978200177, "_Static Shared Memory": 0.9448105950010336, "exclusive_throughput": 43.00639756984397, "sm%": 11.104234944275774, "mem%": 0.9448105950010336, "memcap": 43.00639756984397}, "workload1+workload2": {"Best shared with 100-100% MPS thread%": 46.115004525352035, "Random select collocation": 15.346695570193102, "stage1-shared 100-100% throughput of predicted pairs": 46.115004525352035, "_Threads": 7.576893296576316, "_Compute (SM) Throughput": 46.115004525352035, "_DRAM Throughput": 46.115004525352035, "_Memory Throughput": 4.469039669890901, "_Registers": 7.576893296576316, "_Static Shared Memory": 4.469039669890901, "exclusive_throughput": 46.115004525352035, "sm%": 14.041944893370612, "mem%": 4.469039669890901, "memcap": 46.115004525352035}}