mse,r2
0.18294436117214158,0.7685036701544878
