mse,r2
0.1406664820305757,0.8571007166673517
