mse,r2
0.16194506295072694,0.8354000999517202
