mse,r2
0.618247862950189,0.3199273507547922
