{"workload1": {"Best shared with 100-100% MPS thread%": 79.89192701653585, "Random select collocation": 60.726178132142664, "stage1-shared 100-100% throughput of predicted pairs": 79.89192701653585, "_Threads": 79.89192701653585, "_Compute (SM) Throughput": 79.89192701653585, "_DRAM Throughput": 65.43844508648831, "_Memory Throughput": 64.34995799071665, "_Registers": 79.89192701653585, "_Static Shared Memory": 41.77732471318328, "exclusive_throughput": 65.43844508648831, "sm%": 78.23043820431674, "mem%": 79.89192701653585, "memcap": 65.43844508648831}, "workload2": {"Best shared with 100-100% MPS thread%": 80.02237467713012, "Random select collocation": 35.60605711541787, "stage1-shared 100-100% throughput of predicted pairs": 80.02237467713012, "_Threads": 80.02237467713012, "_Compute (SM) Throughput": 80.02237467713012, "_DRAM Throughput": 85.55836354979306, "_Memory Throughput": 56.28430791433652, "_Registers": 80.02237467713012, "_Static Shared Memory": 3.589574397888485, "exclusive_throughput": 85.55836354979306, "sm%": 21.32138453673353, "mem%": 80.02237467713012, "memcap": 85.55836354979306}, "workload1+workload2": {"Best shared with 100-100% MPS thread%": 159.91430169366595, "Random select collocation": 96.33223524756053, "stage1-shared 100-100% throughput of predicted pairs": 159.91430169366595, "_Threads": 159.91430169366595, "_Compute (SM) Throughput": 159.91430169366595, "_DRAM Throughput": 150.99680863628137, "_Memory Throughput": 120.63426590505317, "_Registers": 159.91430169366595, "_Static Shared Memory": 45.36689911107177, "exclusive_throughput": 150.99680863628137, "sm%": 99.55182274105027, "mem%": 159.91430169366595, "memcap": 150.99680863628137}}