{"workload1": {"Best shared with 100-100% MPS thread%": 44.81551032837639, "Random select collocation": 25.37386026396307, "stage1-shared 100-100% throughput of predicted pairs": 14.920679292752814, "_Threads": 44.81551032837639, "_Compute (SM) Throughput": 44.81551032837639, "_DRAM Throughput": 44.81551032837639, "_Memory Throughput": 31.224851118622244, "_Registers": 44.81551032837639, "_Static Shared Memory": 11.742956903038175, "exclusive_throughput": 15.085145537959098, "sm%": 44.37666793747617, "mem%": 31.224851118622244, "memcap": 35.52348574203844}, "workload2": {"Best shared with 100-100% MPS thread%": 66.73332381088416, "Random select collocation": 34.36480062836799, "stage1-shared 100-100% throughput of predicted pairs": 88.95150695885611, "_Threads": 66.73332381088416, "_Compute (SM) Throughput": 66.73332381088416, "_DRAM Throughput": 66.73332381088416, "_Memory Throughput": 33.66619115549215, "_Registers": 66.73332381088416, "_Static Shared Memory": 3.4848264846812835, "exclusive_throughput": 60.66003409582453, "sm%": 6.896551724137932, "mem%": 33.66619115549215, "memcap": 48.57356732928554}, "workload1+workload2": {"Best shared with 100-100% MPS thread%": 111.54883413926055, "Random select collocation": 59.73866089233107, "stage1-shared 100-100% throughput of predicted pairs": 103.87218625160892, "_Threads": 111.54883413926055, "_Compute (SM) Throughput": 111.54883413926055, "_DRAM Throughput": 111.54883413926055, "_Memory Throughput": 64.8910422741144, "_Registers": 111.54883413926055, "_Static Shared Memory": 15.227783387719459, "exclusive_throughput": 75.74517963378362, "sm%": 51.27321966161411, "mem%": 64.8910422741144, "memcap": 84.09705307132398}}