mse,r2
0.18364393535849338,0.7773549466123841
