{"workload1": {"Best shared with 100-100% MPS thread%": 3.424276694985491, "Random select collocation": 3.07211998938494, "stage1-shared 100-100% throughput of predicted pairs": 3.424276694985491, "_Threads": 3.693033998756298, "_Compute (SM) Throughput": 3.424276694985491, "_DRAM Throughput": 3.424276694985491, "_Memory Throughput": 3.424276694985491, "_Registers": 3.693033998756298, "_Static Shared Memory": 2.1413381078209435, "exclusive_throughput": 3.424276694985491, "sm%": 3.322266247958369, "mem%": 3.424276694985491, "memcap": 3.693033998756298}, "workload2": {"Best shared with 100-100% MPS thread%": 17.324787369671142, "Random select collocation": 8.571998885105799, "stage1-shared 100-100% throughput of predicted pairs": 17.324787369671142, "_Threads": 3.8838592978200177, "_Compute (SM) Throughput": 17.324787369671142, "_DRAM Throughput": 17.324787369671142, "_Memory Throughput": 17.324787369671142, "_Registers": 3.8838592978200177, "_Static Shared Memory": 2.389257357954705, "exclusive_throughput": 17.324787369671142, "sm%": 7.450307986514724, "mem%": 17.324787369671142, "memcap": 3.8838592978200177}, "workload1+workload2": {"Best shared with 100-100% MPS thread%": 20.749064064656633, "Random select collocation": 11.644118874490738, "stage1-shared 100-100% throughput of predicted pairs": 20.749064064656633, "_Threads": 7.576893296576316, "_Compute (SM) Throughput": 20.749064064656633, "_DRAM Throughput": 20.749064064656633, "_Memory Throughput": 20.749064064656633, "_Registers": 7.576893296576316, "_Static Shared Memory": 4.530595465775649, "exclusive_throughput": 20.749064064656633, "sm%": 10.772574234473092, "mem%": 20.749064064656633, "memcap": 7.576893296576316}}