mse,r2
0.13086759560017205,0.8425338316858371
