mse,r2
0.11761148124514734,0.8778650002454239
