mse,r2
0.4907510995807545,0.4879118960896476
