{"workload1": {"Best shared with 100-100% MPS thread%": 28.799499139145404, "Random select collocation": 22.77143136854039, "stage1-shared 100-100% throughput of predicted pairs": 28.799499139145404, "_Threads": 29.404750213942, "_Compute (SM) Throughput": 28.799499139145404, "_DRAM Throughput": 28.799499139145404, "_Memory Throughput": 28.055331347936207, "_Registers": 29.404750213942, "_Static Shared Memory": 11.104234944275774, "exclusive_throughput": 28.799499139145404, "sm%": 17.07949566306, "mem%": 28.055331347936207, "memcap": 28.799499139145404}, "workload2": {"Best shared with 100-100% MPS thread%": 21.35361439175107, "Random select collocation": 10.748240263995124, "stage1-shared 100-100% throughput of predicted pairs": 21.35361439175107, "_Threads": 5.391672547635851, "_Compute (SM) Throughput": 21.35361439175107, "_DRAM Throughput": 21.35361439175107, "_Memory Throughput": 15.52579629728432, "_Registers": 5.391672547635851, "_Static Shared Memory": 2.9377099490948373, "exclusive_throughput": 21.35361439175107, "sm%": 18.529241459177765, "mem%": 15.52579629728432, "memcap": 21.35361439175107}, "workload1+workload2": {"Best shared with 100-100% MPS thread%": 50.153113530896476, "Random select collocation": 33.51967163253552, "stage1-shared 100-100% throughput of predicted pairs": 50.153113530896476, "_Threads": 34.79642276157785, "_Compute (SM) Throughput": 50.153113530896476, "_DRAM Throughput": 50.153113530896476, "_Memory Throughput": 43.581127645220526, "_Registers": 34.79642276157785, "_Static Shared Memory": 14.041944893370612, "exclusive_throughput": 50.153113530896476, "sm%": 35.60873712223777, "mem%": 43.581127645220526, "memcap": 50.153113530896476}}