{"workload1": {"Best shared with 100-100% MPS thread%": 7.892353473929357, "Random select collocation": 10.345461539152698, "stage1-shared 100-100% throughput of predicted pairs": 19.834622849698228, "_Threads": 21.2018567306486, "_Compute (SM) Throughput": 19.834622849698228, "_DRAM Throughput": 21.2018567306486, "_Memory Throughput": 21.2018567306486, "_Registers": 21.2018567306486, "_Static Shared Memory": 4.197695002352801, "exclusive_throughput": 6.373776462554064, "sm%": 14.496603544457516, "mem%": 21.2018567306486, "memcap": 14.003044140030442}, "workload2": {"Best shared with 100-100% MPS thread%": 84.77282624473798, "Random select collocation": 32.462030725759135, "stage1-shared 100-100% throughput of predicted pairs": 70.7450030284676, "_Threads": 49.6261046906866, "_Compute (SM) Throughput": 70.7450030284676, "_DRAM Throughput": 49.6261046906866, "_Memory Throughput": 49.6261046906866, "_Registers": 49.6261046906866, "_Static Shared Memory": 3.714731591494414, "exclusive_throughput": 62.271797135176335, "sm%": 5.056570381138992, "mem%": 49.6261046906866, "memcap": 55.36069769646412}, "workload1+workload2": {"Best shared with 100-100% MPS thread%": 92.66517971866735, "Random select collocation": 42.807492264911836, "stage1-shared 100-100% throughput of predicted pairs": 90.57962587816581, "_Threads": 70.8279614213352, "_Compute (SM) Throughput": 90.57962587816581, "_DRAM Throughput": 70.8279614213352, "_Memory Throughput": 70.8279614213352, "_Registers": 70.8279614213352, "_Static Shared Memory": 7.912426593847215, "exclusive_throughput": 68.6455735977304, "sm%": 19.553173925596507, "mem%": 70.8279614213352, "memcap": 69.36374183649457}}