{"workload1": {"Best shared with 100-100% MPS thread%": 8.31286604949934, "Random select collocation": 6.675675921404876, "stage1-shared 100-100% throughput of predicted pairs": 8.31286604949934, "_Threads": 7.328642618359017, "_Compute (SM) Throughput": 6.278691561850259, "_DRAM Throughput": 5.9886643139771145, "_Memory Throughput": 6.278691561850259, "_Registers": 7.328642618359017, "_Static Shared Memory": 7.328642618359017, "exclusive_throughput": 5.9886643139771145, "sm%": 7.328642618359017, "mem%": 8.31286604949934, "memcap": 5.9886643139771145}, "workload2": {"Best shared with 100-100% MPS thread%": 61.9341154636442, "Random select collocation": 22.642584312450808, "stage1-shared 100-100% throughput of predicted pairs": 61.9341154636442, "_Threads": 2.4118720856545632, "_Compute (SM) Throughput": 1.561942283280508, "_DRAM Throughput": 61.26891704041755, "_Memory Throughput": 1.561942283280508, "_Registers": 2.4118720856545632, "_Static Shared Memory": 2.4118720856545632, "exclusive_throughput": 61.26891704041755, "sm%": 2.4118720856545632, "mem%": 61.9341154636442, "memcap": 61.26891704041755}, "workload1+workload2": {"Best shared with 100-100% MPS thread%": 70.24698151314354, "Random select collocation": 29.31826023385568, "stage1-shared 100-100% throughput of predicted pairs": 70.24698151314354, "_Threads": 9.74051470401358, "_Compute (SM) Throughput": 7.8406338451307676, "_DRAM Throughput": 67.25758135439466, "_Memory Throughput": 7.8406338451307676, "_Registers": 9.74051470401358, "_Static Shared Memory": 9.74051470401358, "exclusive_throughput": 67.25758135439466, "sm%": 9.74051470401358, "mem%": 70.24698151314354, "memcap": 67.25758135439466}}