mse,r2
0.2539015241310358,0.7064186667824786
