mse,r2
0.2049370330866934,0.7848161152589719
