{"workload1": {"Best shared with 100-100% MPS thread%": 22.196555014312256, "Random select collocation": 11.691017417528817, "stage1-shared 100-100% throughput of predicted pairs": 22.196555014312256, "_Threads": 22.196555014312256, "_Compute (SM) Throughput": 22.196555014312256, "_DRAM Throughput": 22.196555014312256, "_Memory Throughput": 22.196555014312256, "_Registers": 22.196555014312256, "_Static Shared Memory": 4.90239666139081, "exclusive_throughput": 22.196555014312256, "sm%": 8.035338662179218, "mem%": 22.196555014312256, "memcap": 15.066061920725694}, "workload2": {"Best shared with 100-100% MPS thread%": 69.30105612910882, "Random select collocation": 21.967717034855152, "stage1-shared 100-100% throughput of predicted pairs": 69.30105612910882, "_Threads": 69.30105612910882, "_Compute (SM) Throughput": 69.30105612910882, "_DRAM Throughput": 69.30105612910882, "_Memory Throughput": 69.30105612910882, "_Registers": 69.30105612910882, "_Static Shared Memory": 3.700801045380914, "exclusive_throughput": 69.30105612910882, "sm%": 25.26298521541206, "mem%": 69.30105612910882, "memcap": 15.934507711424605}, "workload1+workload2": {"Best shared with 100-100% MPS thread%": 91.49761114342107, "Random select collocation": 33.65873445238396, "stage1-shared 100-100% throughput of predicted pairs": 91.49761114342107, "_Threads": 91.49761114342107, "_Compute (SM) Throughput": 91.49761114342107, "_DRAM Throughput": 91.49761114342107, "_Memory Throughput": 91.49761114342107, "_Registers": 91.49761114342107, "_Static Shared Memory": 8.603197706771724, "exclusive_throughput": 91.49761114342107, "sm%": 33.29832387759127, "mem%": 91.49761114342107, "memcap": 31.0005696321503}}