{"workload1": {"Best shared with 100-100% MPS thread%": 5.9886643139771145, "Random select collocation": 7.111118455184016, "stage1-shared 100-100% throughput of predicted pairs": 5.9886643139771145, "_Threads": 9.44138473642801, "_Compute (SM) Throughput": 5.9886643139771145, "_DRAM Throughput": 9.44138473642801, "_Memory Throughput": 9.44138473642801, "_Registers": 9.44138473642801, "_Static Shared Memory": 9.44138473642801, "exclusive_throughput": 5.9886643139771145, "sm%": 5.903306315146925, "mem%": 9.44138473642801, "memcap": 5.9886643139771145}, "workload2": {"Best shared with 100-100% MPS thread%": 61.26891704041755, "Random select collocation": 40.804491281645085, "stage1-shared 100-100% throughput of predicted pairs": 61.26891704041755, "_Threads": 45.5573757703409, "_Compute (SM) Throughput": 61.26891704041755, "_DRAM Throughput": 45.5573757703409, "_Memory Throughput": 45.5573757703409, "_Registers": 45.5573757703409, "_Static Shared Memory": 45.5573757703409, "exclusive_throughput": 61.26891704041755, "sm%": 15.587181034176812, "mem%": 45.5573757703409, "memcap": 61.26891704041755}, "workload1+workload2": {"Best shared with 100-100% MPS thread%": 67.25758135439466, "Random select collocation": 47.915609736829104, "stage1-shared 100-100% throughput of predicted pairs": 67.25758135439466, "_Threads": 54.9987605067689, "_Compute (SM) Throughput": 67.25758135439466, "_DRAM Throughput": 54.9987605067689, "_Memory Throughput": 54.9987605067689, "_Registers": 54.9987605067689, "_Static Shared Memory": 54.9987605067689, "exclusive_throughput": 67.25758135439466, "sm%": 21.490487349323736, "mem%": 54.9987605067689, "memcap": 67.25758135439466}}