{"workload1": {"Best shared with 100-100% MPS thread%": 3.700801045380914, "Random select collocation": 2.3228058201909736, "stage1-shared 100-100% throughput of predicted pairs": 3.700801045380914, "_Threads": 3.700801045380914, "_Compute (SM) Throughput": 3.700801045380914, "_DRAM Throughput": 3.700801045380914, "_Memory Throughput": 0.9448105950010336, "_Registers": 3.700801045380914, "_Static Shared Memory": 0.9448105950010336, "exclusive_throughput": 3.700801045380914, "sm%": 3.700801045380914, "mem%": 0.9448105950010336, "memcap": 3.700801045380914}, "workload2": {"Best shared with 100-100% MPS thread%": 4.90239666139081, "Random select collocation": 4.213312868140339, "stage1-shared 100-100% throughput of predicted pairs": 4.90239666139081, "_Threads": 4.90239666139081, "_Compute (SM) Throughput": 4.90239666139081, "_DRAM Throughput": 4.90239666139081, "_Memory Throughput": 3.524229074889868, "_Registers": 4.90239666139081, "_Static Shared Memory": 3.524229074889868, "exclusive_throughput": 4.90239666139081, "sm%": 4.90239666139081, "mem%": 3.524229074889868, "memcap": 4.90239666139081}, "workload1+workload2": {"Best shared with 100-100% MPS thread%": 8.603197706771724, "Random select collocation": 6.536118688331312, "stage1-shared 100-100% throughput of predicted pairs": 8.603197706771724, "_Threads": 8.603197706771724, "_Compute (SM) Throughput": 8.603197706771724, "_DRAM Throughput": 8.603197706771724, "_Memory Throughput": 4.469039669890901, "_Registers": 8.603197706771724, "_Static Shared Memory": 4.469039669890901, "exclusive_throughput": 8.603197706771724, "sm%": 8.603197706771724, "mem%": 4.469039669890901, "memcap": 8.603197706771724}}