mse,r2
0.1630485435070225,0.7984578408638584
