{"workload1": {"Best shared with 100-100% MPS thread%": 68.61708377393961, "Random select collocation": 43.22741805569021, "stage1-shared 100-100% throughput of predicted pairs": 71.39364303178485, "_PCIe read bandwidth": 13.794080827644848, "_PCIe write bandwidth": 13.794080827644848, "_Long_Kernel": 68.61708377393961, "_ave_Kernel_Length": 49.52090223013653, "_long/short_Ratio": 21.73832123580868, "_avg_Thread": 71.39364303178485, "sm%": 85.76883536495814, "mem%": 68.61708377393961, "CPU%": 23.843547135916385, "MainMem%": 49.52090223013653}, "workload2": {"Best shared with 100-100% MPS thread%": 79.56139232436567, "Random select collocation": 56.532205274499795, "stage1-shared 100-100% throughput of predicted pairs": 72.20216606498194, "_PCIe read bandwidth": 95.44626593806922, "_PCIe write bandwidth": 95.44626593806922, "_Long_Kernel": 79.56139232436567, "_ave_Kernel_Length": 54.79849231661351, "_long/short_Ratio": 62.09865217698116, "_avg_Thread": 72.20216606498194, "sm%": 7.033997655334115, "mem%": 79.56139232436567, "CPU%": 84.82278097546198, "MainMem%": 54.79849231661351}, "workload1+workload2": {"Best shared with 100-100% MPS thread%": 148.17847609830528, "Random select collocation": 99.75962333019001, "stage1-shared 100-100% throughput of predicted pairs": 143.5958090967668, "_PCIe read bandwidth": 109.24034676571407, "_PCIe write bandwidth": 109.24034676571407, "_Long_Kernel": 148.17847609830528, "_ave_Kernel_Length": 104.31939454675003, "_long/short_Ratio": 83.83697341278985, "_avg_Thread": 143.5958090967668, "sm%": 92.80283302029225, "mem%": 148.17847609830528, "CPU%": 108.66632811137836, "MainMem%": 104.31939454675003}}