{"workload1": {"Best shared with 100-100% MPS thread%": 8.31286604949934, "Random select collocation": 6.312709246853936, "stage1-shared 100-100% throughput of predicted pairs": 6.278691561850259, "_PCIe read bandwidth": 4.609179950067217, "_PCIe write bandwidth": 4.609179950067217, "_Long_Kernel": 9.44138473642801, "_ave_Kernel_Length": 9.44138473642801, "_long/short_Ratio": 6.278691561850259, "_avg_Thread": 9.44138473642801, "sm%": 5.903306315146925, "mem%": 9.44138473642801, "CPU%": 4.609179950067217, "MainMem%": 5.903306315146925}, "workload2": {"Best shared with 100-100% MPS thread%": 61.9341154636442, "Random select collocation": 23.288730992907368, "stage1-shared 100-100% throughput of predicted pairs": 1.561942283280508, "_PCIe read bandwidth": 20.19948311532081, "_PCIe write bandwidth": 20.19948311532081, "_Long_Kernel": 45.5573757703409, "_ave_Kernel_Length": 45.5573757703409, "_long/short_Ratio": 1.561942283280508, "_avg_Thread": 45.5573757703409, "sm%": 15.587181034176812, "mem%": 45.5573757703409, "CPU%": 20.19948311532081, "MainMem%": 15.587181034176812}, "workload1+workload2": {"Best shared with 100-100% MPS thread%": 70.24698151314354, "Random select collocation": 29.601440239761303, "stage1-shared 100-100% throughput of predicted pairs": 7.8406338451307676, "_PCIe read bandwidth": 24.808663065388025, "_PCIe write bandwidth": 24.808663065388025, "_Long_Kernel": 54.9987605067689, "_ave_Kernel_Length": 54.9987605067689, "_long/short_Ratio": 7.8406338451307676, "_avg_Thread": 54.9987605067689, "sm%": 21.490487349323736, "mem%": 54.9987605067689, "CPU%": 24.808663065388025, "MainMem%": 21.490487349323736}}