{"workload1": {"Best shared with 100-100% MPS thread%": 41.31169170922575, "Random select collocation": 56.364683954272444, "stage1-shared 100-100% throughput of predicted pairs": 60.66003409582453, "_PCIe read bandwidth": 41.31169170922575, "_PCIe write bandwidth": 41.31169170922575, "_Long_Kernel": 60.66003409582453, "_ave_Kernel_Length": 61.38835783505834, "_long/short_Ratio": 61.38835783505834, "_avg_Thread": 62.09865217698116, "sm%": 61.38835783505834, "mem%": 60.66003409582453, "CPU%": 41.31169170922575, "MainMem%": 62.09865217698116}, "workload2": {"Best shared with 100-100% MPS thread%": 54.48460040350325, "Random select collocation": 24.757140199668182, "stage1-shared 100-100% throughput of predicted pairs": 15.085145537959098, "_PCIe read bandwidth": 54.48460040350325, "_PCIe write bandwidth": 54.48460040350325, "_Long_Kernel": 15.085145537959098, "_ave_Kernel_Length": 7.720493621401698, "_long/short_Ratio": 7.720493621401698, "_avg_Thread": 21.73832123580868, "sm%": 7.720493621401698, "mem%": 15.085145537959098, "CPU%": 54.48460040350325, "MainMem%": 21.73832123580868}, "workload1+workload2": {"Best shared with 100-100% MPS thread%": 95.79629211272899, "Random select collocation": 81.12182415394062, "stage1-shared 100-100% throughput of predicted pairs": 75.74517963378362, "_PCIe read bandwidth": 95.79629211272899, "_PCIe write bandwidth": 95.79629211272899, "_Long_Kernel": 75.74517963378362, "_ave_Kernel_Length": 69.10885145646004, "_long/short_Ratio": 69.10885145646004, "_avg_Thread": 83.83697341278985, "sm%": 69.10885145646004, "mem%": 75.74517963378362, "CPU%": 95.79629211272899, "MainMem%": 83.83697341278985}}