{"workload1": {"Best shared with 100-100% MPS thread%": 3.589574397888485, "Random select collocation": 3.363761397019196, "stage1-shared 100-100% throughput of predicted pairs": 3.589574397888485, "_PCIe read bandwidth": 3.589574397888485, "_PCIe write bandwidth": 3.589574397888485, "_Long_Kernel": 3.714731591494414, "_ave_Kernel_Length": 3.700801045380914, "_long/short_Ratio": 3.700801045380914, "_avg_Thread": 3.714731591494414, "sm%": 3.006807940142824, "mem%": 3.4848264846812835, "CPU%": 3.006807940142824, "MainMem%": 3.700801045380914}, "workload2": {"Best shared with 100-100% MPS thread%": 41.77732471318328, "Random select collocation": 10.985074884449032, "stage1-shared 100-100% throughput of predicted pairs": 41.77732471318328, "_PCIe read bandwidth": 41.77732471318328, "_PCIe write bandwidth": 41.77732471318328, "_Long_Kernel": 4.197695002352801, "_ave_Kernel_Length": 4.90239666139081, "_long/short_Ratio": 4.90239666139081, "_avg_Thread": 4.197695002352801, "sm%": 10.068943480493251, "mem%": 11.742956903038175, "CPU%": 10.068943480493251, "MainMem%": 4.90239666139081}, "workload1+workload2": {"Best shared with 100-100% MPS thread%": 45.36689911107177, "Random select collocation": 14.348836281468225, "stage1-shared 100-100% throughput of predicted pairs": 45.36689911107177, "_PCIe read bandwidth": 45.36689911107177, "_PCIe write bandwidth": 45.36689911107177, "_Long_Kernel": 7.912426593847215, "_ave_Kernel_Length": 8.603197706771724, "_long/short_Ratio": 8.603197706771724, "_avg_Thread": 7.912426593847215, "sm%": 13.075751420636076, "mem%": 15.227783387719459, "CPU%": 13.075751420636076, "MainMem%": 8.603197706771724}}