mse,r2
0.5156125838869269,0.4146850417796573
