mse,r2
0.1858213211870688,0.8032480128607508
