mse,r2
0.1563159718810101,0.8241445316338636
