{"workload1": {"Best shared with 100-100% MPS thread%": 71.39364303178485, "Random select collocation": 41.072776133463606, "stage1-shared 100-100% throughput of predicted pairs": 71.39364303178485, "_Threads": 75.46194598785372, "_Compute (SM) Throughput": 71.39364303178485, "_DRAM Throughput": 75.46194598785372, "_Memory Throughput": 75.46194598785372, "_Registers": 75.46194598785372, "_Static Shared Memory": 75.46194598785372, "exclusive_throughput": 23.843547135916385, "sm%": 28.806787352636512, "mem%": 75.46194598785372, "memcap": 49.52090223013653}, "workload2": {"Best shared with 100-100% MPS thread%": 72.20216606498194, "Random select collocation": 43.54909199558054, "stage1-shared 100-100% throughput of predicted pairs": 72.20216606498194, "_Threads": 52.875381312846, "_Compute (SM) Throughput": 72.20216606498194, "_DRAM Throughput": 52.875381312846, "_Memory Throughput": 52.875381312846, "_Registers": 52.875381312846, "_Static Shared Memory": 52.875381312846, "exclusive_throughput": 84.82278097546198, "sm%": 24.80782669461915, "mem%": 52.875381312846, "memcap": 54.79849231661351}, "workload1+workload2": {"Best shared with 100-100% MPS thread%": 143.5958090967668, "Random select collocation": 84.62186812904415, "stage1-shared 100-100% throughput of predicted pairs": 143.5958090967668, "_Threads": 128.3373273006997, "_Compute (SM) Throughput": 143.5958090967668, "_DRAM Throughput": 128.3373273006997, "_Memory Throughput": 128.3373273006997, "_Registers": 128.3373273006997, "_Static Shared Memory": 128.3373273006997, "exclusive_throughput": 108.66632811137836, "sm%": 53.61461404725566, "mem%": 128.3373273006997, "memcap": 104.31939454675003}}