{"workload1": {"Best shared with 100-100% MPS thread%": 2.439768222018908, "Random select collocation": 2.0169818148640535, "stage1-shared 100-100% throughput of predicted pairs": 2.9890744176458464, "_Threads": 2.9890744176458464, "_Compute (SM) Throughput": 2.9890744176458464, "_DRAM Throughput": 2.9890744176458464, "_Memory Throughput": 2.9890744176458464, "_Registers": 2.9890744176458464, "_Static Shared Memory": 1.561942283280508, "exclusive_throughput": 1.5092631022903067, "sm%": 1.9338632074217816, "mem%": 2.9890744176458464, "memcap": 2.439768222018908}, "workload2": {"Best shared with 100-100% MPS thread%": 82.98401420959148, "Random select collocation": 33.76992315391015, "stage1-shared 100-100% throughput of predicted pairs": 59.948161264659845, "_Threads": 59.948161264659845, "_Compute (SM) Throughput": 59.948161264659845, "_DRAM Throughput": 59.948161264659845, "_Memory Throughput": 59.948161264659845, "_Registers": 59.948161264659845, "_Static Shared Memory": 6.278691561850259, "exclusive_throughput": 83.40771949869675, "sm%": 18.106009718666986, "mem%": 59.948161264659845, "memcap": 82.98401420959148}, "workload1+workload2": {"Best shared with 100-100% MPS thread%": 85.42378243161039, "Random select collocation": 35.7869049687742, "stage1-shared 100-100% throughput of predicted pairs": 62.93723568230569, "_Threads": 62.93723568230569, "_Compute (SM) Throughput": 62.93723568230569, "_DRAM Throughput": 62.93723568230569, "_Memory Throughput": 62.93723568230569, "_Registers": 62.93723568230569, "_Static Shared Memory": 7.8406338451307676, "exclusive_throughput": 84.91698260098705, "sm%": 20.03987292608877, "mem%": 62.93723568230569, "memcap": 85.42378243161039}}