mse,r2
0.247276431492908,0.6868819151904946
