mse,r2
0.1501048331652158,0.8121347094077279
