mse,r2
0.16901312641174845,0.8068421412437161
