{"workload1": {"Best shared with 100-100% MPS thread%": 6.350704020902889, "Random select collocation": 10.85931230804708, "stage1-shared 100-100% throughput of predicted pairs": 22.196555014312256, "_Threads": 22.196555014312256, "_Compute (SM) Throughput": 22.196555014312256, "_DRAM Throughput": 22.196555014312256, "_Memory Throughput": 22.196555014312256, "_Registers": 22.196555014312256, "_Static Shared Memory": 3.8838592978200177, "exclusive_throughput": 6.350704020902889, "sm%": 8.035338662179218, "mem%": 22.196555014312256, "memcap": 9.729663156598312}, "workload2": {"Best shared with 100-100% MPS thread%": 93.996459037502, "Random select collocation": 42.11838527143327, "stage1-shared 100-100% throughput of predicted pairs": 69.30105612910882, "_Threads": 69.30105612910882, "_Compute (SM) Throughput": 69.30105612910882, "_DRAM Throughput": 69.30105612910882, "_Memory Throughput": 69.30105612910882, "_Registers": 69.30105612910882, "_Static Shared Memory": 3.693033998756298, "exclusive_throughput": 93.996459037502, "sm%": 25.26298521541206, "mem%": 69.30105612910882, "memcap": 83.86888306466089}, "workload1+workload2": {"Best shared with 100-100% MPS thread%": 100.3471630584049, "Random select collocation": 52.977697579480356, "stage1-shared 100-100% throughput of predicted pairs": 91.49761114342107, "_Threads": 91.49761114342107, "_Compute (SM) Throughput": 91.49761114342107, "_DRAM Throughput": 91.49761114342107, "_Memory Throughput": 91.49761114342107, "_Registers": 91.49761114342107, "_Static Shared Memory": 7.576893296576316, "exclusive_throughput": 100.3471630584049, "sm%": 33.29832387759127, "mem%": 91.49761114342107, "memcap": 93.5985462212592}}