{"workload1": {"Best shared with 100-100% MPS thread%": 19.00976676833965, "Random select collocation": 16.779296038469063, "stage1-shared 100-100% throughput of predicted pairs": 19.834622849698228, "_Threads": 19.834622849698228, "_Compute (SM) Throughput": 19.834622849698228, "_DRAM Throughput": 19.834622849698228, "_Memory Throughput": 19.834622849698228, "_Registers": 19.834622849698228, "_Static Shared Memory": 19.834622849698228, "exclusive_throughput": 19.00976676833965, "sm%": 14.496603544457516, "mem%": 19.00976676833965, "memcap": 19.834622849698228}, "workload2": {"Best shared with 100-100% MPS thread%": 78.86696264285352, "Random select collocation": 42.28862150557027, "stage1-shared 100-100% throughput of predicted pairs": 70.7450030284676, "_Threads": 70.7450030284676, "_Compute (SM) Throughput": 70.7450030284676, "_DRAM Throughput": 70.7450030284676, "_Memory Throughput": 70.7450030284676, "_Registers": 70.7450030284676, "_Static Shared Memory": 70.7450030284676, "exclusive_throughput": 78.86696264285352, "sm%": 5.056570381138992, "mem%": 78.86696264285352, "memcap": 70.7450030284676}, "workload1+workload2": {"Best shared with 100-100% MPS thread%": 97.87672941119317, "Random select collocation": 59.06791754403932, "stage1-shared 100-100% throughput of predicted pairs": 90.57962587816581, "_Threads": 90.57962587816581, "_Compute (SM) Throughput": 90.57962587816581, "_DRAM Throughput": 90.57962587816581, "_Memory Throughput": 90.57962587816581, "_Registers": 90.57962587816581, "_Static Shared Memory": 90.57962587816581, "exclusive_throughput": 97.87672941119317, "sm%": 19.553173925596507, "mem%": 97.87672941119317, "memcap": 90.57962587816581}}