mse,r2
0.22774182676857932,0.7010987674191224
