mse,r2
0.09511968211973566,0.8992850424614564
