mse,r2
0.17839356683316518,0.7996542580664445
