mse,r2
0.20008124912421726,0.7734745102420015
