mse,r2
0.07447414895849397,0.9193196719616316
