mse,r2
0.41118966836646614,0.5659664611687302
