{"workload1": {"Best shared with 100-100% MPS thread%": 64.34995799071665, "stage1-shared 100-100% throughput of predicted pairs": 39.446261246759406}, "workload2": {"Best shared with 100-100% MPS thread%": 56.28430791433652, "stage1-shared 100-100% throughput of predicted pairs": 40.43358848097768}, "workload1+workload2": {"Best shared with 100-100% MPS thread%": 120.63426590505317, "stage1-shared 100-100% throughput of predicted pairs": 79.87984972773708}}