mse,r2
0.8947408811456463,-0.07368905737477549
