{"workload1": {"Best shared with 100-100% MPS thread%": 80.92285308483736, "stage1-shared 100-100% throughput of predicted pairs": 38.74561084877104}, "workload2": {"Best shared with 100-100% MPS thread%": 80.82296944572394, "stage1-shared 100-100% throughput of predicted pairs": 96.51496684363832}, "workload1+workload2": {"Best shared with 100-100% MPS thread%": 161.7458225305613, "stage1-shared 100-100% throughput of predicted pairs": 135.26057769240936}}