{"workload1": {"Best shared with 100-100% MPS thread%": 79.89192701653585, "Random select collocation": 66.40072614927196, "stage1-shared 100-100% throughput of predicted pairs": 81.52278407998462, "_Threads": 81.52278407998462, "_Compute (SM) Throughput": 52.61810519682559, "_DRAM Throughput": 81.52278407998462, "_Memory Throughput": 81.52278407998462, "_Registers": 81.52278407998462, "_Static Shared Memory": 41.77732471318328, "exclusive_throughput": 52.61810519682559, "sm%": 66.97823780715083, "mem%": 81.52278407998462, "memcap": 52.61810519682559}, "workload2": {"Best shared with 100-100% MPS thread%": 80.02237467713012, "Random select collocation": 37.75581408619101, "stage1-shared 100-100% throughput of predicted pairs": 58.77025259132535, "_Threads": 58.77025259132535, "_Compute (SM) Throughput": 92.6984126984127, "_DRAM Throughput": 58.77025259132535, "_Memory Throughput": 58.77025259132535, "_Registers": 58.77025259132535, "_Static Shared Memory": 3.589574397888485, "exclusive_throughput": 92.6984126984127, "sm%": 25.52420466630779, "mem%": 58.77025259132535, "memcap": 92.6984126984127}, "workload1+workload2": {"Best shared with 100-100% MPS thread%": 159.91430169366595, "Random select collocation": 104.15654023546296, "stage1-shared 100-100% throughput of predicted pairs": 140.29303667130998, "_Threads": 140.29303667130998, "_Compute (SM) Throughput": 145.3165178952383, "_DRAM Throughput": 140.29303667130998, "_Memory Throughput": 140.29303667130998, "_Registers": 140.29303667130998, "_Static Shared Memory": 45.36689911107177, "exclusive_throughput": 145.3165178952383, "sm%": 92.50244247345861, "mem%": 140.29303667130998, "memcap": 145.3165178952383}}