mse,r2
0.1532128939383133,0.809685427470089
