mse,r2
0.13995710228794397,0.8544446136205383
