mse,r2
0.09273197744737784,0.9018132003498353
