mse,r2
0.5571291532027163,0.3314450161567405
