mse,r2
0.4842200840126023,0.44660561827131173
