mse,r2
0.08674434473362408,0.907472698950801
