mse,r2
0.32250065980022,0.6526915971382246
