{"workload1": {"Best shared with 100-100% MPS thread%": 19.00976676833965, "Random select collocation": 12.192449932455222, "stage1-shared 100-100% throughput of predicted pairs": 19.00976676833965, "_Threads": 14.496603544457516, "_Compute (SM) Throughput": 14.003044140030442, "_DRAM Throughput": 14.003044140030442, "_Memory Throughput": 13.576580398812048, "_Registers": 14.496603544457516, "_Static Shared Memory": 7.833808420318684, "exclusive_throughput": 14.003044140030442, "sm%": 14.496603544457516, "mem%": 13.576580398812048, "memcap": 14.003044140030442}, "workload2": {"Best shared with 100-100% MPS thread%": 78.86696264285352, "Random select collocation": 31.712527590364566, "stage1-shared 100-100% throughput of predicted pairs": 78.86696264285352, "_Threads": 5.056570381138992, "_Compute (SM) Throughput": 55.36069769646412, "_DRAM Throughput": 55.36069769646412, "_Memory Throughput": 36.025998142989785, "_Registers": 5.056570381138992, "_Static Shared Memory": 25.095406501628403, "exclusive_throughput": 55.36069769646412, "sm%": 5.056570381138992, "mem%": 36.025998142989785, "memcap": 55.36069769646412}, "workload1+workload2": {"Best shared with 100-100% MPS thread%": 97.87672941119317, "Random select collocation": 43.904977522819784, "stage1-shared 100-100% throughput of predicted pairs": 97.87672941119317, "_Threads": 19.553173925596507, "_Compute (SM) Throughput": 69.36374183649457, "_DRAM Throughput": 69.36374183649457, "_Memory Throughput": 49.60257854180183, "_Registers": 19.553173925596507, "_Static Shared Memory": 32.929214921947086, "exclusive_throughput": 69.36374183649457, "sm%": 19.553173925596507, "mem%": 49.60257854180183, "memcap": 69.36374183649457}}