mse,r2
0.20322860376733706,0.7644926409757887
