mse,r2
0.325198432352962,0.6556722480968638
