{"workload1": {"Best shared with 100-100% MPS thread%": 25.89140610892726, "Random select collocation": 19.336970789583958, "stage1-shared 100-100% throughput of predicted pairs": 25.89140610892726, "_PCIe read bandwidth": 11.862646213136223, "_PCIe write bandwidth": 11.862646213136223, "_Long_Kernel": 30.13044277053096, "_ave_Kernel_Length": 30.13044277053096, "_long/short_Ratio": 24.40894568690096, "_avg_Thread": 30.13044277053096, "sm%": 21.98371363623284, "mem%": 30.13044277053096, "CPU%": 16.548157724628314, "MainMem%": 24.02660087954521}, "workload2": {"Best shared with 100-100% MPS thread%": 68.67356538099718, "Random select collocation": 22.053488646774973, "stage1-shared 100-100% throughput of predicted pairs": 68.67356538099718, "_PCIe read bandwidth": 23.108624144580133, "_PCIe write bandwidth": 23.108624144580133, "_Long_Kernel": 30.084483824438493, "_ave_Kernel_Length": 30.084483824438493, "_long/short_Ratio": 9.727855169576204, "_avg_Thread": 30.084483824438493, "sm%": 3.2144444824402423, "mem%": 30.084483824438493, "CPU%": 60.86344806023814, "MainMem%": 33.01673450927183}, "workload1+workload2": {"Best shared with 100-100% MPS thread%": 94.56497148992443, "Random select collocation": 41.39045943635893, "stage1-shared 100-100% throughput of predicted pairs": 94.56497148992443, "_PCIe read bandwidth": 34.97127035771636, "_PCIe write bandwidth": 34.97127035771636, "_Long_Kernel": 60.214926594969455, "_ave_Kernel_Length": 60.214926594969455, "_long/short_Ratio": 34.136800856477166, "_avg_Thread": 60.214926594969455, "sm%": 25.19815811867308, "mem%": 60.214926594969455, "CPU%": 77.41160578486645, "MainMem%": 57.04333538881704}}