{"workload1": {"Best shared with 100-100% MPS thread%": 9.53658173148562, "Random select collocation": 9.127637431589555, "stage1-shared 100-100% throughput of predicted pairs": 9.358288770053475, "_PCIe read bandwidth": 9.53658173148562, "_PCIe write bandwidth": 9.53658173148562, "_Long_Kernel": 9.824657160401172, "_ave_Kernel_Length": 9.358288770053475, "_long/short_Ratio": 9.358288770053475, "_avg_Thread": 9.824657160401172, "sm%": 7.791022064417955, "mem%": 9.358288770053475, "CPU%": 7.791022064417955, "MainMem%": 7.791022064417955}, "workload2": {"Best shared with 100-100% MPS thread%": 49.89640515197471, "Random select collocation": 24.583734353363926, "stage1-shared 100-100% throughput of predicted pairs": 28.973963259819783, "_PCIe read bandwidth": 49.89640515197471, "_PCIe write bandwidth": 49.89640515197471, "_Long_Kernel": 7.229508506974016, "_ave_Kernel_Length": 28.973963259819783, "_long/short_Ratio": 28.973963259819783, "_avg_Thread": 7.229508506974016, "sm%": 12.235060494687197, "mem%": 28.973963259819783, "CPU%": 12.235060494687197, "MainMem%": 12.235060494687197}, "workload1+workload2": {"Best shared with 100-100% MPS thread%": 59.43298688346033, "Random select collocation": 33.711371784953485, "stage1-shared 100-100% throughput of predicted pairs": 38.33225202987326, "_PCIe read bandwidth": 59.43298688346033, "_PCIe write bandwidth": 59.43298688346033, "_Long_Kernel": 17.054165667375187, "_ave_Kernel_Length": 38.33225202987326, "_long/short_Ratio": 38.33225202987326, "_avg_Thread": 17.054165667375187, "sm%": 20.026082559105152, "mem%": 38.33225202987326, "CPU%": 20.026082559105152, "MainMem%": 20.026082559105152}}