{"workload1": {"Best shared with 100-100% MPS thread%": 3.424276694985491, "Random select collocation": 3.3090526183692033, "stage1-shared 100-100% throughput of predicted pairs": 3.7903062916590815, "_PCIe read bandwidth": 2.7796848974035977, "_PCIe write bandwidth": 2.7796848974035977, "_Long_Kernel": 3.7903062916590815, "_ave_Kernel_Length": 3.7903062916590815, "_long/short_Ratio": 3.693033998756298, "_avg_Thread": 3.7903062916590815, "sm%": 3.79402686072896, "mem%": 3.7903062916590815, "CPU%": 2.7796848974035977, "MainMem%": 3.693033998756298}, "workload2": {"Best shared with 100-100% MPS thread%": 17.324787369671142, "Random select collocation": 6.7654321073256485, "stage1-shared 100-100% throughput of predicted pairs": 11.660452119954767, "_PCIe read bandwidth": 11.811782413568404, "_PCIe write bandwidth": 11.811782413568404, "_Long_Kernel": 11.660452119954767, "_ave_Kernel_Length": 11.660452119954767, "_long/short_Ratio": 3.8838592978200177, "_avg_Thread": 11.660452119954767, "sm%": 1.5150927696074776, "mem%": 11.660452119954767, "CPU%": 11.811782413568404, "MainMem%": 3.8838592978200177}, "workload1+workload2": {"Best shared with 100-100% MPS thread%": 20.749064064656633, "Random select collocation": 10.074484725694852, "stage1-shared 100-100% throughput of predicted pairs": 15.45075841161385, "_PCIe read bandwidth": 14.591467310972002, "_PCIe write bandwidth": 14.591467310972002, "_Long_Kernel": 15.45075841161385, "_ave_Kernel_Length": 15.45075841161385, "_long/short_Ratio": 7.576893296576316, "_avg_Thread": 15.45075841161385, "sm%": 5.309119630336437, "mem%": 15.45075841161385, "CPU%": 14.591467310972002, "MainMem%": 7.576893296576316}}