mse,r2
0.518038019151428,0.4297770073398463
