{"workload1": {"Best shared with 100-100% MPS thread%": 16.371572525807245, "stage1-shared 100-100% throughput of predicted pairs": 41.937452874223546}, "workload2": {"Best shared with 100-100% MPS thread%": 59.896667991436, "stage1-shared 100-100% throughput of predicted pairs": 29.40360610263523}, "workload1+workload2": {"Best shared with 100-100% MPS thread%": 76.26824051724324, "stage1-shared 100-100% throughput of predicted pairs": 71.34105897685878}}