mse,r2
0.11394749520321006,0.8831307741505537
