{"workload1": {"Best shared with 100-100% MPS thread%": 72.32534018607676, "Random select collocation": 78.18629686866096, "stage1-shared 100-100% throughput of predicted pairs": 72.32534018607676, "_Threads": 87.77829967120714, "_Compute (SM) Throughput": 95.44626593806922, "_DRAM Throughput": 95.44626593806922, "_Memory Throughput": 88.95150695885611, "_Registers": 87.77829967120714, "_Static Shared Memory": 43.00639756984397, "exclusive_throughput": 72.32534018607676, "sm%": 87.77829967120714, "mem%": 88.95150695885611, "memcap": 95.44626593806922}, "workload2": {"Best shared with 100-100% MPS thread%": 40.41189042160482, "Random select collocation": 12.455526124265335, "stage1-shared 100-100% throughput of predicted pairs": 40.41189042160482, "_Threads": 2.062128222075347, "_Compute (SM) Throughput": 13.794080827644848, "_DRAM Throughput": 13.794080827644848, "_Memory Throughput": 14.920679292752814, "_Registers": 2.062128222075347, "_Static Shared Memory": 3.108606955508063, "exclusive_throughput": 40.41189042160482, "sm%": 2.062128222075347, "mem%": 14.920679292752814, "memcap": 13.794080827644848}, "workload1+workload2": {"Best shared with 100-100% MPS thread%": 112.73723060768157, "Random select collocation": 90.64182299292631, "stage1-shared 100-100% throughput of predicted pairs": 112.73723060768157, "_Threads": 89.84042789328248, "_Compute (SM) Throughput": 109.24034676571407, "_DRAM Throughput": 109.24034676571407, "_Memory Throughput": 103.87218625160892, "_Registers": 89.84042789328248, "_Static Shared Memory": 46.115004525352035, "exclusive_throughput": 112.73723060768157, "sm%": 89.84042789328248, "mem%": 103.87218625160892, "memcap": 109.24034676571407}}