{"workload1": {"Best shared with 100-100% MPS thread%": 79.89192701653585, "Random select collocation": 72.79389313825712, "stage1-shared 100-100% throughput of predicted pairs": 79.89192701653585, "_Threads": 78.86696264285352, "_Compute (SM) Throughput": 79.89192701653585, "_DRAM Throughput": 65.43844508648831, "_Memory Throughput": 65.43844508648831, "_Registers": 78.86696264285352, "_Static Shared Memory": 79.89192701653585, "exclusive_throughput": 65.43844508648831, "sm%": 66.97823780715083, "mem%": 79.89192701653585, "memcap": 65.43844508648831}, "workload2": {"Best shared with 100-100% MPS thread%": 80.02237467713012, "Random select collocation": 52.52867741539265, "stage1-shared 100-100% throughput of predicted pairs": 80.02237467713012, "_Threads": 19.00976676833965, "_Compute (SM) Throughput": 80.02237467713012, "_DRAM Throughput": 85.55836354979306, "_Memory Throughput": 85.55836354979306, "_Registers": 19.00976676833965, "_Static Shared Memory": 80.02237467713012, "exclusive_throughput": 85.55836354979306, "sm%": 25.52420466630779, "mem%": 80.02237467713012, "memcap": 85.55836354979306}, "workload1+workload2": {"Best shared with 100-100% MPS thread%": 159.91430169366595, "Random select collocation": 125.32257055364977, "stage1-shared 100-100% throughput of predicted pairs": 159.91430169366595, "_Threads": 97.87672941119317, "_Compute (SM) Throughput": 159.91430169366595, "_DRAM Throughput": 150.99680863628137, "_Memory Throughput": 150.99680863628137, "_Registers": 97.87672941119317, "_Static Shared Memory": 159.91430169366595, "exclusive_throughput": 150.99680863628137, "sm%": 92.50244247345861, "mem%": 159.91430169366595, "memcap": 150.99680863628137}}