mse,r2
0.12943386546315697,0.8379825992763517
