{"workload1": {"Best shared with 100-100% MPS thread%": 6.350704020902889, "Random select collocation": 12.018369496298353, "stage1-shared 100-100% throughput of predicted pairs": 22.196555014312256, "_PCIe read bandwidth": 6.350704020902889, "_PCIe write bandwidth": 6.350704020902889, "_Long_Kernel": 16.0618929487449, "_ave_Kernel_Length": 15.066061920725694, "_long/short_Ratio": 15.066061920725694, "_avg_Thread": 16.0618929487449, "exclusive_throughput": 7.720493621401698, "sm%": 19.05522023245373, "mem%": 21.32138453673353, "CPU%": 9.729663156598312, "MainMem%": 15.066061920725694}, "workload2": {"Best shared with 100-100% MPS thread%": 93.996459037502, "Random select collocation": 38.72382064233811, "stage1-shared 100-100% throughput of predicted pairs": 69.30105612910882, "_PCIe read bandwidth": 93.996459037502, "_PCIe write bandwidth": 93.996459037502, "_Long_Kernel": 13.913918109048238, "_ave_Kernel_Length": 15.934507711424605, "_long/short_Ratio": 15.934507711424605, "_avg_Thread": 13.913918109048238, "exclusive_throughput": 61.38835783505834, "sm%": 5.126327352618089, "mem%": 78.23043820431674, "CPU%": 83.86888306466089, "MainMem%": 15.934507711424605}, "workload1+workload2": {"Best shared with 100-100% MPS thread%": 100.3471630584049, "Random select collocation": 50.742190138636474, "stage1-shared 100-100% throughput of predicted pairs": 91.49761114342107, "_PCIe read bandwidth": 100.3471630584049, "_PCIe write bandwidth": 100.3471630584049, "_Long_Kernel": 29.975811057793138, "_ave_Kernel_Length": 31.0005696321503, "_long/short_Ratio": 31.0005696321503, "_avg_Thread": 29.975811057793138, "exclusive_throughput": 69.10885145646004, "sm%": 24.18154758507182, "mem%": 99.55182274105027, "CPU%": 93.5985462212592, "MainMem%": 31.0005696321503}}