{"workload1": {"Best shared with 100-100% MPS thread%": 92.6984126984127, "Random select collocation": 79.9501181065127, "stage1-shared 100-100% throughput of predicted pairs": 96.51496684363832, "_PCIe read bandwidth": 59.896667991436, "_PCIe write bandwidth": 59.896667991436, "_Long_Kernel": 94.45635032954593, "_ave_Kernel_Length": 93.996459037502, "_long/short_Ratio": 93.996459037502, "_avg_Thread": 94.45635032954593, "exclusive_throughput": 54.48460040350325, "sm%": 87.77829967120714, "mem%": 88.95150695885611, "CPU%": 72.32534018607676, "MainMem%": 95.44626593806922}, "workload2": {"Best shared with 100-100% MPS thread%": 52.61810519682559, "Random select collocation": 19.055495535759274, "stage1-shared 100-100% throughput of predicted pairs": 38.74561084877104, "_PCIe read bandwidth": 16.371572525807245, "_PCIe write bandwidth": 16.371572525807245, "_Long_Kernel": 5.135074793480688, "_ave_Kernel_Length": 6.350704020902889, "_long/short_Ratio": 6.350704020902889, "_avg_Thread": 5.135074793480688, "exclusive_throughput": 41.31169170922575, "sm%": 2.062128222075347, "mem%": 14.920679292752814, "CPU%": 40.41189042160482, "MainMem%": 13.794080827644848}, "workload1+workload2": {"Best shared with 100-100% MPS thread%": 145.3165178952383, "Random select collocation": 99.00561364227195, "stage1-shared 100-100% throughput of predicted pairs": 135.26057769240936, "_PCIe read bandwidth": 76.26824051724324, "_PCIe write bandwidth": 76.26824051724324, "_Long_Kernel": 99.59142512302661, "_ave_Kernel_Length": 100.3471630584049, "_long/short_Ratio": 100.3471630584049, "_avg_Thread": 99.59142512302661, "exclusive_throughput": 95.79629211272899, "sm%": 89.84042789328248, "mem%": 103.87218625160892, "CPU%": 112.73723060768157, "MainMem%": 109.24034676571407}}