{"workload1": {"Best shared with 100-100% MPS thread%": 5.135074793480688, "Random select collocation": 10.524527307908707, "stage1-shared 100-100% throughput of predicted pairs": 19.00976676833965, "_PCIe read bandwidth": 5.135074793480688, "_PCIe write bandwidth": 5.135074793480688, "_Long_Kernel": 7.229508506974016, "_ave_Kernel_Length": 13.913918109048238, "_long/short_Ratio": 13.913918109048238, "_avg_Thread": 13.776190991380863, "exclusive_throughput": 5.135074793480688, "sm%": 14.496603544457516, "mem%": 13.576580398812048, "CPU%": 5.391672547635851, "MainMem%": 14.003044140030442}, "workload2": {"Best shared with 100-100% MPS thread%": 94.45635032954593, "Random select collocation": 32.78404061622689, "stage1-shared 100-100% throughput of predicted pairs": 78.86696264285352, "_PCIe read bandwidth": 94.45635032954593, "_PCIe write bandwidth": 94.45635032954593, "_Long_Kernel": 9.824657160401172, "_ave_Kernel_Length": 16.0618929487449, "_long/short_Ratio": 16.0618929487449, "_avg_Thread": 14.485949969820938, "exclusive_throughput": 94.45635032954593, "sm%": 5.056570381138992, "mem%": 36.025998142989785, "CPU%": 29.404750213942, "MainMem%": 55.36069769646412}, "workload1+workload2": {"Best shared with 100-100% MPS thread%": 99.59142512302661, "Random select collocation": 43.30856792413559, "stage1-shared 100-100% throughput of predicted pairs": 97.87672941119317, "_PCIe read bandwidth": 99.59142512302661, "_PCIe write bandwidth": 99.59142512302661, "_Long_Kernel": 17.054165667375187, "_ave_Kernel_Length": 29.975811057793138, "_long/short_Ratio": 29.975811057793138, "_avg_Thread": 28.2621409612018, "exclusive_throughput": 99.59142512302661, "sm%": 19.553173925596507, "mem%": 49.60257854180183, "CPU%": 34.79642276157785, "MainMem%": 69.36374183649457}}