{"workload1": {"Best shared with 100-100% MPS thread%": 80.92285308483736, "Random select collocation": 60.683518359809774, "stage1-shared 100-100% throughput of predicted pairs": 80.92285308483736, "_PCIe read bandwidth": 41.937452874223546, "_PCIe write bandwidth": 38.74561084877104, "_Long_Kernel": 77.98364212986147, "_ave_Kernel_Length": 77.98364212986147, "_long/short_Ratio": 69.30105612910882, "_avg_Thread": 77.98364212986147, "exclusive_throughput": 38.74561084877104, "sm%": 52.483767327956144, "mem%": 77.98364212986147, "CPU%": 52.56636503585777, "MainMem%": 72.20216606498194}, "workload2": {"Best shared with 100-100% MPS thread%": 80.82296944572394, "Random select collocation": 51.27313497295045, "stage1-shared 100-100% throughput of predicted pairs": 80.82296944572394, "_PCIe read bandwidth": 29.40360610263523, "_PCIe write bandwidth": 96.51496684363832, "_Long_Kernel": 61.59628967231502, "_ave_Kernel_Length": 61.59628967231502, "_long/short_Ratio": 22.196555014312256, "_avg_Thread": 61.59628967231502, "exclusive_throughput": 96.51496684363832, "sm%": 27.516737301148577, "mem%": 61.59628967231502, "CPU%": 90.29066171923314, "MainMem%": 71.39364303178485}, "workload1+workload2": {"Best shared with 100-100% MPS thread%": 161.7458225305613, "Random select collocation": 111.95665333276021, "stage1-shared 100-100% throughput of predicted pairs": 161.7458225305613, "_PCIe read bandwidth": 71.34105897685878, "_PCIe write bandwidth": 135.26057769240936, "_Long_Kernel": 139.57993180217647, "_ave_Kernel_Length": 139.57993180217647, "_long/short_Ratio": 91.49761114342107, "_avg_Thread": 139.57993180217647, "exclusive_throughput": 135.26057769240936, "sm%": 80.00050462910473, "mem%": 139.57993180217647, "CPU%": 142.8570267550909, "MainMem%": 143.5958090967668}}