{"workload1": {"Best shared with 100-100% MPS thread%": 42.27573239522048, "Random select collocation": 27.70431626279814, "stage1-shared 100-100% throughput of predicted pairs": 44.81551032837639, "_PCIe read bandwidth": 14.920679292752814, "_PCIe write bandwidth": 14.920679292752814, "_Long_Kernel": 47.05317488896891, "_ave_Kernel_Length": 47.05317488896891, "_long/short_Ratio": 15.085145537959098, "_avg_Thread": 47.05317488896891, "exclusive_throughput": 15.085145537959098, "sm%": 36.025998142989785, "mem%": 47.05317488896891, "CPU%": 15.52579629728432, "MainMem%": 35.52348574203844}, "workload2": {"Best shared with 100-100% MPS thread%": 76.87118482320615, "Random select collocation": 45.33320757159783, "stage1-shared 100-100% throughput of predicted pairs": 66.73332381088416, "_PCIe read bandwidth": 88.95150695885611, "_PCIe write bandwidth": 88.95150695885611, "_Long_Kernel": 45.66781357522677, "_ave_Kernel_Length": 45.66781357522677, "_long/short_Ratio": 60.66003409582453, "_avg_Thread": 45.66781357522677, "exclusive_throughput": 60.66003409582453, "sm%": 13.576580398812048, "mem%": 45.66781357522677, "CPU%": 28.055331347936207, "MainMem%": 48.57356732928554}, "workload1+workload2": {"Best shared with 100-100% MPS thread%": 119.14691721842664, "Random select collocation": 73.03752383439597, "stage1-shared 100-100% throughput of predicted pairs": 111.54883413926055, "_PCIe read bandwidth": 103.87218625160892, "_PCIe write bandwidth": 103.87218625160892, "_Long_Kernel": 92.72098846419568, "_ave_Kernel_Length": 92.72098846419568, "_long/short_Ratio": 75.74517963378362, "_avg_Thread": 92.72098846419568, "exclusive_throughput": 75.74517963378362, "sm%": 49.60257854180183, "mem%": 92.72098846419568, "CPU%": 43.581127645220526, "MainMem%": 84.09705307132398}}