{"workload1": {"Best shared with 100-100% MPS thread%": 3.108606955508063, "Random select collocation": 3.2827227742829215, "stage1-shared 100-100% throughput of predicted pairs": 3.8681796890346174, "_PCIe read bandwidth": 2.7796848974035977, "_PCIe write bandwidth": 3.108606955508063, "_Long_Kernel": 3.7903062916590815, "_ave_Kernel_Length": 3.7903062916590815, "_long/short_Ratio": 3.693033998756298, "_avg_Thread": 3.7903062916590815, "exclusive_throughput": 3.108606955508063, "sm%": 2.7796848974035977, "mem%": 3.7903062916590815, "CPU%": 2.9377099490948373, "MainMem%": 3.693033998756298}, "workload2": {"Best shared with 100-100% MPS thread%": 43.00639756984397, "Random select collocation": 11.83225765772605, "stage1-shared 100-100% throughput of predicted pairs": 25.513651201259115, "_PCIe read bandwidth": 11.811782413568404, "_PCIe write bandwidth": 43.00639756984397, "_Long_Kernel": 11.660452119954767, "_ave_Kernel_Length": 11.660452119954767, "_long/short_Ratio": 3.8838592978200177, "_avg_Thread": 11.660452119954767, "exclusive_throughput": 43.00639756984397, "sm%": 11.811782413568404, "mem%": 11.660452119954767, "CPU%": 11.104234944275774, "MainMem%": 3.8838592978200177}, "workload1+workload2": {"Best shared with 100-100% MPS thread%": 46.115004525352035, "Random select collocation": 15.114980432008974, "stage1-shared 100-100% throughput of predicted pairs": 29.381830890293735, "_PCIe read bandwidth": 14.591467310972002, "_PCIe write bandwidth": 46.115004525352035, "_Long_Kernel": 15.45075841161385, "_ave_Kernel_Length": 15.45075841161385, "_long/short_Ratio": 7.576893296576316, "_avg_Thread": 15.45075841161385, "exclusive_throughput": 46.115004525352035, "sm%": 14.591467310972002, "mem%": 15.45075841161385, "CPU%": 14.041944893370612, "MainMem%": 7.576893296576316}}