{"workload1": {"Best shared with 100-100% MPS thread%": 3.0695443645083933, "Random select collocation": 2.9536633481281167, "stage1-shared 100-100% throughput of predicted pairs": 3.044093697204, "_PCIe read bandwidth": 3.0695443645083933, "_PCIe write bandwidth": 3.0695443645083933, "_Long_Kernel": 3.714731591494414, "_ave_Kernel_Length": 3.700801045380914, "_long/short_Ratio": 3.700801045380914, "_avg_Thread": 3.714731591494414, "exclusive_throughput": 3.0695443645083933, "sm%": 3.313421491979044, "mem%": 3.044093697204, "CPU%": 3.0695443645083933, "MainMem%": 3.700801045380914}, "workload2": {"Best shared with 100-100% MPS thread%": 60.36331688157317, "Random select collocation": 13.917540876182075, "stage1-shared 100-100% throughput of predicted pairs": 22.861831112831894, "_PCIe read bandwidth": 60.36331688157317, "_PCIe write bandwidth": 60.36331688157317, "_Long_Kernel": 4.197695002352801, "_ave_Kernel_Length": 4.90239666139081, "_long/short_Ratio": 4.90239666139081, "_avg_Thread": 4.197695002352801, "exclusive_throughput": 60.36331688157317, "sm%": 1.6991106175383557, "mem%": 22.861831112831894, "CPU%": 60.36331688157317, "MainMem%": 4.90239666139081}, "workload1+workload2": {"Best shared with 100-100% MPS thread%": 63.432861246081565, "Random select collocation": 16.87120422431019, "stage1-shared 100-100% throughput of predicted pairs": 25.905924810035895, "_PCIe read bandwidth": 63.432861246081565, "_PCIe write bandwidth": 63.432861246081565, "_Long_Kernel": 7.912426593847215, "_ave_Kernel_Length": 8.603197706771724, "_long/short_Ratio": 8.603197706771724, "_avg_Thread": 7.912426593847215, "exclusive_throughput": 63.432861246081565, "sm%": 5.0125321095174, "mem%": 25.905924810035895, "CPU%": 63.432861246081565, "MainMem%": 8.603197706771724}}