mse,r2
0.2394134872144748,0.7250911887104896
