mse,r2
0.06541764396642004,0.9322460116062078
