mse,r2
0.2193123594078127,0.7763013934040309
