{"workload1": {"Best shared with 100-100% MPS thread%": 1.5484488905443516, "Random select collocation": 1.4489844132589946, "stage1-shared 100-100% throughput of predicted pairs": 1.5484488905443516, "_Threads": 1.8773345719870715, "_Compute (SM) Throughput": 1.8773345719870715, "_DRAM Throughput": 1.8773345719870715, "_Memory Throughput": 1.8773345719870715, "_Registers": 1.8773345719870715, "_Static Shared Memory": 0.95585192305125, "exclusive_throughput": 1.5484488905443516, "sm%": 1.9338632074217816, "mem%": 1.8773345719870715, "memcap": 1.9338632074217816}, "workload2": {"Best shared with 100-100% MPS thread%": 22.538107194401057, "Random select collocation": 11.86512606026381, "stage1-shared 100-100% throughput of predicted pairs": 22.538107194401057, "_Threads": 1.887885216578832, "_Compute (SM) Throughput": 1.887885216578832, "_DRAM Throughput": 1.887885216578832, "_Memory Throughput": 1.887885216578832, "_Registers": 1.887885216578832, "_Static Shared Memory": 3.1421541302185334, "exclusive_throughput": 22.538107194401057, "sm%": 18.106009718666986, "mem%": 1.887885216578832, "memcap": 18.106009718666986}, "workload1+workload2": {"Best shared with 100-100% MPS thread%": 24.086556084945407, "Random select collocation": 13.314110473522808, "stage1-shared 100-100% throughput of predicted pairs": 24.086556084945407, "_Threads": 3.7652197885659033, "_Compute (SM) Throughput": 3.7652197885659033, "_DRAM Throughput": 3.7652197885659033, "_Memory Throughput": 3.7652197885659033, "_Registers": 3.7652197885659033, "_Static Shared Memory": 4.098006053269783, "exclusive_throughput": 24.086556084945407, "sm%": 20.03987292608877, "mem%": 3.7652197885659033, "memcap": 20.03987292608877}}