mse,r2
0.19796378369827808,0.744232668402019
