mse,r2
0.40401139265835373,0.569054514497756
