mse,r2
0.5825645041078794,0.3941329157278053
