mse,r2
0.3956338312646247,0.5779905799844003
