{"workload1": {"Best shared with 100-100% MPS thread%": 19.834622849698228, "Random select collocation": 9.553873115579142, "stage1-shared 100-100% throughput of predicted pairs": 19.834622849698228, "_Threads": 19.834622849698228, "_Compute (SM) Throughput": 19.834622849698228, "_DRAM Throughput": 19.834622849698228, "_Memory Throughput": 13.576580398812048, "_Registers": 19.834622849698228, "_Static Shared Memory": 4.197695002352801, "exclusive_throughput": 19.834622849698228, "sm%": 5.127782508767592, "mem%": 13.576580398812048, "memcap": 13.776190991380863}, "workload2": {"Best shared with 100-100% MPS thread%": 70.7450030284676, "Random select collocation": 23.637819752066388, "stage1-shared 100-100% throughput of predicted pairs": 70.7450030284676, "_Threads": 70.7450030284676, "_Compute (SM) Throughput": 70.7450030284676, "_DRAM Throughput": 70.7450030284676, "_Memory Throughput": 36.025998142989785, "_Registers": 70.7450030284676, "_Static Shared Memory": 3.714731591494414, "exclusive_throughput": 70.7450030284676, "sm%": 28.53008448863371, "mem%": 36.025998142989785, "memcap": 14.485949969820938}, "workload1+workload2": {"Best shared with 100-100% MPS thread%": 90.57962587816581, "Random select collocation": 33.19169286764553, "stage1-shared 100-100% throughput of predicted pairs": 90.57962587816581, "_Threads": 90.57962587816581, "_Compute (SM) Throughput": 90.57962587816581, "_DRAM Throughput": 90.57962587816581, "_Memory Throughput": 49.60257854180183, "_Registers": 90.57962587816581, "_Static Shared Memory": 7.912426593847215, "exclusive_throughput": 90.57962587816581, "sm%": 33.65786699740131, "mem%": 49.60257854180183, "memcap": 28.2621409612018}}