mse,r2
0.19859092479475607,0.7504522281284423
