mse,r2
0.04314103664252442,0.9559961426246251
