{"workload1": {"Best shared with 100-100% MPS thread%": 16.371572525807245, "Random select collocation": 21.80557162961672, "stage1-shared 100-100% throughput of predicted pairs": 16.371572525807245, "_Threads": 28.53008448863371, "_Compute (SM) Throughput": 16.371572525807245, "_DRAM Throughput": 28.354682253451063, "_Memory Throughput": 28.354682253451063, "_Registers": 28.53008448863371, "_Static Shared Memory": 21.71277615937177, "exclusive_throughput": 16.371572525807245, "sm%": 17.335072891258722, "mem%": 21.71277615937177, "memcap": 28.354682253451063}, "workload2": {"Best shared with 100-100% MPS thread%": 59.896667991436, "Random select collocation": 26.738514153577906, "stage1-shared 100-100% throughput of predicted pairs": 59.896667991436, "_Threads": 5.127782508767592, "_Compute (SM) Throughput": 59.896667991436, "_DRAM Throughput": 18.33076995511472, "_Memory Throughput": 18.33076995511472, "_Registers": 5.127782508767592, "_Static Shared Memory": 42.5469911117587, "exclusive_throughput": 59.896667991436, "sm%": 17.449377691330405, "mem%": 42.5469911117587, "memcap": 18.33076995511472}, "workload1+workload2": {"Best shared with 100-100% MPS thread%": 76.26824051724324, "Random select collocation": 48.54408578319462, "stage1-shared 100-100% throughput of predicted pairs": 76.26824051724324, "_Threads": 33.65786699740131, "_Compute (SM) Throughput": 76.26824051724324, "_DRAM Throughput": 46.685452208565785, "_Memory Throughput": 46.685452208565785, "_Registers": 33.65786699740131, "_Static Shared Memory": 64.25976727113047, "exclusive_throughput": 76.26824051724324, "sm%": 34.78445058258913, "mem%": 64.25976727113047, "memcap": 46.685452208565785}}