{"workload1": {"Best shared with 100-100% MPS thread%": 41.31169170922575, "Random select collocation": 51.79174442220104, "stage1-shared 100-100% throughput of predicted pairs": 41.31169170922575, "_Threads": 62.271797135176335, "_Compute (SM) Throughput": 41.31169170922575, "_DRAM Throughput": 41.31169170922575, "_Memory Throughput": 62.271797135176335, "_Registers": 62.271797135176335, "_Static Shared Memory": 62.271797135176335, "exclusive_throughput": 41.31169170922575, "sm%": 62.271797135176335, "mem%": 41.31169170922575, "memcap": 41.31169170922575}, "workload2": {"Best shared with 100-100% MPS thread%": 54.48460040350325, "Random select collocation": 30.429188433028656, "stage1-shared 100-100% throughput of predicted pairs": 54.48460040350325, "_Threads": 6.373776462554064, "_Compute (SM) Throughput": 54.48460040350325, "_DRAM Throughput": 54.48460040350325, "_Memory Throughput": 6.373776462554064, "_Registers": 6.373776462554064, "_Static Shared Memory": 6.373776462554064, "exclusive_throughput": 54.48460040350325, "sm%": 6.373776462554064, "mem%": 54.48460040350325, "memcap": 54.48460040350325}, "workload1+workload2": {"Best shared with 100-100% MPS thread%": 95.79629211272899, "Random select collocation": 82.2209328552297, "stage1-shared 100-100% throughput of predicted pairs": 95.79629211272899, "_Threads": 68.6455735977304, "_Compute (SM) Throughput": 95.79629211272899, "_DRAM Throughput": 95.79629211272899, "_Memory Throughput": 68.6455735977304, "_Registers": 68.6455735977304, "_Static Shared Memory": 68.6455735977304, "exclusive_throughput": 95.79629211272899, "sm%": 68.6455735977304, "mem%": 95.79629211272899, "memcap": 95.79629211272899}}