mse,r2
0.1779060107150289,0.7913682675671733
