mse,r2
0.5198319736405702,0.4281848289953727
