mse,r2
0.09437980220546452,0.903653951915255
