{"workload1": {"Best shared with 100-100% MPS thread%": 68.61708377393961, "Random select collocation": 43.996486069742424, "stage1-shared 100-100% throughput of predicted pairs": 13.794080827644848, "_Threads": 75.46194598785372, "_Compute (SM) Throughput": 13.794080827644848, "_DRAM Throughput": 75.46194598785372, "_Memory Throughput": 75.46194598785372, "_Registers": 75.46194598785372, "_Static Shared Memory": 75.46194598785372, "exclusive_throughput": 13.794080827644848, "sm%": 28.806787352636512, "mem%": 75.46194598785372, "memcap": 49.52090223013653}, "workload2": {"Best shared with 100-100% MPS thread%": 79.56139232436567, "Random select collocation": 45.81996672947167, "stage1-shared 100-100% throughput of predicted pairs": 95.44626593806922, "_Threads": 52.875381312846, "_Compute (SM) Throughput": 95.44626593806922, "_DRAM Throughput": 52.875381312846, "_Memory Throughput": 52.875381312846, "_Registers": 52.875381312846, "_Static Shared Memory": 52.875381312846, "exclusive_throughput": 95.44626593806922, "sm%": 24.80782669461915, "mem%": 52.875381312846, "memcap": 54.79849231661351}, "workload1+workload2": {"Best shared with 100-100% MPS thread%": 148.17847609830528, "Random select collocation": 89.81645279921409, "stage1-shared 100-100% throughput of predicted pairs": 109.24034676571407, "_Threads": 128.3373273006997, "_Compute (SM) Throughput": 109.24034676571407, "_DRAM Throughput": 128.3373273006997, "_Memory Throughput": 128.3373273006997, "_Registers": 128.3373273006997, "_Static Shared Memory": 128.3373273006997, "exclusive_throughput": 109.24034676571407, "sm%": 53.61461404725566, "mem%": 128.3373273006997, "memcap": 104.31939454675003}}