{"workload1": {"Best shared with 100-100% MPS thread%": 11.38203404798116, "Random select collocation": 17.61896350948242, "stage1-shared 100-100% throughput of predicted pairs": 11.38203404798116, "_Threads": 27.95779788104665, "_Compute (SM) Throughput": 27.95779788104665, "_DRAM Throughput": 27.95779788104665, "_Memory Throughput": 23.56271277206136, "_Registers": 27.95779788104665, "_Static Shared Memory": 15.27358509426041, "exclusive_throughput": 11.38203404798116, "sm%": 21.98371363623284, "mem%": 23.56271277206136, "memcap": 16.548157724628314}, "workload2": {"Best shared with 100-100% MPS thread%": 76.38854825787675, "Random select collocation": 29.17732266403353, "stage1-shared 100-100% throughput of predicted pairs": 76.38854825787675, "_Threads": 55.69463319266624, "_Compute (SM) Throughput": 55.69463319266624, "_DRAM Throughput": 55.69463319266624, "_Memory Throughput": 22.808323862523025, "_Registers": 55.69463319266624, "_Static Shared Memory": 6.393180607352158, "exclusive_throughput": 76.38854825787675, "sm%": 3.2144444824402423, "mem%": 22.808323862523025, "memcap": 60.86344806023814}, "workload1+workload2": {"Best shared with 100-100% MPS thread%": 87.77058230585791, "Random select collocation": 46.79628617351595, "stage1-shared 100-100% throughput of predicted pairs": 87.77058230585791, "_Threads": 83.65243107371289, "_Compute (SM) Throughput": 83.65243107371289, "_DRAM Throughput": 83.65243107371289, "_Memory Throughput": 46.371036634584385, "_Registers": 83.65243107371289, "_Static Shared Memory": 21.66676570161257, "exclusive_throughput": 87.77058230585791, "sm%": 25.19815811867308, "mem%": 46.371036634584385, "memcap": 77.41160578486645}}