mse,r2
0.21749200502264518,0.760074063147059
