mse,r2
0.11434186017375501,0.876129651478432
