mse,r2
0.17231862014036883,0.8104495178455944
