mse,r2
0.196064957544842,0.795765669224123
