{"workload1": {"Best shared with 100-100% MPS thread%": 12.097491549546344, "Random select collocation": 18.467660325292776, "stage1-shared 100-100% throughput of predicted pairs": 12.097491549546344, "_Threads": 22.78488562822463, "_Compute (SM) Throughput": 12.097491549546344, "_DRAM Throughput": 18.106009718666986, "_Memory Throughput": 18.106009718666986, "_Registers": 22.78488562822463, "_Static Shared Memory": 15.587181034176812, "exclusive_throughput": 12.097491549546344, "sm%": 22.78488562822463, "mem%": 18.106009718666986, "memcap": 12.097491549546344}, "workload2": {"Best shared with 100-100% MPS thread%": 73.45565460748706, "Random select collocation": 18.245428376885993, "stage1-shared 100-100% throughput of predicted pairs": 73.45565460748706, "_Threads": 2.920463577383043, "_Compute (SM) Throughput": 73.45565460748706, "_DRAM Throughput": 1.9338632074217816, "_Memory Throughput": 1.9338632074217816, "_Registers": 2.920463577383043, "_Static Shared Memory": 5.903306315146925, "exclusive_throughput": 73.45565460748706, "sm%": 2.920463577383043, "mem%": 1.9338632074217816, "memcap": 73.45565460748706}, "workload1+workload2": {"Best shared with 100-100% MPS thread%": 85.55314615703341, "Random select collocation": 36.713088702178766, "stage1-shared 100-100% throughput of predicted pairs": 85.55314615703341, "_Threads": 25.70534920560767, "_Compute (SM) Throughput": 85.55314615703341, "_DRAM Throughput": 20.03987292608877, "_Memory Throughput": 20.03987292608877, "_Registers": 25.70534920560767, "_Static Shared Memory": 21.490487349323736, "exclusive_throughput": 85.55314615703341, "sm%": 25.70534920560767, "mem%": 20.03987292608877, "memcap": 85.55314615703341}}