mse,r2
0.23995699159175454,0.6735262851290476
