{"workload1": {"Best shared with 100-100% MPS thread%": 11.38203404798116, "Random select collocation": 14.715020078520185, "stage1-shared 100-100% throughput of predicted pairs": 11.38203404798116, "_Threads": 17.489441093318987, "_Compute (SM) Throughput": 11.38203404798116, "_DRAM Throughput": 11.38203404798116, "_Memory Throughput": 17.489441093318987, "_Registers": 17.489441093318987, "_Static Shared Memory": 15.27358509426041, "exclusive_throughput": 11.38203404798116, "sm%": 11.38203404798116, "mem%": 15.27358509426041, "memcap": 11.38203404798116}, "workload2": {"Best shared with 100-100% MPS thread%": 76.38854825787675, "Random select collocation": 33.52626143405409, "stage1-shared 100-100% throughput of predicted pairs": 76.38854825787675, "_Threads": 17.797055436933363, "_Compute (SM) Throughput": 76.38854825787675, "_DRAM Throughput": 76.38854825787675, "_Memory Throughput": 17.797055436933363, "_Registers": 17.797055436933363, "_Static Shared Memory": 6.393180607352158, "exclusive_throughput": 76.38854825787675, "sm%": 76.38854825787675, "mem%": 6.393180607352158, "memcap": 76.38854825787675}, "workload1+workload2": {"Best shared with 100-100% MPS thread%": 87.77058230585791, "Random select collocation": 48.24128151257428, "stage1-shared 100-100% throughput of predicted pairs": 87.77058230585791, "_Threads": 35.28649653025235, "_Compute (SM) Throughput": 87.77058230585791, "_DRAM Throughput": 87.77058230585791, "_Memory Throughput": 35.28649653025235, "_Registers": 35.28649653025235, "_Static Shared Memory": 21.66676570161257, "exclusive_throughput": 87.77058230585791, "sm%": 87.77058230585791, "mem%": 21.66676570161257, "memcap": 87.77058230585791}}