{"workload1": {"Best shared with 100-100% MPS thread%": 56.28430791433652, "Random select collocation": 45.43466869163242, "stage1-shared 100-100% throughput of predicted pairs": 56.28430791433652, "_Threads": 61.62490371108795, "_Compute (SM) Throughput": 56.28430791433652, "_DRAM Throughput": 61.62490371108795, "_Memory Throughput": 61.62490371108795, "_Registers": 61.62490371108795, "_Static Shared Memory": 22.861831112831894, "exclusive_throughput": 56.28430791433652, "sm%": 51.83239079129002, "mem%": 61.62490371108795, "memcap": 61.62490371108795}, "workload2": {"Best shared with 100-100% MPS thread%": 64.34995799071665, "Random select collocation": 24.75359251152317, "stage1-shared 100-100% throughput of predicted pairs": 64.34995799071665, "_Threads": 30.79519088799832, "_Compute (SM) Throughput": 64.34995799071665, "_DRAM Throughput": 30.79519088799832, "_Memory Throughput": 30.79519088799832, "_Registers": 30.79519088799832, "_Static Shared Memory": 3.044093697204, "exclusive_throughput": 64.34995799071665, "sm%": 3.133285128946734, "mem%": 30.79519088799832, "memcap": 30.79519088799832}, "workload1+workload2": {"Best shared with 100-100% MPS thread%": 120.63426590505317, "Random select collocation": 70.18826120315559, "stage1-shared 100-100% throughput of predicted pairs": 120.63426590505317, "_Threads": 92.42009459908627, "_Compute (SM) Throughput": 120.63426590505317, "_DRAM Throughput": 92.42009459908627, "_Memory Throughput": 92.42009459908627, "_Registers": 92.42009459908627, "_Static Shared Memory": 25.905924810035895, "exclusive_throughput": 120.63426590505317, "sm%": 54.96567592023675, "mem%": 92.42009459908627, "memcap": 92.42009459908627}}