{"workload1": {"Best shared with 100-100% MPS thread%": 42.27573239522048, "Random select collocation": 25.122973785492974, "stage1-shared 100-100% throughput of predicted pairs": 42.27573239522048, "_Threads": 36.025998142989785, "_Compute (SM) Throughput": 14.920679292752814, "_DRAM Throughput": 21.4514896867838, "_Memory Throughput": 31.224851118622244, "_Registers": 36.025998142989785, "_Static Shared Memory": 42.27573239522048, "exclusive_throughput": 15.085145537959098, "sm%": 14.876920324122594, "mem%": 31.224851118622244, "memcap": 21.4514896867838}, "workload2": {"Best shared with 100-100% MPS thread%": 76.87118482320615, "Random select collocation": 54.06583815633116, "stage1-shared 100-100% throughput of predicted pairs": 76.87118482320615, "_Threads": 13.576580398812048, "_Compute (SM) Throughput": 88.95150695885611, "_DRAM Throughput": 77.80701462212303, "_Memory Throughput": 33.66619115549215, "_Registers": 13.576580398812048, "_Static Shared Memory": 76.87118482320615, "exclusive_throughput": 60.66003409582453, "sm%": 26.928355040004146, "mem%": 33.66619115549215, "memcap": 77.80701462212303}, "workload1+workload2": {"Best shared with 100-100% MPS thread%": 119.14691721842664, "Random select collocation": 79.18881194182414, "stage1-shared 100-100% throughput of predicted pairs": 119.14691721842664, "_Threads": 49.60257854180183, "_Compute (SM) Throughput": 103.87218625160892, "_DRAM Throughput": 99.25850430890684, "_Memory Throughput": 64.8910422741144, "_Registers": 49.60257854180183, "_Static Shared Memory": 119.14691721842664, "exclusive_throughput": 75.74517963378362, "sm%": 41.80527536412674, "mem%": 64.8910422741144, "memcap": 99.25850430890684}}