mse,r2
0.21248192960611492,0.7297993330603594
