mse,r2
0.13143366096791886,0.8664800904452887
