mse,r2
0.07446665529244928,0.9245404559703181
