mse,r2
0.06648532257831008,0.9301904112927745
