{"workload1": {"Best shared with 100-100% MPS thread%": 2.485012269748082, "Random select collocation": 3.14816922913258, "stage1-shared 100-100% throughput of predicted pairs": 3.589574397888485, "_Threads": 3.714731591494414, "_Compute (SM) Throughput": 2.485012269748082, "_DRAM Throughput": 3.589574397888485, "_Memory Throughput": 3.044093697204, "_Registers": 3.714731591494414, "_Static Shared Memory": 2.907434189327918, "exclusive_throughput": 2.485012269748082, "sm%": 3.714731591494414, "mem%": 3.589574397888485, "memcap": 2.485012269748082}, "workload2": {"Best shared with 100-100% MPS thread%": 58.367897656289045, "Random select collocation": 26.091020798458135, "stage1-shared 100-100% throughput of predicted pairs": 41.77732471318328, "_Threads": 4.197695002352801, "_Compute (SM) Throughput": 58.367897656289045, "_DRAM Throughput": 41.77732471318328, "_Memory Throughput": 22.861831112831894, "_Registers": 4.197695002352801, "_Static Shared Memory": 3.2503555076336474, "exclusive_throughput": 58.367897656289045, "sm%": 4.197695002352801, "mem%": 41.77732471318328, "memcap": 58.367897656289045}, "workload1+workload2": {"Best shared with 100-100% MPS thread%": 60.85290992603713, "Random select collocation": 29.239190027590713, "stage1-shared 100-100% throughput of predicted pairs": 45.36689911107177, "_Threads": 7.912426593847215, "_Compute (SM) Throughput": 60.85290992603713, "_DRAM Throughput": 45.36689911107177, "_Memory Throughput": 25.905924810035895, "_Registers": 7.912426593847215, "_Static Shared Memory": 6.157789696961565, "exclusive_throughput": 60.85290992603713, "sm%": 7.912426593847215, "mem%": 45.36689911107177, "memcap": 60.85290992603713}}