{"workload1": {"Best shared with 100-100% MPS thread%": 62.87844288147885, "Random select collocation": 57.013103433597784, "stage1-shared 100-100% throughput of predicted pairs": 51.14776398571672, "_Threads": 62.87844288147885, "_Compute (SM) Throughput": 62.87844288147885, "_DRAM Throughput": 62.87844288147885, "_Memory Throughput": 62.87844288147885, "_Registers": 62.87844288147885, "_Static Shared Memory": 62.87844288147885, "exclusive_throughput": 51.14776398571672, "sm%": 51.14776398571672, "mem%": 62.87844288147885, "memcap": 51.14776398571672}, "workload2": {"Best shared with 100-100% MPS thread%": 41.65255068380793, "Random select collocation": 41.099477570567636, "stage1-shared 100-100% throughput of predicted pairs": 40.54640445732734, "_Threads": 41.65255068380793, "_Compute (SM) Throughput": 41.65255068380793, "_DRAM Throughput": 41.65255068380793, "_Memory Throughput": 41.65255068380793, "_Registers": 41.65255068380793, "_Static Shared Memory": 41.65255068380793, "exclusive_throughput": 40.54640445732734, "sm%": 40.54640445732734, "mem%": 41.65255068380793, "memcap": 40.54640445732734}, "workload1+workload2": {"Best shared with 100-100% MPS thread%": 104.53099356528678, "Random select collocation": 98.11258100416542, "stage1-shared 100-100% throughput of predicted pairs": 91.69416844304406, "_Threads": 104.53099356528678, "_Compute (SM) Throughput": 104.53099356528678, "_DRAM Throughput": 104.53099356528678, "_Memory Throughput": 104.53099356528678, "_Registers": 104.53099356528678, "_Static Shared Memory": 104.53099356528678, "exclusive_throughput": 91.69416844304406, "sm%": 91.69416844304406, "mem%": 104.53099356528678, "memcap": 91.69416844304406}}