mse,r2
0.28422526028315365,0.5920381595945243
