{"workload1": {"Best shared with 100-100% MPS thread%": 3.589574397888485, "Random select collocation": 3.4548239062886705, "stage1-shared 100-100% throughput of predicted pairs": 3.589574397888485, "_Threads": 3.589574397888485, "_Compute (SM) Throughput": 3.589574397888485, "_DRAM Throughput": 3.589574397888485, "_Memory Throughput": 3.4848264846812835, "_Registers": 3.589574397888485, "_Static Shared Memory": 3.589574397888485, "exclusive_throughput": 3.589574397888485, "sm%": 3.700801045380914, "mem%": 3.4848264846812835, "memcap": 3.700801045380914}, "workload2": {"Best shared with 100-100% MPS thread%": 41.77732471318328, "Random select collocation": 20.32112734761104, "stage1-shared 100-100% throughput of predicted pairs": 41.77732471318328, "_Threads": 41.77732471318328, "_Compute (SM) Throughput": 41.77732471318328, "_DRAM Throughput": 41.77732471318328, "_Memory Throughput": 11.742956903038175, "_Registers": 41.77732471318328, "_Static Shared Memory": 41.77732471318328, "exclusive_throughput": 41.77732471318328, "sm%": 4.90239666139081, "mem%": 11.742956903038175, "memcap": 4.90239666139081}, "workload1+workload2": {"Best shared with 100-100% MPS thread%": 45.36689911107177, "Random select collocation": 23.775951253899713, "stage1-shared 100-100% throughput of predicted pairs": 45.36689911107177, "_Threads": 45.36689911107177, "_Compute (SM) Throughput": 45.36689911107177, "_DRAM Throughput": 45.36689911107177, "_Memory Throughput": 15.227783387719459, "_Registers": 45.36689911107177, "_Static Shared Memory": 45.36689911107177, "exclusive_throughput": 45.36689911107177, "sm%": 8.603197706771724, "mem%": 15.227783387719459, "memcap": 8.603197706771724}}