mse,r2
0.135656239265674,0.8398680830503771
