mse,r2
0.10037814947079311,0.8974861452213176
