mse,r2
0.059847398205068465,0.9389312263213587
