mse,r2
0.045607490614057396,0.9527033430669034
