mse,r2
0.08483624317670667,0.9066801325056226
