mse,r2
0.0994049607351163,0.8923112925369573
