mse,r2
0.4282778266462755,0.5601470969578791
