mse,r2
0.146394890875897,0.8472401138686292
