mse,r2
0.04953739221963992,0.9478553766109054
