{"workload1": {"Best shared with 100-100% MPS thread%": 58.51630114853271, "stage1-shared 100-100% throughput of predicted pairs": 58.51630114853271}, "workload2": {"Best shared with 100-100% MPS thread%": 29.28171366807507, "stage1-shared 100-100% throughput of predicted pairs": 29.28171366807507}, "workload1+workload2": {"Best shared with 100-100% MPS thread%": 87.79801481660778, "stage1-shared 100-100% throughput of predicted pairs": 87.79801481660778}}