mse,r2
0.5087805659980051,0.41853649600227993
