{"workload1": {"Best shared with 100-100% MPS thread%": 82.98401420959148, "stage1-shared 100-100% throughput of predicted pairs": 67.33929086191986}, "workload2": {"Best shared with 100-100% MPS thread%": 2.439768222018908, "stage1-shared 100-100% throughput of predicted pairs": 2.717503191007535}, "workload1+workload2": {"Best shared with 100-100% MPS thread%": 85.42378243161039, "stage1-shared 100-100% throughput of predicted pairs": 70.0567940529274}}