mse,r2
0.13993541778115015,0.8447712459929648
