mse,r2
0.09171866533738349,0.9063298736979913
