mse,r2
0.10714249637315129,0.8913484543821564
