mse,r2
0.06098789442219642,0.9368339664912966
