mse,r2
0.13953084755047504,0.8488415818203187
