mse,r2
0.22843287115741792,0.7674138039124472
