mse,r2
0.236527944892747,0.7134128242478553
