mse,r2
0.19480635445179312,0.7773641663408078
