mse,r2
0.10932345499319496,0.8886888458251107
