mse,r2
0.24378824047626443,0.735713631852031
