{"workload1": {"Best shared with 100-100% MPS thread%": 16.371572525807245, "Random select collocation": 19.745505767267737, "stage1-shared 100-100% throughput of predicted pairs": 21.71277615937177, "_Threads": 23.108624144580133, "_Compute (SM) Throughput": 16.371572525807245, "_DRAM Throughput": 21.71277615937177, "_Memory Throughput": 21.71277615937177, "_Registers": 23.108624144580133, "_Static Shared Memory": 20.19948311532081, "exclusive_throughput": 16.371572525807245, "sm%": 17.335072891258722, "mem%": 20.19948311532081, "memcap": 21.71277615937177}, "workload2": {"Best shared with 100-100% MPS thread%": 59.896667991436, "Random select collocation": 27.27297259154571, "stage1-shared 100-100% throughput of predicted pairs": 42.5469911117587, "_Threads": 11.862646213136223, "_Compute (SM) Throughput": 59.896667991436, "_DRAM Throughput": 42.5469911117587, "_Memory Throughput": 42.5469911117587, "_Registers": 11.862646213136223, "_Static Shared Memory": 4.609179950067217, "exclusive_throughput": 59.896667991436, "sm%": 17.449377691330405, "mem%": 4.609179950067217, "memcap": 42.5469911117587}, "workload1+workload2": {"Best shared with 100-100% MPS thread%": 76.26824051724324, "Random select collocation": 47.01847835881345, "stage1-shared 100-100% throughput of predicted pairs": 64.25976727113047, "_Threads": 34.97127035771636, "_Compute (SM) Throughput": 76.26824051724324, "_DRAM Throughput": 64.25976727113047, "_Memory Throughput": 64.25976727113047, "_Registers": 34.97127035771636, "_Static Shared Memory": 24.808663065388025, "exclusive_throughput": 76.26824051724324, "sm%": 34.78445058258913, "mem%": 24.808663065388025, "memcap": 64.25976727113047}}