{"workload1": {"Best shared with 100-100% MPS thread%": 25.52420466630779, "Random select collocation": 21.646623780893925, "stage1-shared 100-100% throughput of predicted pairs": 25.52420466630779, "_Threads": 28.99527983816588, "_Compute (SM) Throughput": 25.52420466630779, "_DRAM Throughput": 28.99527983816588, "_Memory Throughput": 28.99527983816588, "_Registers": 28.99527983816588, "_Static Shared Memory": 28.99527983816588, "exclusive_throughput": 25.52420466630779, "sm%": 22.78488562822463, "mem%": 28.99527983816588, "memcap": 28.99527983816588}, "workload2": {"Best shared with 100-100% MPS thread%": 66.97823780715083, "Random select collocation": 23.180608709431663, "stage1-shared 100-100% throughput of predicted pairs": 66.97823780715083, "_Threads": 28.829540405785654, "_Compute (SM) Throughput": 66.97823780715083, "_DRAM Throughput": 28.829540405785654, "_Memory Throughput": 28.829540405785654, "_Registers": 28.829540405785654, "_Static Shared Memory": 28.829540405785654, "exclusive_throughput": 66.97823780715083, "sm%": 2.920463577383043, "mem%": 28.829540405785654, "memcap": 28.829540405785654}, "workload1+workload2": {"Best shared with 100-100% MPS thread%": 92.50244247345861, "Random select collocation": 44.827232490325585, "stage1-shared 100-100% throughput of predicted pairs": 92.50244247345861, "_Threads": 57.824820243951535, "_Compute (SM) Throughput": 92.50244247345861, "_DRAM Throughput": 57.824820243951535, "_Memory Throughput": 57.824820243951535, "_Registers": 57.824820243951535, "_Static Shared Memory": 57.824820243951535, "exclusive_throughput": 92.50244247345861, "sm%": 25.70534920560767, "mem%": 57.824820243951535, "memcap": 57.824820243951535}}