{"workload1": {"Best shared with 100-100% MPS thread%": 28.799499139145404, "Random select collocation": 23.92455630959287, "stage1-shared 100-100% throughput of predicted pairs": 28.799499139145404, "_Threads": 28.799499139145404, "_Compute (SM) Throughput": 28.799499139145404, "_DRAM Throughput": 28.799499139145404, "_Memory Throughput": 28.055331347936207, "_Registers": 28.799499139145404, "_Static Shared Memory": 22.005087777647937, "exclusive_throughput": 28.799499139145404, "sm%": 22.005087777647937, "mem%": 28.055331347936207, "memcap": 28.799499139145404}, "workload2": {"Best shared with 100-100% MPS thread%": 21.35361439175107, "Random select collocation": 14.074638631662157, "stage1-shared 100-100% throughput of predicted pairs": 21.35361439175107, "_Threads": 21.35361439175107, "_Compute (SM) Throughput": 21.35361439175107, "_DRAM Throughput": 21.35361439175107, "_Memory Throughput": 15.52579629728432, "_Registers": 21.35361439175107, "_Static Shared Memory": 13.501095638651304, "exclusive_throughput": 21.35361439175107, "sm%": 13.501095638651304, "mem%": 15.52579629728432, "memcap": 21.35361439175107}, "workload1+workload2": {"Best shared with 100-100% MPS thread%": 50.153113530896476, "Random select collocation": 37.99919494125503, "stage1-shared 100-100% throughput of predicted pairs": 50.153113530896476, "_Threads": 50.153113530896476, "_Compute (SM) Throughput": 50.153113530896476, "_DRAM Throughput": 50.153113530896476, "_Memory Throughput": 43.581127645220526, "_Registers": 50.153113530896476, "_Static Shared Memory": 35.50618341629924, "exclusive_throughput": 50.153113530896476, "sm%": 35.50618341629924, "mem%": 43.581127645220526, "memcap": 50.153113530896476}}