{"workload1": {"Best shared with 100-100% MPS thread%": 92.6984126984127, "Random select collocation": 85.16042031441836, "stage1-shared 100-100% throughput of predicted pairs": 92.6984126984127, "_Threads": 101.56742537881256, "_Compute (SM) Throughput": 95.44626593806922, "_DRAM Throughput": 101.56742537881256, "_Memory Throughput": 101.56742537881256, "_Registers": 101.56742537881256, "_Static Shared Memory": 101.56742537881256, "exclusive_throughput": 95.44626593806922, "sm%": 59.896667991436, "mem%": 101.56742537881256, "memcap": 95.44626593806922}, "workload2": {"Best shared with 100-100% MPS thread%": 52.61810519682559, "Random select collocation": 19.95071310560084, "stage1-shared 100-100% throughput of predicted pairs": 52.61810519682559, "_Threads": 20.798668885191347, "_Compute (SM) Throughput": 13.794080827644848, "_DRAM Throughput": 20.798668885191347, "_Memory Throughput": 20.798668885191347, "_Registers": 20.798668885191347, "_Static Shared Memory": 20.798668885191347, "exclusive_throughput": 13.794080827644848, "sm%": 16.371572525807245, "mem%": 20.798668885191347, "memcap": 13.794080827644848}, "workload1+workload2": {"Best shared with 100-100% MPS thread%": 145.3165178952383, "Random select collocation": 105.1111334200192, "stage1-shared 100-100% throughput of predicted pairs": 145.3165178952383, "_Threads": 122.3660942640039, "_Compute (SM) Throughput": 109.24034676571407, "_DRAM Throughput": 122.3660942640039, "_Memory Throughput": 122.3660942640039, "_Registers": 122.3660942640039, "_Static Shared Memory": 122.3660942640039, "exclusive_throughput": 109.24034676571407, "sm%": 76.26824051724324, "mem%": 122.3660942640039, "memcap": 109.24034676571407}}