mse,r2
0.14361139579150475,0.8215792673130796
