mse,r2
0.1432273454835532,0.8521524175653644
