mse,r2
0.08025938805800228,0.9163964707729143
