mse,r2
0.11583939112829919,0.8821283388519061
