mse,r2
0.103924585992717,0.8941858760801427
