{"workload1": {"Best shared with 100-100% MPS thread%": 16.371572525807245, "Random select collocation": 22.809855145189214, "stage1-shared 100-100% throughput of predicted pairs": 31.03071335378539, "_Threads": 31.03071335378539, "_Compute (SM) Throughput": 29.40360610263523, "_DRAM Throughput": 31.03071335378539, "_Memory Throughput": 31.03071335378539, "_Registers": 31.03071335378539, "_Static Shared Memory": 31.03071335378539, "exclusive_throughput": 16.371572525807245, "sm%": 17.335072891258722, "mem%": 31.03071335378539, "memcap": 21.71277615937177}, "workload2": {"Best shared with 100-100% MPS thread%": 59.896667991436, "Random select collocation": 28.476446397292236, "stage1-shared 100-100% throughput of predicted pairs": 21.55379221258535, "_Threads": 21.55379221258535, "_Compute (SM) Throughput": 41.937452874223546, "_DRAM Throughput": 21.55379221258535, "_Memory Throughput": 21.55379221258535, "_Registers": 21.55379221258535, "_Static Shared Memory": 21.55379221258535, "exclusive_throughput": 59.896667991436, "sm%": 17.449377691330405, "mem%": 21.55379221258535, "memcap": 42.5469911117587}, "workload1+workload2": {"Best shared with 100-100% MPS thread%": 76.26824051724324, "Random select collocation": 51.28630154248145, "stage1-shared 100-100% throughput of predicted pairs": 52.58450556637074, "_Threads": 52.58450556637074, "_Compute (SM) Throughput": 71.34105897685878, "_DRAM Throughput": 52.58450556637074, "_Memory Throughput": 52.58450556637074, "_Registers": 52.58450556637074, "_Static Shared Memory": 52.58450556637074, "exclusive_throughput": 76.26824051724324, "sm%": 34.78445058258913, "mem%": 52.58450556637074, "memcap": 64.25976727113047}}