{"workload1": {"Best shared with 100-100% MPS thread%": 28.055331347936207, "Random select collocation": 22.659955032631494, "stage1-shared 100-100% throughput of predicted pairs": 22.005087777647937, "_Threads": 26.370516106206907, "_Compute (SM) Throughput": 18.22475608883376, "_DRAM Throughput": 28.055331347936207, "_Memory Throughput": 28.055331347936207, "_Registers": 26.370516106206907, "_Static Shared Memory": 11.104234944275774, "exclusive_throughput": 18.22475608883376, "sm%": 26.370516106206907, "mem%": 28.055331347936207, "memcap": 29.404750213942}, "workload2": {"Best shared with 100-100% MPS thread%": 15.52579629728432, "Random select collocation": 10.07672738104866, "stage1-shared 100-100% throughput of predicted pairs": 13.501095638651304, "_Threads": 2.2632245195442864, "_Compute (SM) Throughput": 18.444237940079752, "_DRAM Throughput": 15.52579629728432, "_Memory Throughput": 15.52579629728432, "_Registers": 2.2632245195442864, "_Static Shared Memory": 2.9377099490948373, "exclusive_throughput": 18.444237940079752, "sm%": 2.2632245195442864, "mem%": 15.52579629728432, "memcap": 5.391672547635851}, "workload1+workload2": {"Best shared with 100-100% MPS thread%": 43.581127645220526, "Random select collocation": 32.73668241368016, "stage1-shared 100-100% throughput of predicted pairs": 35.50618341629924, "_Threads": 28.633740625751194, "_Compute (SM) Throughput": 36.66899402891352, "_DRAM Throughput": 43.581127645220526, "_Memory Throughput": 43.581127645220526, "_Registers": 28.633740625751194, "_Static Shared Memory": 14.041944893370612, "exclusive_throughput": 36.66899402891352, "sm%": 28.633740625751194, "mem%": 43.581127645220526, "memcap": 34.79642276157785}}