{"workload1": {"Best shared with 100-100% MPS thread%": 3.108606955508063, "Random select collocation": 3.200722245669994, "stage1-shared 100-100% throughput of predicted pairs": 3.8681796890346174, "_Threads": 3.8681796890346174, "_Compute (SM) Throughput": 3.108606955508063, "_DRAM Throughput": 3.8681796890346174, "_Memory Throughput": 3.131957944585332, "_Registers": 3.8681796890346174, "_Static Shared Memory": 3.524229074889868, "exclusive_throughput": 3.108606955508063, "sm%": 2.9377099490948373, "mem%": 3.8681796890346174, "memcap": 3.108606955508063}, "workload2": {"Best shared with 100-100% MPS thread%": 43.00639756984397, "Random select collocation": 12.54104204331485, "stage1-shared 100-100% throughput of predicted pairs": 25.513651201259115, "_Threads": 25.513651201259115, "_Compute (SM) Throughput": 43.00639756984397, "_DRAM Throughput": 25.513651201259115, "_Memory Throughput": 0.94508333704933, "_Registers": 25.513651201259115, "_Static Shared Memory": 0.9448105950010336, "exclusive_throughput": 43.00639756984397, "sm%": 11.104234944275774, "mem%": 25.513651201259115, "memcap": 43.00639756984397}, "workload1+workload2": {"Best shared with 100-100% MPS thread%": 46.115004525352035, "Random select collocation": 15.741764288984843, "stage1-shared 100-100% throughput of predicted pairs": 29.381830890293735, "_Threads": 29.381830890293735, "_Compute (SM) Throughput": 46.115004525352035, "_DRAM Throughput": 29.381830890293735, "_Memory Throughput": 4.077041281634662, "_Registers": 29.381830890293735, "_Static Shared Memory": 4.469039669890901, "exclusive_throughput": 46.115004525352035, "sm%": 14.041944893370612, "mem%": 29.381830890293735, "memcap": 46.115004525352035}}