mse,r2
0.18583547805097772,0.7880009593710084
