mse,r2
0.17115356328817335,0.8156807779973518
