mse,r2
0.11768411564164682,0.8761219835351086
