mse,r2
0.10768510892648946,0.8900237185431596
