mse,r2
0.7381823433331625,0.1563630361906715
