{"workload1": {"Best shared with 100-100% MPS thread%": 8.31286604949934, "Random select collocation": 6.5412539190991055, "stage1-shared 100-100% throughput of predicted pairs": 8.31286604949934, "_PCIe read bandwidth": 4.609179950067217, "_PCIe write bandwidth": 4.609179950067217, "_Long_Kernel": 9.44138473642801, "_ave_Kernel_Length": 9.44138473642801, "_long/short_Ratio": 8.446108071791919, "_avg_Thread": 9.44138473642801, "sm%": 7.328642618359017, "mem%": 9.44138473642801, "CPU%": 5.9886643139771145, "MainMem%": 8.446108071791919}, "workload2": {"Best shared with 100-100% MPS thread%": 61.9341154636442, "Random select collocation": 23.629406897136683, "stage1-shared 100-100% throughput of predicted pairs": 61.9341154636442, "_PCIe read bandwidth": 20.19948311532081, "_PCIe write bandwidth": 20.19948311532081, "_Long_Kernel": 45.5573757703409, "_ave_Kernel_Length": 45.5573757703409, "_long/short_Ratio": 13.81855013746202, "_avg_Thread": 45.5573757703409, "sm%": 2.4118720856545632, "mem%": 45.5573757703409, "CPU%": 61.26891704041755, "MainMem%": 13.81855013746202}, "workload1+workload2": {"Best shared with 100-100% MPS thread%": 70.24698151314354, "Random select collocation": 30.17066081623579, "stage1-shared 100-100% throughput of predicted pairs": 70.24698151314354, "_PCIe read bandwidth": 24.808663065388025, "_PCIe write bandwidth": 24.808663065388025, "_Long_Kernel": 54.9987605067689, "_ave_Kernel_Length": 54.9987605067689, "_long/short_Ratio": 22.264658209253938, "_avg_Thread": 54.9987605067689, "sm%": 9.74051470401358, "mem%": 54.9987605067689, "CPU%": 67.25758135439466, "MainMem%": 22.264658209253938}}