mse,r2
0.10782592867309118,0.8899735421703151
