{"workload1": {"Best shared with 100-100% MPS thread%": 41.31169170922575, "Random select collocation": 56.364683954272444, "stage1-shared 100-100% throughput of predicted pairs": 62.09865217698116, "_Threads": 62.09865217698116, "_Compute (SM) Throughput": 41.31169170922575, "_DRAM Throughput": 62.09865217698116, "_Memory Throughput": 60.66003409582453, "_Registers": 62.09865217698116, "_Static Shared Memory": 61.38835783505834, "exclusive_throughput": 41.31169170922575, "sm%": 61.38835783505834, "mem%": 60.66003409582453, "memcap": 62.09865217698116}, "workload2": {"Best shared with 100-100% MPS thread%": 54.48460040350325, "Random select collocation": 24.757140199668182, "stage1-shared 100-100% throughput of predicted pairs": 21.73832123580868, "_Threads": 21.73832123580868, "_Compute (SM) Throughput": 54.48460040350325, "_DRAM Throughput": 21.73832123580868, "_Memory Throughput": 15.085145537959098, "_Registers": 21.73832123580868, "_Static Shared Memory": 7.720493621401698, "exclusive_throughput": 54.48460040350325, "sm%": 7.720493621401698, "mem%": 15.085145537959098, "memcap": 21.73832123580868}, "workload1+workload2": {"Best shared with 100-100% MPS thread%": 95.79629211272899, "Random select collocation": 81.12182415394062, "stage1-shared 100-100% throughput of predicted pairs": 83.83697341278985, "_Threads": 83.83697341278985, "_Compute (SM) Throughput": 95.79629211272899, "_DRAM Throughput": 83.83697341278985, "_Memory Throughput": 75.74517963378362, "_Registers": 83.83697341278985, "_Static Shared Memory": 69.10885145646004, "exclusive_throughput": 95.79629211272899, "sm%": 69.10885145646004, "mem%": 75.74517963378362, "memcap": 83.83697341278985}}