mse,r2
0.244054610014837,0.7190902518102467
