mse,r2
0.068976543119466,0.9297693379147255
