mse,r2
0.43717018619916154,0.5446143893758735
