mse,r2
0.18238025250035814,0.8103245373996275
