mse,r2
0.3134857184934939,0.641730607436007
