mse,r2
0.06589070080052377,0.9297165858127746
