mse,r2
0.43148545245078723,0.4822174570590553
