mse,r2
0.49937225696915866,0.48065285275207503
