{"workload1": {"Best shared with 100-100% MPS thread%": 96.2425840474621, "Random select collocation": 68.48870159083724, "stage1-shared 100-100% throughput of predicted pairs": 55.580670489423966, "_Threads": 96.2425840474621, "_Compute (SM) Throughput": 40.41189042160482, "_DRAM Throughput": 96.2425840474621, "_Memory Throughput": 96.2425840474621, "_Registers": 96.2425840474621, "_Static Shared Memory": 60.36331688157317, "exclusive_throughput": 40.41189042160482, "sm%": 80.52673308283636, "mem%": 96.2425840474621, "memcap": 55.580670489423966}, "workload2": {"Best shared with 100-100% MPS thread%": 31.99121809699298, "Random select collocation": 31.603885950194172, "stage1-shared 100-100% throughput of predicted pairs": 57.621744054360136, "_Threads": 31.99121809699298, "_Compute (SM) Throughput": 72.32534018607676, "_DRAM Throughput": 31.99121809699298, "_Memory Throughput": 31.99121809699298, "_Registers": 31.99121809699298, "_Static Shared Memory": 3.0695443645083933, "exclusive_throughput": 72.32534018607676, "sm%": 3.163979312442957, "mem%": 31.99121809699298, "memcap": 57.621744054360136}, "workload1+workload2": {"Best shared with 100-100% MPS thread%": 128.23380214445507, "Random select collocation": 100.09258754103142, "stage1-shared 100-100% throughput of predicted pairs": 113.2024145437841, "_Threads": 128.23380214445507, "_Compute (SM) Throughput": 112.73723060768157, "_DRAM Throughput": 128.23380214445507, "_Memory Throughput": 128.23380214445507, "_Registers": 128.23380214445507, "_Static Shared Memory": 63.432861246081565, "exclusive_throughput": 112.73723060768157, "sm%": 83.69071239527932, "mem%": 128.23380214445507, "memcap": 113.2024145437841}}