{"workload1": {"Best shared with 100-100% MPS thread%": 16.663697531963876, "Random select collocation": 20.72576773871387, "stage1-shared 100-100% throughput of predicted pairs": 16.663697531963876, "_Threads": 22.538107194401057, "_Compute (SM) Throughput": 16.663697531963876, "_DRAM Throughput": 22.538107194401057, "_Memory Throughput": 22.538107194401057, "_Registers": 29.122782215310664, "_Static Shared Memory": 22.538107194401057, "exclusive_throughput": 16.663697531963876, "sm%": 17.07949566306, "mem%": 22.538107194401057, "memcap": 16.663697531963876}, "workload2": {"Best shared with 100-100% MPS thread%": 61.84720880051893, "Random select collocation": 21.33370110088601, "stage1-shared 100-100% throughput of predicted pairs": 61.84720880051893, "_Threads": 1.5484488905443516, "_Compute (SM) Throughput": 61.84720880051893, "_DRAM Throughput": 1.5484488905443516, "_Memory Throughput": 1.5484488905443516, "_Registers": 6.299368414109266, "_Static Shared Memory": 1.5484488905443516, "exclusive_throughput": 61.84720880051893, "sm%": 18.529241459177765, "mem%": 1.5484488905443516, "memcap": 61.84720880051893}, "workload1+workload2": {"Best shared with 100-100% MPS thread%": 78.5109063324828, "Random select collocation": 42.05946883959989, "stage1-shared 100-100% throughput of predicted pairs": 78.5109063324828, "_Threads": 24.086556084945407, "_Compute (SM) Throughput": 78.5109063324828, "_DRAM Throughput": 24.086556084945407, "_Memory Throughput": 24.086556084945407, "_Registers": 35.42215062941993, "_Static Shared Memory": 24.086556084945407, "exclusive_throughput": 78.5109063324828, "sm%": 35.60873712223777, "mem%": 24.086556084945407, "memcap": 78.5109063324828}}