mse,r2
0.2722354656708318,0.6583209015340858
