mse,r2
0.14762986937503303,0.8476078767741595
