{"workload1": {"Best shared with 100-100% MPS thread%": 5.135074793480688, "Random select collocation": 10.18930350419093, "stage1-shared 100-100% throughput of predicted pairs": 6.373776462554064, "_Threads": 19.834622849698228, "_Compute (SM) Throughput": 19.834622849698228, "_DRAM Throughput": 19.834622849698228, "_Memory Throughput": 13.576580398812048, "_Registers": 19.834622849698228, "_Static Shared Memory": 7.229508506974016, "exclusive_throughput": 6.373776462554064, "sm%": 14.496603544457516, "mem%": 13.576580398812048, "memcap": 14.003044140030442}, "workload2": {"Best shared with 100-100% MPS thread%": 94.45635032954593, "Random select collocation": 37.38166031440403, "stage1-shared 100-100% throughput of predicted pairs": 62.271797135176335, "_Threads": 70.7450030284676, "_Compute (SM) Throughput": 70.7450030284676, "_DRAM Throughput": 70.7450030284676, "_Memory Throughput": 36.025998142989785, "_Registers": 70.7450030284676, "_Static Shared Memory": 9.824657160401172, "exclusive_throughput": 62.271797135176335, "sm%": 5.056570381138992, "mem%": 36.025998142989785, "memcap": 55.36069769646412}, "workload1+workload2": {"Best shared with 100-100% MPS thread%": 99.59142512302661, "Random select collocation": 47.57096381859496, "stage1-shared 100-100% throughput of predicted pairs": 68.6455735977304, "_Threads": 90.57962587816581, "_Compute (SM) Throughput": 90.57962587816581, "_DRAM Throughput": 90.57962587816581, "_Memory Throughput": 49.60257854180183, "_Registers": 90.57962587816581, "_Static Shared Memory": 17.054165667375187, "exclusive_throughput": 68.6455735977304, "sm%": 19.553173925596507, "mem%": 49.60257854180183, "memcap": 69.36374183649457}}