mse,r2
0.1793170891985368,0.8018749541357385
