mse,r2
0.08449306617239839,0.9070576272103618
