{"workload1": {"Best shared with 100-100% MPS thread%": 5.135074793480688, "Random select collocation": 10.4034326659335, "stage1-shared 100-100% throughput of predicted pairs": 5.135074793480688, "_Threads": 19.834622849698228, "_Compute (SM) Throughput": 19.834622849698228, "_DRAM Throughput": 19.834622849698228, "_Memory Throughput": 13.576580398812048, "_Registers": 19.834622849698228, "_Static Shared Memory": 4.197695002352801, "exclusive_throughput": 5.135074793480688, "sm%": 14.496603544457516, "mem%": 13.576580398812048, "memcap": 7.892353473929357}, "workload2": {"Best shared with 100-100% MPS thread%": 94.45635032954593, "Random select collocation": 40.57753215026814, "stage1-shared 100-100% throughput of predicted pairs": 94.45635032954593, "_Threads": 70.7450030284676, "_Compute (SM) Throughput": 70.7450030284676, "_DRAM Throughput": 70.7450030284676, "_Memory Throughput": 36.025998142989785, "_Registers": 70.7450030284676, "_Static Shared Memory": 3.714731591494414, "exclusive_throughput": 94.45635032954593, "sm%": 5.056570381138992, "mem%": 36.025998142989785, "memcap": 84.77282624473798}, "workload1+workload2": {"Best shared with 100-100% MPS thread%": 99.59142512302661, "Random select collocation": 50.980964816201634, "stage1-shared 100-100% throughput of predicted pairs": 99.59142512302661, "_Threads": 90.57962587816581, "_Compute (SM) Throughput": 90.57962587816581, "_DRAM Throughput": 90.57962587816581, "_Memory Throughput": 49.60257854180183, "_Registers": 90.57962587816581, "_Static Shared Memory": 7.912426593847215, "exclusive_throughput": 99.59142512302661, "sm%": 19.553173925596507, "mem%": 49.60257854180183, "memcap": 92.66517971866735}}