{"workload1": {"Best shared with 100-100% MPS thread%": 1.5092631022903067, "Random select collocation": 1.7707954320584331, "stage1-shared 100-100% throughput of predicted pairs": 1.5092631022903067, "_Threads": 2.717503191007535, "_Compute (SM) Throughput": 1.5092631022903067, "_DRAM Throughput": 2.717503191007535, "_Memory Throughput": 1.8773345719870715, "_Registers": 2.717503191007535, "_Static Shared Memory": 0.95585192305125, "exclusive_throughput": 1.5092631022903067, "sm%": 1.5484488905443516, "mem%": 2.717503191007535, "memcap": 1.5092631022903067}, "workload2": {"Best shared with 100-100% MPS thread%": 83.40771949869675, "Random select collocation": 24.015000261016645, "stage1-shared 100-100% throughput of predicted pairs": 83.40771949869675, "_Threads": 67.33929086191986, "_Compute (SM) Throughput": 83.40771949869675, "_DRAM Throughput": 67.33929086191986, "_Memory Throughput": 1.887885216578832, "_Registers": 67.33929086191986, "_Static Shared Memory": 3.1421541302185334, "exclusive_throughput": 83.40771949869675, "sm%": 22.538107194401057, "mem%": 67.33929086191986, "memcap": 83.40771949869675}, "workload1+workload2": {"Best shared with 100-100% MPS thread%": 84.91698260098705, "Random select collocation": 25.785795693075084, "stage1-shared 100-100% throughput of predicted pairs": 84.91698260098705, "_Threads": 70.0567940529274, "_Compute (SM) Throughput": 84.91698260098705, "_DRAM Throughput": 70.0567940529274, "_Memory Throughput": 3.7652197885659033, "_Registers": 70.0567940529274, "_Static Shared Memory": 4.098006053269783, "exclusive_throughput": 84.91698260098705, "sm%": 24.086556084945407, "mem%": 70.0567940529274, "memcap": 84.91698260098705}}