{"workload1": {"Best shared with 100-100% MPS thread%": 3.589574397888485, "Random select collocation": 3.4232536398319247, "stage1-shared 100-100% throughput of predicted pairs": 3.589574397888485, "_Threads": 3.714731591494414, "_Compute (SM) Throughput": 3.1421541302185334, "_DRAM Throughput": 3.589574397888485, "_Memory Throughput": 3.4848264846812835, "_Registers": 3.714731591494414, "_Static Shared Memory": 2.907434189327918, "exclusive_throughput": 3.589574397888485, "sm%": 3.714731591494414, "mem%": 3.4848264846812835, "memcap": 3.700801045380914}, "workload2": {"Best shared with 100-100% MPS thread%": 41.77732471318328, "Random select collocation": 11.137763451774994, "stage1-shared 100-100% throughput of predicted pairs": 41.77732471318328, "_Threads": 4.197695002352801, "_Compute (SM) Throughput": 0.95585192305125, "_DRAM Throughput": 41.77732471318328, "_Memory Throughput": 11.742956903038175, "_Registers": 4.197695002352801, "_Static Shared Memory": 3.2503555076336474, "exclusive_throughput": 41.77732471318328, "sm%": 4.197695002352801, "mem%": 11.742956903038175, "memcap": 4.90239666139081}, "workload1+workload2": {"Best shared with 100-100% MPS thread%": 45.36689911107177, "Random select collocation": 14.561017091606919, "stage1-shared 100-100% throughput of predicted pairs": 45.36689911107177, "_Threads": 7.912426593847215, "_Compute (SM) Throughput": 4.098006053269783, "_DRAM Throughput": 45.36689911107177, "_Memory Throughput": 15.227783387719459, "_Registers": 7.912426593847215, "_Static Shared Memory": 6.157789696961565, "exclusive_throughput": 45.36689911107177, "sm%": 7.912426593847215, "mem%": 15.227783387719459, "memcap": 8.603197706771724}}