mse,r2
0.2287939952614793,0.7372946705284422
