mse,r2
0.23997634096671108,0.7459074036823059
