{"workload1": {"Best shared with 100-100% MPS thread%": 16.371572525807245, "Random select collocation": 22.397364969671354, "stage1-shared 100-100% throughput of predicted pairs": 29.40360610263523, "_Threads": 29.40360610263523, "_Compute (SM) Throughput": 29.40360610263523, "_DRAM Throughput": 29.40360610263523, "_Memory Throughput": 29.40360610263523, "_Registers": 29.40360610263523, "_Static Shared Memory": 11.811782413568404, "exclusive_throughput": 16.371572525807245, "sm%": 26.24167067390259, "mem%": 29.40360610263523, "memcap": 28.354682253451063}, "workload2": {"Best shared with 100-100% MPS thread%": 59.896667991436, "Random select collocation": 18.254087913479136, "stage1-shared 100-100% throughput of predicted pairs": 41.937452874223546, "_Threads": 41.937452874223546, "_Compute (SM) Throughput": 41.937452874223546, "_DRAM Throughput": 41.937452874223546, "_Memory Throughput": 41.937452874223546, "_Registers": 41.937452874223546, "_Static Shared Memory": 2.7796848974035977, "exclusive_throughput": 59.896667991436, "sm%": 1.9816984321268287, "mem%": 41.937452874223546, "memcap": 18.33076995511472}, "workload1+workload2": {"Best shared with 100-100% MPS thread%": 76.26824051724324, "Random select collocation": 40.6514528831505, "stage1-shared 100-100% throughput of predicted pairs": 71.34105897685878, "_Threads": 71.34105897685878, "_Compute (SM) Throughput": 71.34105897685878, "_DRAM Throughput": 71.34105897685878, "_Memory Throughput": 71.34105897685878, "_Registers": 71.34105897685878, "_Static Shared Memory": 14.591467310972002, "exclusive_throughput": 76.26824051724324, "sm%": 28.22336910602942, "mem%": 71.34105897685878, "memcap": 46.685452208565785}}