{"workload1": {"Best shared with 100-100% MPS thread%": 25.89140610892726, "Random select collocation": 20.38905446581696, "stage1-shared 100-100% throughput of predicted pairs": 30.13044277053096, "_Threads": 30.13044277053096, "_Compute (SM) Throughput": 27.95779788104665, "_DRAM Throughput": 30.13044277053096, "_Memory Throughput": 30.13044277053096, "_Registers": 30.13044277053096, "_Static Shared Memory": 30.13044277053096, "exclusive_throughput": 11.38203404798116, "sm%": 21.98371363623284, "mem%": 30.13044277053096, "memcap": 16.548157724628314}, "workload2": {"Best shared with 100-100% MPS thread%": 68.67356538099718, "Random select collocation": 32.16463889661017, "stage1-shared 100-100% throughput of predicted pairs": 30.084483824438493, "_Threads": 30.084483824438493, "_Compute (SM) Throughput": 55.69463319266624, "_DRAM Throughput": 30.084483824438493, "_Memory Throughput": 30.084483824438493, "_Registers": 30.084483824438493, "_Static Shared Memory": 30.084483824438493, "exclusive_throughput": 76.38854825787675, "sm%": 3.2144444824402423, "mem%": 30.084483824438493, "memcap": 60.86344806023814}, "workload1+workload2": {"Best shared with 100-100% MPS thread%": 94.56497148992443, "Random select collocation": 52.55369336242715, "stage1-shared 100-100% throughput of predicted pairs": 60.214926594969455, "_Threads": 60.214926594969455, "_Compute (SM) Throughput": 83.65243107371289, "_DRAM Throughput": 60.214926594969455, "_Memory Throughput": 60.214926594969455, "_Registers": 60.214926594969455, "_Static Shared Memory": 60.214926594969455, "exclusive_throughput": 87.77058230585791, "sm%": 25.19815811867308, "mem%": 60.214926594969455, "memcap": 77.41160578486645}}