mse,r2
0.39727831512619266,0.5691168889561765
