mse,r2
0.06583712689292207,0.9209954477284935
