{"workload1": {"Best shared with 100-100% MPS thread%": 83.04498269896193, "Random select collocation": 72.50163273697419, "stage1-shared 100-100% throughput of predicted pairs": 83.04498269896193, "_Threads": 83.04498269896193, "_Compute (SM) Throughput": 83.04498269896193, "_DRAM Throughput": 83.04498269896193, "_Memory Throughput": 76.87118482320615, "_Registers": 83.04498269896193, "_Static Shared Memory": 68.67356538099718, "exclusive_throughput": 52.61810519682559, "sm%": 66.97823780715083, "mem%": 76.87118482320615, "memcap": 52.61810519682559}, "workload2": {"Best shared with 100-100% MPS thread%": 81.64121203648692, "Random select collocation": 43.455777453174, "stage1-shared 100-100% throughput of predicted pairs": 81.64121203648692, "_Threads": 81.64121203648692, "_Compute (SM) Throughput": 81.64121203648692, "_DRAM Throughput": 81.64121203648692, "_Memory Throughput": 42.27573239522048, "_Registers": 81.64121203648692, "_Static Shared Memory": 25.89140610892726, "exclusive_throughput": 92.6984126984127, "sm%": 25.52420466630779, "mem%": 42.27573239522048, "memcap": 92.6984126984127}, "workload1+workload2": {"Best shared with 100-100% MPS thread%": 164.68619473544885, "Random select collocation": 115.9574101901482, "stage1-shared 100-100% throughput of predicted pairs": 164.68619473544885, "_Threads": 164.68619473544885, "_Compute (SM) Throughput": 164.68619473544885, "_DRAM Throughput": 164.68619473544885, "_Memory Throughput": 119.14691721842664, "_Registers": 164.68619473544885, "_Static Shared Memory": 94.56497148992443, "exclusive_throughput": 145.3165178952383, "sm%": 92.50244247345861, "mem%": 119.14691721842664, "memcap": 145.3165178952383}}