mse,r2
0.2962293763389694,0.6257444333211121
