{"workload1": {"Best shared with 100-100% MPS thread%": 25.52420466630779, "Random select collocation": 21.524877263168676, "stage1-shared 100-100% throughput of predicted pairs": 27.516737301148577, "_Threads": 27.516737301148577, "_Compute (SM) Throughput": 27.516737301148577, "_DRAM Throughput": 27.516737301148577, "_Memory Throughput": 27.516737301148577, "_Registers": 27.516737301148577, "_Static Shared Memory": 15.587181034176812, "exclusive_throughput": 25.52420466630779, "sm%": 22.78488562822463, "mem%": 25.52420466630779, "memcap": 25.26298521541206}, "workload2": {"Best shared with 100-100% MPS thread%": 66.97823780715083, "Random select collocation": 22.910076228904465, "stage1-shared 100-100% throughput of predicted pairs": 52.483767327956144, "_Threads": 52.483767327956144, "_Compute (SM) Throughput": 52.483767327956144, "_DRAM Throughput": 52.483767327956144, "_Memory Throughput": 52.483767327956144, "_Registers": 52.483767327956144, "_Static Shared Memory": 5.903306315146925, "exclusive_throughput": 66.97823780715083, "sm%": 2.920463577383043, "mem%": 66.97823780715083, "memcap": 8.035338662179218}, "workload1+workload2": {"Best shared with 100-100% MPS thread%": 92.50244247345861, "Random select collocation": 44.43495349207315, "stage1-shared 100-100% throughput of predicted pairs": 80.00050462910473, "_Threads": 80.00050462910473, "_Compute (SM) Throughput": 80.00050462910473, "_DRAM Throughput": 80.00050462910473, "_Memory Throughput": 80.00050462910473, "_Registers": 80.00050462910473, "_Static Shared Memory": 21.490487349323736, "exclusive_throughput": 92.50244247345861, "sm%": 25.70534920560767, "mem%": 92.50244247345861, "memcap": 33.29832387759127}}