{"workload1": {"Best shared with 100-100% MPS thread%": 61.571012959534514, "Random select collocation": 61.68600765719134, "stage1-shared 100-100% throughput of predicted pairs": 61.571012959534514, "_Threads": 62.09865217698116, "_Compute (SM) Throughput": 62.09865217698116, "_DRAM Throughput": 62.09865217698116, "_Memory Throughput": 62.09865217698116, "_Registers": 61.571012959534514, "_Static Shared Memory": 61.571012959534514, "exclusive_throughput": 62.09865217698116, "sm%": 61.38835783505834, "mem%": 61.571012959534514, "memcap": 62.09865217698116}, "workload2": {"Best shared with 100-100% MPS thread%": 62.26737884110588, "Random select collocation": 30.57539789943875, "stage1-shared 100-100% throughput of predicted pairs": 62.26737884110588, "_Threads": 21.73832123580868, "_Compute (SM) Throughput": 21.73832123580868, "_DRAM Throughput": 21.73832123580868, "_Memory Throughput": 21.73832123580868, "_Registers": 62.26737884110588, "_Static Shared Memory": 62.26737884110588, "exclusive_throughput": 21.73832123580868, "sm%": 7.720493621401698, "mem%": 62.26737884110588, "memcap": 21.73832123580868}, "workload1+workload2": {"Best shared with 100-100% MPS thread%": 123.8383918006404, "Random select collocation": 92.2614055566301, "stage1-shared 100-100% throughput of predicted pairs": 123.8383918006404, "_Threads": 83.83697341278985, "_Compute (SM) Throughput": 83.83697341278985, "_DRAM Throughput": 83.83697341278985, "_Memory Throughput": 83.83697341278985, "_Registers": 123.8383918006404, "_Static Shared Memory": 123.8383918006404, "exclusive_throughput": 83.83697341278985, "sm%": 69.10885145646004, "mem%": 123.8383918006404, "memcap": 83.83697341278985}}