mse,r2
0.1849591653038131,0.7866798008459162
