{"workload1": {"Best shared with 100-100% MPS thread%": 52.875381312846, "Random select collocation": 43.08463374047123, "stage1-shared 100-100% throughput of predicted pairs": 60.13179571663921, "_Threads": 60.13179571663921, "_Compute (SM) Throughput": 20.798668885191347, "_DRAM Throughput": 60.13179571663921, "_Memory Throughput": 60.13179571663921, "_Registers": 60.13179571663921, "_Static Shared Memory": 60.13179571663921, "exclusive_throughput": 20.798668885191347, "sm%": 49.6261046906866, "mem%": 60.13179571663921, "memcap": 52.875381312846}, "workload2": {"Best shared with 100-100% MPS thread%": 75.46194598785372, "Random select collocation": 70.93032927557337, "stage1-shared 100-100% throughput of predicted pairs": 60.17783423308987, "_Threads": 60.17783423308987, "_Compute (SM) Throughput": 101.56742537881256, "_DRAM Throughput": 60.17783423308987, "_Memory Throughput": 60.17783423308987, "_Registers": 60.17783423308987, "_Static Shared Memory": 60.17783423308987, "exclusive_throughput": 101.56742537881256, "sm%": 21.2018567306486, "mem%": 60.17783423308987, "memcap": 75.46194598785372}, "workload1+workload2": {"Best shared with 100-100% MPS thread%": 128.3373273006997, "Random select collocation": 114.01496301604459, "stage1-shared 100-100% throughput of predicted pairs": 120.30962994972907, "_Threads": 120.30962994972907, "_Compute (SM) Throughput": 122.3660942640039, "_DRAM Throughput": 120.30962994972907, "_Memory Throughput": 120.30962994972907, "_Registers": 120.30962994972907, "_Static Shared Memory": 120.30962994972907, "exclusive_throughput": 122.3660942640039, "sm%": 70.8279614213352, "mem%": 120.30962994972907, "memcap": 128.3373273006997}}