mse,r2
0.17367160235110668,0.7884126714746661
