mse,r2
0.11389162171783476,0.8843005747628345
