mse,r2
0.19599643220019713,0.7958370497914613
