{"workload1": {"Best shared with 100-100% MPS thread%": 61.571012959534514, "Random select collocation": 57.91596909737452, "stage1-shared 100-100% throughput of predicted pairs": 62.87844288147885, "_Threads": 62.87844288147885, "_Compute (SM) Throughput": 62.87844288147885, "_DRAM Throughput": 62.87844288147885, "_Memory Throughput": 60.66003409582453, "_Registers": 62.87844288147885, "_Static Shared Memory": 62.87844288147885, "exclusive_throughput": 41.31169170922575, "sm%": 62.271797135176335, "mem%": 60.66003409582453, "memcap": 62.09865217698116}, "workload2": {"Best shared with 100-100% MPS thread%": 62.26737884110588, "Random select collocation": 31.233583905433495, "stage1-shared 100-100% throughput of predicted pairs": 41.65255068380793, "_Threads": 41.65255068380793, "_Compute (SM) Throughput": 41.65255068380793, "_DRAM Throughput": 41.65255068380793, "_Memory Throughput": 15.085145537959098, "_Registers": 41.65255068380793, "_Static Shared Memory": 41.65255068380793, "exclusive_throughput": 54.48460040350325, "sm%": 6.373776462554064, "mem%": 15.085145537959098, "memcap": 21.73832123580868}, "workload1+workload2": {"Best shared with 100-100% MPS thread%": 123.8383918006404, "Random select collocation": 89.149553002808, "stage1-shared 100-100% throughput of predicted pairs": 104.53099356528678, "_Threads": 104.53099356528678, "_Compute (SM) Throughput": 104.53099356528678, "_DRAM Throughput": 104.53099356528678, "_Memory Throughput": 75.74517963378362, "_Registers": 104.53099356528678, "_Static Shared Memory": 104.53099356528678, "exclusive_throughput": 95.79629211272899, "sm%": 68.6455735977304, "mem%": 75.74517963378362, "memcap": 83.83697341278985}}