{"workload1": {"Best shared with 100-100% MPS thread%": 42.27573239522048, "Random select collocation": 27.684535200445932, "stage1-shared 100-100% throughput of predicted pairs": 42.27573239522048, "_Threads": 47.05317488896891, "_Compute (SM) Throughput": 44.81551032837639, "_DRAM Throughput": 47.05317488896891, "_Memory Throughput": 47.05317488896891, "_Registers": 47.05317488896891, "_Static Shared Memory": 11.742956903038175, "exclusive_throughput": 15.085145537959098, "sm%": 14.876920324122594, "mem%": 47.05317488896891, "memcap": 35.52348574203844}, "workload2": {"Best shared with 100-100% MPS thread%": 76.87118482320615, "Random select collocation": 43.62579604272992, "stage1-shared 100-100% throughput of predicted pairs": 76.87118482320615, "_Threads": 45.66781357522677, "_Compute (SM) Throughput": 66.73332381088416, "_DRAM Throughput": 45.66781357522677, "_Memory Throughput": 45.66781357522677, "_Registers": 45.66781357522677, "_Static Shared Memory": 3.4848264846812835, "exclusive_throughput": 60.66003409582453, "sm%": 26.928355040004146, "mem%": 45.66781357522677, "memcap": 48.57356732928554}, "workload1+workload2": {"Best shared with 100-100% MPS thread%": 119.14691721842664, "Random select collocation": 71.31033124317585, "stage1-shared 100-100% throughput of predicted pairs": 119.14691721842664, "_Threads": 92.72098846419568, "_Compute (SM) Throughput": 111.54883413926055, "_DRAM Throughput": 92.72098846419568, "_Memory Throughput": 92.72098846419568, "_Registers": 92.72098846419568, "_Static Shared Memory": 15.227783387719459, "exclusive_throughput": 75.74517963378362, "sm%": 41.80527536412674, "mem%": 92.72098846419568, "memcap": 84.09705307132398}}