mse,r2
0.14130434332409778,0.8451842727871652
