mse,r2
0.06456010043943841,0.931135892864599
