mse,r2
0.1281322119386357,0.8660435966096081
