mse,r2
0.18707233776136845,0.7973383007585175
