{"workload1": {"Best shared with 100-100% MPS thread%": 8.31286604949934, "Random select collocation": 6.257407691526027, "stage1-shared 100-100% throughput of predicted pairs": 8.31286604949934, "_Threads": 9.44138473642801, "_Compute (SM) Throughput": 6.278691561850259, "_DRAM Throughput": 9.44138473642801, "_Memory Throughput": 9.44138473642801, "_Registers": 9.44138473642801, "_Static Shared Memory": 3.2503555076336474, "exclusive_throughput": 8.31286604949934, "sm%": 5.903306315146925, "mem%": 9.44138473642801, "memcap": 9.44138473642801}, "workload2": {"Best shared with 100-100% MPS thread%": 61.9341154636442, "Random select collocation": 25.335219093392734, "stage1-shared 100-100% throughput of predicted pairs": 61.9341154636442, "_Threads": 45.5573757703409, "_Compute (SM) Throughput": 1.561942283280508, "_DRAM Throughput": 45.5573757703409, "_Memory Throughput": 45.5573757703409, "_Registers": 45.5573757703409, "_Static Shared Memory": 2.907434189327918, "exclusive_throughput": 61.9341154636442, "sm%": 15.587181034176812, "mem%": 45.5573757703409, "memcap": 45.5573757703409}, "workload1+workload2": {"Best shared with 100-100% MPS thread%": 70.24698151314354, "Random select collocation": 31.592626784918764, "stage1-shared 100-100% throughput of predicted pairs": 70.24698151314354, "_Threads": 54.9987605067689, "_Compute (SM) Throughput": 7.8406338451307676, "_DRAM Throughput": 54.9987605067689, "_Memory Throughput": 54.9987605067689, "_Registers": 54.9987605067689, "_Static Shared Memory": 6.157789696961565, "exclusive_throughput": 70.24698151314354, "sm%": 21.490487349323736, "mem%": 54.9987605067689, "memcap": 54.9987605067689}}