mse,r2
0.18656573850568361,0.7739139446608309
