mse,r2
0.20093348317636797,0.7910291774965773
