{"workload1": {"Best shared with 100-100% MPS thread%": 81.64121203648692, "stage1-shared 100-100% throughput of predicted pairs": 54.48460040350325}, "workload2": {"Best shared with 100-100% MPS thread%": 83.04498269896193, "stage1-shared 100-100% throughput of predicted pairs": 41.31169170922575}, "workload1+workload2": {"Best shared with 100-100% MPS thread%": 164.68619473544885, "stage1-shared 100-100% throughput of predicted pairs": 95.79629211272899}}