mse,r2
0.06855257850892985,0.9300763699208916
