mse,r2
0.18048947104535146,0.8154996518203075
