{"workload1": {"Best shared with 100-100% MPS thread%": 28.799499139145404, "Random select collocation": 22.016992435444337, "stage1-shared 100-100% throughput of predicted pairs": 28.799499139145404, "_Threads": 28.799499139145404, "_Compute (SM) Throughput": 28.799499139145404, "_DRAM Throughput": 28.799499139145404, "_Memory Throughput": 22.538107194401057, "_Registers": 23.45500874957787, "_Static Shared Memory": 23.45500874957787, "exclusive_throughput": 28.799499139145404, "sm%": 22.005087777647937, "mem%": 22.538107194401057, "memcap": 28.799499139145404}, "workload2": {"Best shared with 100-100% MPS thread%": 21.35361439175107, "Random select collocation": 14.30833218254242, "stage1-shared 100-100% throughput of predicted pairs": 21.35361439175107, "_Threads": 21.35361439175107, "_Compute (SM) Throughput": 21.35361439175107, "_DRAM Throughput": 21.35361439175107, "_Memory Throughput": 1.5484488905443516, "_Registers": 12.473354775050275, "_Static Shared Memory": 12.473354775050275, "exclusive_throughput": 21.35361439175107, "sm%": 13.501095638651304, "mem%": 1.5484488905443516, "memcap": 21.35361439175107}, "workload1+workload2": {"Best shared with 100-100% MPS thread%": 50.153113530896476, "Random select collocation": 36.32532461798675, "stage1-shared 100-100% throughput of predicted pairs": 50.153113530896476, "_Threads": 50.153113530896476, "_Compute (SM) Throughput": 50.153113530896476, "_DRAM Throughput": 50.153113530896476, "_Memory Throughput": 24.086556084945407, "_Registers": 35.928363524628146, "_Static Shared Memory": 35.928363524628146, "exclusive_throughput": 50.153113530896476, "sm%": 35.50618341629924, "mem%": 24.086556084945407, "memcap": 50.153113530896476}}