mse,r2
0.2514412770043619,0.6921581355355954
