{"workload1": {"Best shared with 100-100% MPS thread%": 60.36331688157317, "stage1-shared 100-100% throughput of predicted pairs": 41.77732471318328}, "workload2": {"Best shared with 100-100% MPS thread%": 3.0695443645083933, "stage1-shared 100-100% throughput of predicted pairs": 3.589574397888485}, "workload1+workload2": {"Best shared with 100-100% MPS thread%": 63.432861246081565, "stage1-shared 100-100% throughput of predicted pairs": 45.366899111071774}}