mse,r2
0.11828975209164524,0.8796349890997294
