mse,r2
0.09722125806771503,0.8988898916095764
