mse,r2
0.22757649911759978,0.7668728545624588
