mse,r2
0.07630999148433887,0.9220663916755688
