mse,r2
0.12686528578330433,0.8680601027853635
