{"workload1": {"Best shared with 100-100% MPS thread%": 23.843547135916385, "Random select collocation": 35.99935884823067, "stage1-shared 100-100% throughput of predicted pairs": 49.52090223013653, "_Threads": 55.36069769646412, "_Compute (SM) Throughput": 49.52090223013653, "_DRAM Throughput": 49.52090223013653, "_Memory Throughput": 49.52090223013653, "_Registers": 55.36069769646412, "_Static Shared Memory": 23.843547135916385, "exclusive_throughput": 23.843547135916385, "sm%": 55.36069769646412, "mem%": 29.918032786885245, "memcap": 49.52090223013653}, "workload2": {"Best shared with 100-100% MPS thread%": 84.82278097546198, "Random select collocation": 47.55508243314324, "stage1-shared 100-100% throughput of predicted pairs": 54.79849231661351, "_Threads": 14.003044140030442, "_Compute (SM) Throughput": 54.79849231661351, "_DRAM Throughput": 54.79849231661351, "_Memory Throughput": 54.79849231661351, "_Registers": 14.003044140030442, "_Static Shared Memory": 84.82278097546198, "exclusive_throughput": 84.82278097546198, "sm%": 14.003044140030442, "mem%": 55.35159559446485, "memcap": 54.79849231661351}, "workload1+workload2": {"Best shared with 100-100% MPS thread%": 108.66632811137836, "Random select collocation": 83.5544412813739, "stage1-shared 100-100% throughput of predicted pairs": 104.31939454675003, "_Threads": 69.36374183649457, "_Compute (SM) Throughput": 104.31939454675003, "_DRAM Throughput": 104.31939454675003, "_Memory Throughput": 104.31939454675003, "_Registers": 69.36374183649457, "_Static Shared Memory": 108.66632811137836, "exclusive_throughput": 108.66632811137836, "sm%": 69.36374183649457, "mem%": 85.26962838135009, "memcap": 104.31939454675003}}