{"workload1": {"Best shared with 100-100% MPS thread%": 55.35159559446485, "Random select collocation": 35.81349068631572, "stage1-shared 100-100% throughput of predicted pairs": 55.35159559446485, "_Threads": 55.35159559446485, "_Compute (SM) Throughput": 55.35159559446485, "_DRAM Throughput": 55.35159559446485, "_Memory Throughput": 55.35159559446485, "_Registers": 55.35159559446485, "_Static Shared Memory": 17.324787369671142, "exclusive_throughput": 55.35159559446485, "sm%": 31.13131853436748, "mem%": 39.446261246759406, "memcap": 55.35159559446485}, "workload2": {"Best shared with 100-100% MPS thread%": 29.918032786885245, "Random select collocation": 23.726932947447878, "stage1-shared 100-100% throughput of predicted pairs": 29.918032786885245, "_Threads": 29.918032786885245, "_Compute (SM) Throughput": 29.918032786885245, "_DRAM Throughput": 29.918032786885245, "_Memory Throughput": 29.918032786885245, "_Registers": 29.918032786885245, "_Static Shared Memory": 3.424276694985491, "exclusive_throughput": 29.918032786885245, "sm%": 21.13183382694309, "mem%": 40.43358848097768, "memcap": 29.918032786885245}, "workload1+workload2": {"Best shared with 100-100% MPS thread%": 85.26962838135009, "Random select collocation": 59.540423633763595, "stage1-shared 100-100% throughput of predicted pairs": 85.26962838135009, "_Threads": 85.26962838135009, "_Compute (SM) Throughput": 85.26962838135009, "_DRAM Throughput": 85.26962838135009, "_Memory Throughput": 85.26962838135009, "_Registers": 85.26962838135009, "_Static Shared Memory": 20.749064064656633, "exclusive_throughput": 85.26962838135009, "sm%": 52.263152361310574, "mem%": 79.87984972773708, "memcap": 85.26962838135009}}