mse,r2
0.162440104178953,0.7927285572542221
