mse,r2
0.12488817566827572,0.8595008023731898
