mse,r2
0.17626502733612873,0.7884819671966455
