{"workload1": {"Best shared with 100-100% MPS thread%": 31.03071335378539, "Random select collocation": 23.43962494620175, "stage1-shared 100-100% throughput of predicted pairs": 28.354682253451063, "_Threads": 31.03071335378539, "_Compute (SM) Throughput": 28.354682253451063, "_DRAM Throughput": 31.03071335378539, "_Memory Throughput": 31.03071335378539, "_Registers": 31.03071335378539, "_Static Shared Memory": 11.811782413568404, "exclusive_throughput": 28.354682253451063, "sm%": 17.335072891258722, "mem%": 31.03071335378539, "memcap": 28.354682253451063}, "workload2": {"Best shared with 100-100% MPS thread%": 21.55379221258535, "Random select collocation": 13.356057352972584, "stage1-shared 100-100% throughput of predicted pairs": 18.33076995511472, "_Threads": 21.55379221258535, "_Compute (SM) Throughput": 18.33076995511472, "_DRAM Throughput": 21.55379221258535, "_Memory Throughput": 21.55379221258535, "_Registers": 21.55379221258535, "_Static Shared Memory": 2.7796848974035977, "exclusive_throughput": 18.33076995511472, "sm%": 17.449377691330405, "mem%": 21.55379221258535, "memcap": 18.33076995511472}, "workload1+workload2": {"Best shared with 100-100% MPS thread%": 52.58450556637074, "Random select collocation": 36.79568229917433, "stage1-shared 100-100% throughput of predicted pairs": 46.685452208565785, "_Threads": 52.58450556637074, "_Compute (SM) Throughput": 46.685452208565785, "_DRAM Throughput": 52.58450556637074, "_Memory Throughput": 52.58450556637074, "_Registers": 52.58450556637074, "_Static Shared Memory": 14.591467310972002, "exclusive_throughput": 46.685452208565785, "sm%": 34.78445058258913, "mem%": 52.58450556637074, "memcap": 46.685452208565785}}