{"workload1": {"Best shared with 100-100% MPS thread%": 3.0695443645083933, "Random select collocation": 3.2536542428897848, "stage1-shared 100-100% throughput of predicted pairs": 3.0695443645083933, "_Threads": 3.313421491979044, "_Compute (SM) Throughput": 3.1421541302185334, "_DRAM Throughput": 3.0695443645083933, "_Memory Throughput": 3.4848264846812835, "_Registers": 3.313421491979044, "_Static Shared Memory": 3.313421491979044, "exclusive_throughput": 3.0695443645083933, "sm%": 3.313421491979044, "mem%": 3.4848264846812835, "memcap": 3.0695443645083933}, "workload2": {"Best shared with 100-100% MPS thread%": 60.36331688157317, "Random select collocation": 15.984243702982699, "stage1-shared 100-100% throughput of predicted pairs": 60.36331688157317, "_Threads": 1.6991106175383557, "_Compute (SM) Throughput": 0.95585192305125, "_DRAM Throughput": 60.36331688157317, "_Memory Throughput": 11.742956903038175, "_Registers": 1.6991106175383557, "_Static Shared Memory": 1.6991106175383557, "exclusive_throughput": 60.36331688157317, "sm%": 1.6991106175383557, "mem%": 11.742956903038175, "memcap": 60.36331688157317}, "workload1+workload2": {"Best shared with 100-100% MPS thread%": 63.432861246081565, "Random select collocation": 19.237897945872483, "stage1-shared 100-100% throughput of predicted pairs": 63.432861246081565, "_Threads": 5.0125321095174, "_Compute (SM) Throughput": 4.098006053269783, "_DRAM Throughput": 63.432861246081565, "_Memory Throughput": 15.227783387719459, "_Registers": 5.0125321095174, "_Static Shared Memory": 5.0125321095174, "exclusive_throughput": 63.432861246081565, "sm%": 5.0125321095174, "mem%": 15.227783387719459, "memcap": 63.432861246081565}}