mse,r2
0.16292907816200985,0.8126165943877985
