mse,r2
0.06281776874470195,0.9329943800056513
