{"workload1": {"Best shared with 100-100% MPS thread%": 11.38203404798116, "Random select collocation": 17.928791936123595, "stage1-shared 100-100% throughput of predicted pairs": 23.56271277206136, "_PCIe read bandwidth": 11.862646213136223, "_PCIe write bandwidth": 11.38203404798116, "_Long_Kernel": 25.095406501628403, "_ave_Kernel_Length": 24.40894568690096, "_long/short_Ratio": 24.40894568690096, "_avg_Thread": 25.095406501628403, "sm%": 21.98371363623284, "mem%": 23.56271277206136, "CPU%": 16.548157724628314, "MainMem%": 24.40894568690096}, "workload2": {"Best shared with 100-100% MPS thread%": 76.38854825787675, "Random select collocation": 24.047709289514938, "stage1-shared 100-100% throughput of predicted pairs": 22.808323862523025, "_PCIe read bandwidth": 23.108624144580133, "_PCIe write bandwidth": 76.38854825787675, "_Long_Kernel": 7.833808420318684, "_ave_Kernel_Length": 9.727855169576204, "_long/short_Ratio": 9.727855169576204, "_avg_Thread": 7.833808420318684, "sm%": 3.2144444824402423, "mem%": 22.808323862523025, "CPU%": 60.86344806023814, "MainMem%": 9.727855169576204}, "workload1+workload2": {"Best shared with 100-100% MPS thread%": 87.77058230585791, "Random select collocation": 41.97650122563853, "stage1-shared 100-100% throughput of predicted pairs": 46.371036634584385, "_PCIe read bandwidth": 34.97127035771636, "_PCIe write bandwidth": 87.77058230585791, "_Long_Kernel": 32.929214921947086, "_ave_Kernel_Length": 34.136800856477166, "_long/short_Ratio": 34.136800856477166, "_avg_Thread": 32.929214921947086, "sm%": 25.19815811867308, "mem%": 46.371036634584385, "CPU%": 77.41160578486645, "MainMem%": 34.136800856477166}}