mse,r2
0.6182735600013312,0.3201799929735089
