mse,r2
0.09449361537432317,0.9013979665659236
