mse,r2
0.11937750246512252,0.856746997041853
