{"workload1": {"Best shared with 100-100% MPS thread%": 30.519055142383724, "Random select collocation": 25.20547259980998, "stage1-shared 100-100% throughput of predicted pairs": 30.519055142383724, "_Threads": 30.519055142383724, "_Compute (SM) Throughput": 30.519055142383724, "_DRAM Throughput": 30.519055142383724, "_Memory Throughput": 28.055331347936207, "_Registers": 30.519055142383724, "_Static Shared Memory": 19.93034812892117, "exclusive_throughput": 28.799499139145404, "sm%": 22.005087777647937, "mem%": 28.055331347936207, "memcap": 28.799499139145404}, "workload2": {"Best shared with 100-100% MPS thread%": 45.71160205858756, "Random select collocation": 14.52281489289175, "stage1-shared 100-100% throughput of predicted pairs": 45.71160205858756, "_Threads": 45.71160205858756, "_Compute (SM) Throughput": 45.71160205858756, "_DRAM Throughput": 45.71160205858756, "_Memory Throughput": 15.52579629728432, "_Registers": 45.71160205858756, "_Static Shared Memory": 4.978957975223757, "exclusive_throughput": 21.35361439175107, "sm%": 13.501095638651304, "mem%": 15.52579629728432, "memcap": 21.35361439175107}, "workload1+workload2": {"Best shared with 100-100% MPS thread%": 76.23065720097128, "Random select collocation": 39.72828749270174, "stage1-shared 100-100% throughput of predicted pairs": 76.23065720097128, "_Threads": 76.23065720097128, "_Compute (SM) Throughput": 76.23065720097128, "_DRAM Throughput": 76.23065720097128, "_Memory Throughput": 43.581127645220526, "_Registers": 76.23065720097128, "_Static Shared Memory": 24.909306104144928, "exclusive_throughput": 50.153113530896476, "sm%": 35.50618341629924, "mem%": 43.581127645220526, "memcap": 50.153113530896476}}