{"workload1": {"Best shared with 100-100% MPS thread%": 81.64121203648692, "Random select collocation": 64.96362542248306, "stage1-shared 100-100% throughput of predicted pairs": 80.92285308483736, "_Threads": 77.98364212986147, "_Compute (SM) Throughput": 80.92285308483736, "_DRAM Throughput": 77.98364212986147, "_Memory Throughput": 77.98364212986147, "_Registers": 77.98364212986147, "_Static Shared Memory": 77.98364212986147, "exclusive_throughput": 41.65255068380793, "sm%": 65.43600661082944, "mem%": 77.98364212986147, "memcap": 72.20216606498194}, "workload2": {"Best shared with 100-100% MPS thread%": 83.04498269896193, "Random select collocation": 48.92580262795164, "stage1-shared 100-100% throughput of predicted pairs": 80.82296944572394, "_Threads": 61.59628967231502, "_Compute (SM) Throughput": 80.82296944572394, "_DRAM Throughput": 61.59628967231502, "_Memory Throughput": 61.59628967231502, "_Registers": 61.59628967231502, "_Static Shared Memory": 61.59628967231502, "exclusive_throughput": 62.87844288147885, "sm%": 5.873819043912105, "mem%": 61.59628967231502, "memcap": 71.39364303178485}, "workload1+workload2": {"Best shared with 100-100% MPS thread%": 164.68619473544885, "Random select collocation": 113.88942805043472, "stage1-shared 100-100% throughput of predicted pairs": 161.7458225305613, "_Threads": 139.57993180217647, "_Compute (SM) Throughput": 161.7458225305613, "_DRAM Throughput": 139.57993180217647, "_Memory Throughput": 139.57993180217647, "_Registers": 139.57993180217647, "_Static Shared Memory": 139.57993180217647, "exclusive_throughput": 104.53099356528678, "sm%": 71.30982565474154, "mem%": 139.57993180217647, "memcap": 143.5958090967668}}