mse,r2
0.20029581522631584,0.7733329899761863
