{"workload1": {"Best shared with 100-100% MPS thread%": 9.729663156598312, "Random select collocation": 12.366373486778116, "stage1-shared 100-100% throughput of predicted pairs": 22.196555014312256, "_Threads": 22.196555014312256, "_Compute (SM) Throughput": 22.196555014312256, "_DRAM Throughput": 22.196555014312256, "_Memory Throughput": 22.196555014312256, "_Registers": 22.196555014312256, "_Static Shared Memory": 4.90239666139081, "exclusive_throughput": 9.729663156598312, "sm%": 19.05522023245373, "mem%": 22.196555014312256, "memcap": 9.729663156598312}, "workload2": {"Best shared with 100-100% MPS thread%": 83.86888306466089, "Random select collocation": 27.600189078301245, "stage1-shared 100-100% throughput of predicted pairs": 69.30105612910882, "_Threads": 69.30105612910882, "_Compute (SM) Throughput": 69.30105612910882, "_DRAM Throughput": 69.30105612910882, "_Memory Throughput": 69.30105612910882, "_Registers": 69.30105612910882, "_Static Shared Memory": 3.700801045380914, "exclusive_throughput": 83.86888306466089, "sm%": 5.126327352618089, "mem%": 69.30105612910882, "memcap": 83.86888306466089}, "workload1+workload2": {"Best shared with 100-100% MPS thread%": 93.5985462212592, "Random select collocation": 39.96656256507936, "stage1-shared 100-100% throughput of predicted pairs": 91.49761114342107, "_Threads": 91.49761114342107, "_Compute (SM) Throughput": 91.49761114342107, "_DRAM Throughput": 91.49761114342107, "_Memory Throughput": 91.49761114342107, "_Registers": 91.49761114342107, "_Static Shared Memory": 8.603197706771724, "exclusive_throughput": 93.5985462212592, "sm%": 24.18154758507182, "mem%": 91.49761114342107, "memcap": 93.5985462212592}}