mse,r2
0.21461466085777686,0.7387270999669371
