mse,r2
0.22978269357924996,0.7449098166320323
