mse,r2
0.18612865943053805,0.7983606189502505
