{"workload1": {"Best shared with 100-100% MPS thread%": 42.27573239522048, "Random select collocation": 26.853238546319893, "stage1-shared 100-100% throughput of predicted pairs": 42.27573239522048, "_Threads": 44.81551032837639, "_Compute (SM) Throughput": 44.81551032837639, "_DRAM Throughput": 44.81551032837639, "_Memory Throughput": 31.224851118622244, "_Registers": 44.81551032837639, "_Static Shared Memory": 28.973963259819783, "exclusive_throughput": 15.085145537959098, "sm%": 44.37666793747617, "mem%": 31.224851118622244, "memcap": 14.920679292752814}, "workload2": {"Best shared with 100-100% MPS thread%": 76.87118482320615, "Random select collocation": 33.222416566142094, "stage1-shared 100-100% throughput of predicted pairs": 76.87118482320615, "_Threads": 66.73332381088416, "_Compute (SM) Throughput": 66.73332381088416, "_DRAM Throughput": 66.73332381088416, "_Memory Throughput": 33.66619115549215, "_Registers": 66.73332381088416, "_Static Shared Memory": 9.358288770053475, "exclusive_throughput": 60.66003409582453, "sm%": 6.896551724137932, "mem%": 33.66619115549215, "memcap": 88.95150695885611}, "workload1+workload2": {"Best shared with 100-100% MPS thread%": 119.14691721842664, "Random select collocation": 60.075655112461995, "stage1-shared 100-100% throughput of predicted pairs": 119.14691721842664, "_Threads": 111.54883413926055, "_Compute (SM) Throughput": 111.54883413926055, "_DRAM Throughput": 111.54883413926055, "_Memory Throughput": 64.8910422741144, "_Registers": 111.54883413926055, "_Static Shared Memory": 38.33225202987326, "exclusive_throughput": 75.74517963378362, "sm%": 51.27321966161411, "mem%": 64.8910422741144, "memcap": 103.87218625160892}}