mse,r2
0.23685682876849334,0.7152907740170179
