mse,r2
0.09278005291664929,0.9023367864035271
