{"workload1": {"Best shared with 100-100% MPS thread%": 85.55836354979306, "stage1-shared 100-100% throughput of predicted pairs": 85.55836354979306}, "workload2": {"Best shared with 100-100% MPS thread%": 65.43844508648831, "stage1-shared 100-100% throughput of predicted pairs": 65.43844508648831}, "workload1+workload2": {"Best shared with 100-100% MPS thread%": 150.99680863628137, "stage1-shared 100-100% throughput of predicted pairs": 150.99680863628137}}