{"workload1": {"Best shared with 100-100% MPS thread%": 85.55836354979306, "Random select collocation": 60.493452842585796, "stage1-shared 100-100% throughput of predicted pairs": 85.55836354979306, "_Threads": 85.55836354979306, "_Compute (SM) Throughput": 40.41189042160482, "_DRAM Throughput": 55.580670489423966, "_Memory Throughput": 53.84845900278924, "_Registers": 85.55836354979306, "_Static Shared Memory": 61.26891704041755, "exclusive_throughput": 40.41189042160482, "sm%": 42.5469911117587, "mem%": 85.55836354979306, "memcap": 55.580670489423966}, "workload2": {"Best shared with 100-100% MPS thread%": 65.43844508648831, "Random select collocation": 36.34707970186591, "stage1-shared 100-100% throughput of predicted pairs": 65.43844508648831, "_Threads": 65.43844508648831, "_Compute (SM) Throughput": 72.32534018607676, "_DRAM Throughput": 57.621744054360136, "_Memory Throughput": 41.41184693342653, "_Registers": 65.43844508648831, "_Static Shared Memory": 5.9886643139771145, "exclusive_throughput": 72.32534018607676, "sm%": 21.71277615937177, "mem%": 65.43844508648831, "memcap": 57.621744054360136}, "workload1+workload2": {"Best shared with 100-100% MPS thread%": 150.99680863628137, "Random select collocation": 96.8405325444517, "stage1-shared 100-100% throughput of predicted pairs": 150.99680863628137, "_Threads": 150.99680863628137, "_Compute (SM) Throughput": 112.73723060768157, "_DRAM Throughput": 113.2024145437841, "_Memory Throughput": 95.26030593621577, "_Registers": 150.99680863628137, "_Static Shared Memory": 67.25758135439466, "exclusive_throughput": 112.73723060768157, "sm%": 64.25976727113047, "mem%": 150.99680863628137, "memcap": 113.2024145437841}}