{"workload1": {"Best shared with 100-100% MPS thread%": 59.77980791754509, "Random select collocation": 45.11945967792218, "stage1-shared 100-100% throughput of predicted pairs": 41.41184693342653, "_Threads": 59.77980791754509, "_Compute (SM) Throughput": 59.77980791754509, "_DRAM Throughput": 59.77980791754509, "_Memory Throughput": 53.82806375751241, "_Registers": 59.77980791754509, "_Static Shared Memory": 59.77980791754509, "exclusive_throughput": 41.41184693342653, "sm%": 31.13131853436748, "mem%": 53.82806375751241, "memcap": 41.41184693342653}, "workload2": {"Best shared with 100-100% MPS thread%": 59.68318855390904, "Random select collocation": 39.045423934185564, "stage1-shared 100-100% throughput of predicted pairs": 53.84845900278924, "_Threads": 59.68318855390904, "_Compute (SM) Throughput": 59.68318855390904, "_DRAM Throughput": 59.68318855390904, "_Memory Throughput": 20.1300498063088, "_Registers": 59.68318855390904, "_Static Shared Memory": 59.68318855390904, "exclusive_throughput": 53.84845900278924, "sm%": 21.13183382694309, "mem%": 20.1300498063088, "memcap": 53.84845900278924}, "workload1+workload2": {"Best shared with 100-100% MPS thread%": 119.46299647145413, "Random select collocation": 84.16488361210774, "stage1-shared 100-100% throughput of predicted pairs": 95.26030593621577, "_Threads": 119.46299647145413, "_Compute (SM) Throughput": 119.46299647145413, "_DRAM Throughput": 119.46299647145413, "_Memory Throughput": 73.95811356382121, "_Registers": 119.46299647145413, "_Static Shared Memory": 119.46299647145413, "exclusive_throughput": 95.26030593621577, "sm%": 52.263152361310574, "mem%": 73.95811356382121, "memcap": 95.26030593621577}}