mse,r2
0.19879429402794932,0.7569057605676729
