mse,r2
0.09490985288612924,0.8995072145911572
