mse,r2
0.07514277010203572,0.9173429528877607
