{"workload1": {"Best shared with 100-100% MPS thread%": 96.2425840474621, "Random select collocation": 71.75568012260075, "stage1-shared 100-100% throughput of predicted pairs": 96.2425840474621, "_Threads": 96.2425840474621, "_Compute (SM) Throughput": 84.82278097546198, "_DRAM Throughput": 96.2425840474621, "_Memory Throughput": 96.2425840474621, "_Registers": 96.2425840474621, "_Static Shared Memory": 96.2425840474621, "exclusive_throughput": 55.580670489423966, "sm%": 61.26891704041755, "mem%": 96.2425840474621, "memcap": 84.82278097546198}, "workload2": {"Best shared with 100-100% MPS thread%": 31.99121809699298, "Random select collocation": 27.198666265174985, "stage1-shared 100-100% throughput of predicted pairs": 31.99121809699298, "_Threads": 31.99121809699298, "_Compute (SM) Throughput": 23.843547135916385, "_DRAM Throughput": 31.99121809699298, "_Memory Throughput": 31.99121809699298, "_Registers": 31.99121809699298, "_Static Shared Memory": 31.99121809699298, "exclusive_throughput": 57.621744054360136, "sm%": 5.9886643139771145, "mem%": 31.99121809699298, "memcap": 23.843547135916385}, "workload1+workload2": {"Best shared with 100-100% MPS thread%": 128.23380214445507, "Random select collocation": 98.95434638777571, "stage1-shared 100-100% throughput of predicted pairs": 128.23380214445507, "_Threads": 128.23380214445507, "_Compute (SM) Throughput": 108.66632811137836, "_DRAM Throughput": 128.23380214445507, "_Memory Throughput": 128.23380214445507, "_Registers": 128.23380214445507, "_Static Shared Memory": 128.23380214445507, "exclusive_throughput": 113.2024145437841, "sm%": 67.25758135439466, "mem%": 128.23380214445507, "memcap": 108.66632811137836}}