{"workload1": {"Best shared with 100-100% MPS thread%": 18.22475608883376, "Random select collocation": 19.28078631543161, "stage1-shared 100-100% throughput of predicted pairs": 18.22475608883376, "_Threads": 22.538107194401057, "_Compute (SM) Throughput": 22.538107194401057, "_DRAM Throughput": 22.538107194401057, "_Memory Throughput": 22.538107194401057, "_Registers": 22.538107194401057, "_Static Shared Memory": 22.538107194401057, "exclusive_throughput": 18.22475608883376, "sm%": 17.07949566306, "mem%": 22.538107194401057, "memcap": 18.22475608883376}, "workload2": {"Best shared with 100-100% MPS thread%": 18.444237940079752, "Random select collocation": 12.84064276326729, "stage1-shared 100-100% throughput of predicted pairs": 18.444237940079752, "_Threads": 1.5484488905443516, "_Compute (SM) Throughput": 1.5484488905443516, "_DRAM Throughput": 1.5484488905443516, "_Memory Throughput": 1.5484488905443516, "_Registers": 1.5484488905443516, "_Static Shared Memory": 1.5484488905443516, "exclusive_throughput": 18.444237940079752, "sm%": 18.529241459177765, "mem%": 1.5484488905443516, "memcap": 18.444237940079752}, "workload1+workload2": {"Best shared with 100-100% MPS thread%": 36.66899402891352, "Random select collocation": 32.121429078698895, "stage1-shared 100-100% throughput of predicted pairs": 36.66899402891352, "_Threads": 24.086556084945407, "_Compute (SM) Throughput": 24.086556084945407, "_DRAM Throughput": 24.086556084945407, "_Memory Throughput": 24.086556084945407, "_Registers": 24.086556084945407, "_Static Shared Memory": 24.086556084945407, "exclusive_throughput": 36.66899402891352, "sm%": 35.60873712223777, "mem%": 24.086556084945407, "memcap": 36.66899402891352}}