{"workload1": {"Best shared with 100-100% MPS thread%": 8.31286604949934, "Random select collocation": 7.150765181738227, "stage1-shared 100-100% throughput of predicted pairs": 5.9886643139771145, "_Threads": 8.31286604949934, "_Compute (SM) Throughput": 8.31286604949934, "_DRAM Throughput": 5.9886643139771145, "_Memory Throughput": 5.9886643139771145, "_Registers": 8.31286604949934, "_Static Shared Memory": 8.31286604949934, "exclusive_throughput": 5.9886643139771145, "sm%": 5.9886643139771145, "mem%": 8.31286604949934, "memcap": 5.9886643139771145}, "workload2": {"Best shared with 100-100% MPS thread%": 61.9341154636442, "Random select collocation": 61.601516252030876, "stage1-shared 100-100% throughput of predicted pairs": 61.26891704041755, "_Threads": 61.9341154636442, "_Compute (SM) Throughput": 61.9341154636442, "_DRAM Throughput": 61.26891704041755, "_Memory Throughput": 61.26891704041755, "_Registers": 61.9341154636442, "_Static Shared Memory": 61.9341154636442, "exclusive_throughput": 61.26891704041755, "sm%": 61.26891704041755, "mem%": 61.9341154636442, "memcap": 61.26891704041755}, "workload1+workload2": {"Best shared with 100-100% MPS thread%": 70.24698151314354, "Random select collocation": 68.7522814337691, "stage1-shared 100-100% throughput of predicted pairs": 67.25758135439466, "_Threads": 70.24698151314354, "_Compute (SM) Throughput": 70.24698151314354, "_DRAM Throughput": 67.25758135439466, "_Memory Throughput": 67.25758135439466, "_Registers": 70.24698151314354, "_Static Shared Memory": 70.24698151314354, "exclusive_throughput": 67.25758135439466, "sm%": 67.25758135439466, "mem%": 70.24698151314354, "memcap": 67.25758135439466}}