mse,r2
0.24090223110608794,0.6612491082275143
