mse,r2
0.19511102394216012,0.764997247760215
