mse,r2
0.5203501849427363,0.45599753392350284
