mse,r2
0.10699064782081104,0.8823102873971078
