mse,r2
0.06748095374270523,0.9257709508830243
