mse,r2
0.15390247207889882,0.8427518220063426
