{"workload1": {"Best shared with 100-100% MPS thread%": 25.52420466630779, "Random select collocation": 17.47613155632615, "stage1-shared 100-100% throughput of predicted pairs": 28.99527983816588, "_PCIe read bandwidth": 12.353409996584311, "_PCIe write bandwidth": 12.097491549546344, "_Long_Kernel": 28.99527983816588, "_ave_Kernel_Length": 28.99527983816588, "_long/short_Ratio": 25.26298521541206, "_avg_Thread": 28.99527983816588, "exclusive_throughput": 12.097491549546344, "sm%": 22.78488562822463, "mem%": 28.99527983816588, "CPU%": 13.501095638651304, "MainMem%": 25.26298521541206}, "workload2": {"Best shared with 100-100% MPS thread%": 66.97823780715083, "Random select collocation": 20.926209172137053, "stage1-shared 100-100% throughput of predicted pairs": 28.829540405785654, "_PCIe read bandwidth": 22.154559953603016, "_PCIe write bandwidth": 73.45565460748706, "_Long_Kernel": 28.829540405785654, "_ave_Kernel_Length": 28.829540405785654, "_long/short_Ratio": 8.035338662179218, "_avg_Thread": 28.829540405785654, "exclusive_throughput": 73.45565460748706, "sm%": 2.920463577383043, "mem%": 28.829540405785654, "CPU%": 22.005087777647937, "MainMem%": 8.035338662179218}, "workload1+workload2": {"Best shared with 100-100% MPS thread%": 92.50244247345861, "Random select collocation": 38.40234072846319, "stage1-shared 100-100% throughput of predicted pairs": 57.824820243951535, "_PCIe read bandwidth": 34.50796995018733, "_PCIe write bandwidth": 85.55314615703341, "_Long_Kernel": 57.824820243951535, "_ave_Kernel_Length": 57.824820243951535, "_long/short_Ratio": 33.29832387759127, "_avg_Thread": 57.824820243951535, "exclusive_throughput": 85.55314615703341, "sm%": 25.70534920560767, "mem%": 57.824820243951535, "CPU%": 35.50618341629924, "MainMem%": 33.29832387759127}}