{"workload1": {"Best shared with 100-100% MPS thread%": 9.53658173148562, "Random select collocation": 9.680619445943396, "stage1-shared 100-100% throughput of predicted pairs": 9.53658173148562, "_PCIe read bandwidth": 9.53658173148562, "_PCIe write bandwidth": 9.53658173148562, "_Long_Kernel": 9.824657160401172, "_ave_Kernel_Length": 9.824657160401172, "_long/short_Ratio": 9.824657160401172, "_avg_Thread": 9.824657160401172, "exclusive_throughput": 9.53658173148562, "sm%": 9.824657160401172, "mem%": 9.53658173148562, "CPU%": 9.824657160401172, "MainMem%": 9.824657160401172}, "workload2": {"Best shared with 100-100% MPS thread%": 49.89640515197471, "Random select collocation": 28.562956829474363, "stage1-shared 100-100% throughput of predicted pairs": 49.89640515197471, "_PCIe read bandwidth": 49.89640515197471, "_PCIe write bandwidth": 49.89640515197471, "_Long_Kernel": 7.229508506974016, "_ave_Kernel_Length": 7.229508506974016, "_long/short_Ratio": 7.229508506974016, "_avg_Thread": 7.229508506974016, "exclusive_throughput": 49.89640515197471, "sm%": 7.229508506974016, "mem%": 49.89640515197471, "CPU%": 7.229508506974016, "MainMem%": 7.229508506974016}, "workload1+workload2": {"Best shared with 100-100% MPS thread%": 59.43298688346033, "Random select collocation": 38.24357627541776, "stage1-shared 100-100% throughput of predicted pairs": 59.43298688346033, "_PCIe read bandwidth": 59.43298688346033, "_PCIe write bandwidth": 59.43298688346033, "_Long_Kernel": 17.054165667375187, "_ave_Kernel_Length": 17.054165667375187, "_long/short_Ratio": 17.054165667375187, "_avg_Thread": 17.054165667375187, "exclusive_throughput": 59.43298688346033, "sm%": 17.054165667375187, "mem%": 59.43298688346033, "CPU%": 17.054165667375187, "MainMem%": 17.054165667375187}}