{"workload1": {"Best shared with 100-100% MPS thread%": 7.033997655334115, "Random select collocation": 5.309317620418452, "stage1-shared 100-100% throughput of predicted pairs": 5.873819043912105, "_PCIe read bandwidth": 5.873819043912105, "_PCIe write bandwidth": 5.595153243050606, "_Long_Kernel": 5.056570381138992, "_ave_Kernel_Length": 6.896551724137932, "_long/short_Ratio": 7.033997655334115, "_avg_Thread": 5.056570381138992, "exclusive_throughput": 7.033997655334115, "sm%": 3.788667717972369, "mem%": 6.896551724137932, "CPU%": 2.920463577383043, "MainMem%": 7.033997655334115}, "workload2": {"Best shared with 100-100% MPS thread%": 85.76883536495814, "Random select collocation": 44.53200006583912, "stage1-shared 100-100% throughput of predicted pairs": 65.43600661082944, "_PCIe read bandwidth": 65.43600661082944, "_PCIe write bandwidth": 75.01123884143601, "_Long_Kernel": 14.496603544457516, "_ave_Kernel_Length": 44.37666793747617, "_long/short_Ratio": 85.76883536495814, "_avg_Thread": 14.496603544457516, "exclusive_throughput": 85.76883536495814, "sm%": 3.849762533491967, "mem%": 44.37666793747617, "CPU%": 22.78488562822463, "MainMem%": 85.76883536495814}, "workload1+workload2": {"Best shared with 100-100% MPS thread%": 92.80283302029225, "Random select collocation": 49.841317686257575, "stage1-shared 100-100% throughput of predicted pairs": 71.30982565474154, "_PCIe read bandwidth": 71.30982565474154, "_PCIe write bandwidth": 80.60639208448661, "_Long_Kernel": 19.553173925596507, "_ave_Kernel_Length": 51.27321966161411, "_long/short_Ratio": 92.80283302029225, "_avg_Thread": 19.553173925596507, "exclusive_throughput": 92.80283302029225, "sm%": 7.638430251464336, "mem%": 51.27321966161411, "CPU%": 25.70534920560767, "MainMem%": 92.80283302029225}}