{"workload1": {"Best shared with 100-100% MPS thread%": 42.27573239522048, "Random select collocation": 26.150719328889494, "stage1-shared 100-100% throughput of predicted pairs": 42.27573239522048, "_PCIe read bandwidth": 14.876920324122594, "_PCIe write bandwidth": 14.920679292752814, "_Long_Kernel": 36.025998142989785, "_ave_Kernel_Length": 11.742956903038175, "_long/short_Ratio": 15.085145537959098, "_avg_Thread": 36.025998142989785, "exclusive_throughput": 15.085145537959098, "sm%": 44.37666793747617, "mem%": 31.224851118622244, "CPU%": 15.52579629728432, "MainMem%": 14.876920324122594}, "workload2": {"Best shared with 100-100% MPS thread%": 76.87118482320615, "Random select collocation": 40.267888530784035, "stage1-shared 100-100% throughput of predicted pairs": 76.87118482320615, "_PCIe read bandwidth": 26.928355040004146, "_PCIe write bandwidth": 88.95150695885611, "_Long_Kernel": 13.576580398812048, "_ave_Kernel_Length": 3.4848264846812835, "_long/short_Ratio": 60.66003409582453, "_avg_Thread": 13.576580398812048, "exclusive_throughput": 60.66003409582453, "sm%": 6.896551724137932, "mem%": 33.66619115549215, "CPU%": 28.055331347936207, "MainMem%": 26.928355040004146}, "workload1+workload2": {"Best shared with 100-100% MPS thread%": 119.14691721842664, "Random select collocation": 66.41860785967353, "stage1-shared 100-100% throughput of predicted pairs": 119.14691721842664, "_PCIe read bandwidth": 41.80527536412674, "_PCIe write bandwidth": 103.87218625160892, "_Long_Kernel": 49.60257854180183, "_ave_Kernel_Length": 15.227783387719459, "_long/short_Ratio": 75.74517963378362, "_avg_Thread": 49.60257854180183, "exclusive_throughput": 75.74517963378362, "sm%": 51.27321966161411, "mem%": 64.8910422741144, "CPU%": 43.581127645220526, "MainMem%": 41.80527536412674}}