mse,r2
0.23970341946422988,0.7323211982300023
