mse,r2
0.08951424924403999,0.9065938268757844
