{"workload1": {"Best shared with 100-100% MPS thread%": 5.135074793480688, "Random select collocation": 10.430631054425255, "stage1-shared 100-100% throughput of predicted pairs": 7.892353473929357, "_Threads": 21.2018567306486, "_Compute (SM) Throughput": 5.135074793480688, "_DRAM Throughput": 21.2018567306486, "_Memory Throughput": 21.2018567306486, "_Registers": 21.2018567306486, "_Static Shared Memory": 7.229508506974016, "exclusive_throughput": 6.373776462554064, "sm%": 14.496603544457516, "mem%": 21.2018567306486, "memcap": 14.003044140030442}, "workload2": {"Best shared with 100-100% MPS thread%": 94.45635032954593, "Random select collocation": 38.66308124712233, "stage1-shared 100-100% throughput of predicted pairs": 84.77282624473798, "_Threads": 49.6261046906866, "_Compute (SM) Throughput": 94.45635032954593, "_DRAM Throughput": 49.6261046906866, "_Memory Throughput": 49.6261046906866, "_Registers": 49.6261046906866, "_Static Shared Memory": 9.824657160401172, "exclusive_throughput": 62.271797135176335, "sm%": 5.056570381138992, "mem%": 49.6261046906866, "memcap": 55.36069769646412}, "workload1+workload2": {"Best shared with 100-100% MPS thread%": 99.59142512302661, "Random select collocation": 49.09371230154758, "stage1-shared 100-100% throughput of predicted pairs": 92.66517971866735, "_Threads": 70.8279614213352, "_Compute (SM) Throughput": 99.59142512302661, "_DRAM Throughput": 70.8279614213352, "_Memory Throughput": 70.8279614213352, "_Registers": 70.8279614213352, "_Static Shared Memory": 17.054165667375187, "exclusive_throughput": 68.6455735977304, "sm%": 19.553173925596507, "mem%": 70.8279614213352, "memcap": 69.36374183649457}}