mse,r2
0.18655900409144924,0.7958078782316946
