mse,r2
0.08883052328509564,0.9088917709896455
