mse,r2
0.11837019325858972,0.8778114134104881
