mse,r2
0.34369662268196893,0.636085928924974
