mse,r2
0.191913399056114,0.7629127823542817
