{"workload1": {"Best shared with 100-100% MPS thread%": 52.61810519682559, "stage1-shared 100-100% throughput of predicted pairs": 52.61810519682559}, "workload2": {"Best shared with 100-100% MPS thread%": 92.6984126984127, "stage1-shared 100-100% throughput of predicted pairs": 92.6984126984127}, "workload1+workload2": {"Best shared with 100-100% MPS thread%": 145.3165178952383, "stage1-shared 100-100% throughput of predicted pairs": 145.3165178952383}}