{"workload1": {"Best shared with 100-100% MPS thread%": 25.52420466630779, "Random select collocation": 20.452982251975477, "stage1-shared 100-100% throughput of predicted pairs": 28.99527983816588, "_Threads": 28.99527983816588, "_Compute (SM) Throughput": 12.097491549546344, "_DRAM Throughput": 28.99527983816588, "_Memory Throughput": 28.99527983816588, "_Registers": 28.99527983816588, "_Static Shared Memory": 28.99527983816588, "exclusive_throughput": 12.097491549546344, "sm%": 22.78488562822463, "mem%": 28.99527983816588, "memcap": 12.097491549546344}, "workload2": {"Best shared with 100-100% MPS thread%": 66.97823780715083, "Random select collocation": 29.464989446688588, "stage1-shared 100-100% throughput of predicted pairs": 28.829540405785654, "_Threads": 28.829540405785654, "_Compute (SM) Throughput": 73.45565460748706, "_DRAM Throughput": 28.829540405785654, "_Memory Throughput": 28.829540405785654, "_Registers": 28.829540405785654, "_Static Shared Memory": 28.829540405785654, "exclusive_throughput": 73.45565460748706, "sm%": 2.920463577383043, "mem%": 28.829540405785654, "memcap": 73.45565460748706}, "workload1+workload2": {"Best shared with 100-100% MPS thread%": 92.50244247345861, "Random select collocation": 49.91797169866407, "stage1-shared 100-100% throughput of predicted pairs": 57.824820243951535, "_Threads": 57.824820243951535, "_Compute (SM) Throughput": 85.55314615703341, "_DRAM Throughput": 57.824820243951535, "_Memory Throughput": 57.824820243951535, "_Registers": 57.824820243951535, "_Static Shared Memory": 57.824820243951535, "exclusive_throughput": 85.55314615703341, "sm%": 25.70534920560767, "mem%": 57.824820243951535, "memcap": 85.55314615703341}}