{"workload1": {"Best shared with 100-100% MPS thread%": 13.794080827644848, "Random select collocation": 27.211200055088224, "stage1-shared 100-100% throughput of predicted pairs": 21.73832123580868, "_Threads": 49.52090223013653, "_Compute (SM) Throughput": 13.794080827644848, "_DRAM Throughput": 49.52090223013653, "_Memory Throughput": 49.52090223013653, "_Registers": 33.01673450927183, "_Static Shared Memory": 33.01673450927183, "exclusive_throughput": 21.73832123580868, "sm%": 21.35361439175107, "mem%": 21.73832123580868, "memcap": 49.52090223013653}, "workload2": {"Best shared with 100-100% MPS thread%": 95.44626593806922, "Random select collocation": 58.3320485709694, "stage1-shared 100-100% throughput of predicted pairs": 62.09865217698116, "_Threads": 54.79849231661351, "_Compute (SM) Throughput": 95.44626593806922, "_DRAM Throughput": 54.79849231661351, "_Memory Throughput": 54.79849231661351, "_Registers": 24.02660087954521, "_Static Shared Memory": 24.02660087954521, "exclusive_throughput": 62.09865217698116, "sm%": 28.799499139145404, "mem%": 62.09865217698116, "memcap": 54.79849231661351}, "workload1+workload2": {"Best shared with 100-100% MPS thread%": 109.24034676571407, "Random select collocation": 85.54324862605766, "stage1-shared 100-100% throughput of predicted pairs": 83.83697341278985, "_Threads": 104.31939454675003, "_Compute (SM) Throughput": 109.24034676571407, "_DRAM Throughput": 104.31939454675003, "_Memory Throughput": 104.31939454675003, "_Registers": 57.04333538881704, "_Static Shared Memory": 57.04333538881704, "exclusive_throughput": 83.83697341278985, "sm%": 50.153113530896476, "mem%": 83.83697341278985, "memcap": 104.31939454675003}}