{"workload1": {"Best shared with 100-100% MPS thread%": 3.4848264846812835, "Random select collocation": 3.3899894882206127, "stage1-shared 100-100% throughput of predicted pairs": 3.700801045380914, "_Threads": 3.714731591494414, "_Compute (SM) Throughput": 3.1421541302185334, "_DRAM Throughput": 3.4848264846812835, "_Memory Throughput": 3.4848264846812835, "_Registers": 3.714731591494414, "_Static Shared Memory": 2.907434189327918, "exclusive_throughput": 3.700801045380914, "sm%": 3.714731591494414, "mem%": 3.4848264846812835, "memcap": 3.700801045380914}, "workload2": {"Best shared with 100-100% MPS thread%": 11.742956903038175, "Random select collocation": 5.009851199493337, "stage1-shared 100-100% throughput of predicted pairs": 4.90239666139081, "_Threads": 4.197695002352801, "_Compute (SM) Throughput": 0.95585192305125, "_DRAM Throughput": 11.742956903038175, "_Memory Throughput": 11.742956903038175, "_Registers": 4.197695002352801, "_Static Shared Memory": 3.2503555076336474, "exclusive_throughput": 4.90239666139081, "sm%": 4.197695002352801, "mem%": 11.742956903038175, "memcap": 4.90239666139081}, "workload1+workload2": {"Best shared with 100-100% MPS thread%": 15.227783387719459, "Random select collocation": 8.399840687713949, "stage1-shared 100-100% throughput of predicted pairs": 8.603197706771724, "_Threads": 7.912426593847215, "_Compute (SM) Throughput": 4.098006053269783, "_DRAM Throughput": 15.227783387719459, "_Memory Throughput": 15.227783387719459, "_Registers": 7.912426593847215, "_Static Shared Memory": 6.157789696961565, "exclusive_throughput": 8.603197706771724, "sm%": 7.912426593847215, "mem%": 15.227783387719459, "memcap": 8.603197706771724}}