mse,r2
0.14036450170691042,0.83426371603216
