mse,r2
0.12375992231146159,0.870614626674381
