mse,r2
0.14141263852135222,0.8444460976265126
