mse,r2
0.6056985251348798,0.37186819615642097
