mse,r2
0.07780565513109926,0.9190821186636569
