{"workload1": {"Best shared with 100-100% MPS thread%": 16.371572525807245, "Random select collocation": 22.398273741995585, "stage1-shared 100-100% throughput of predicted pairs": 29.40360610263523, "_PCIe read bandwidth": 17.335072891258722, "_PCIe write bandwidth": 16.371572525807245, "_Long_Kernel": 28.53008448863371, "_ave_Kernel_Length": 28.69084237968468, "_long/short_Ratio": 28.69084237968468, "_avg_Thread": 28.53008448863371, "sm%": 26.24167067390259, "mem%": 29.40360610263523, "CPU%": 21.71277615937177, "MainMem%": 28.354682253451063}, "workload2": {"Best shared with 100-100% MPS thread%": 59.896667991436, "Random select collocation": 19.455571010906205, "stage1-shared 100-100% throughput of predicted pairs": 41.937452874223546, "_PCIe read bandwidth": 17.449377691330405, "_PCIe write bandwidth": 59.896667991436, "_Long_Kernel": 5.127782508767592, "_ave_Kernel_Length": 5.291518333310246, "_long/short_Ratio": 5.291518333310246, "_avg_Thread": 5.127782508767592, "sm%": 1.9816984321268287, "mem%": 41.937452874223546, "CPU%": 42.5469911117587, "MainMem%": 18.33076995511472}, "workload1+workload2": {"Best shared with 100-100% MPS thread%": 76.26824051724324, "Random select collocation": 41.8538447529018, "stage1-shared 100-100% throughput of predicted pairs": 71.34105897685878, "_PCIe read bandwidth": 34.78445058258913, "_PCIe write bandwidth": 76.26824051724324, "_Long_Kernel": 33.65786699740131, "_ave_Kernel_Length": 33.982360712994925, "_long/short_Ratio": 33.982360712994925, "_avg_Thread": 33.65786699740131, "sm%": 28.22336910602942, "mem%": 71.34105897685878, "CPU%": 64.25976727113047, "MainMem%": 46.685452208565785}}