{"workload1": {"Best shared with 100-100% MPS thread%": 83.04498269896193, "Random select collocation": 65.60794763695269, "stage1-shared 100-100% throughput of predicted pairs": 81.52278407998462, "_PCIe read bandwidth": 52.61810519682559, "_PCIe write bandwidth": 52.61810519682559, "_Long_Kernel": 81.52278407998462, "_ave_Kernel_Length": 81.52278407998462, "_long/short_Ratio": 67.33929086191986, "_avg_Thread": 81.52278407998462, "sm%": 66.97823780715083, "mem%": 81.52278407998462, "CPU%": 58.51630114853271, "MainMem%": 79.56139232436567}, "workload2": {"Best shared with 100-100% MPS thread%": 81.64121203648692, "Random select collocation": 41.25472522409164, "stage1-shared 100-100% throughput of predicted pairs": 58.77025259132535, "_PCIe read bandwidth": 92.6984126984127, "_PCIe write bandwidth": 92.6984126984127, "_Long_Kernel": 58.77025259132535, "_ave_Kernel_Length": 58.77025259132535, "_long/short_Ratio": 2.717503191007535, "_avg_Thread": 58.77025259132535, "sm%": 25.52420466630779, "mem%": 58.77025259132535, "CPU%": 29.28171366807507, "MainMem%": 68.61708377393961}, "workload1+workload2": {"Best shared with 100-100% MPS thread%": 164.68619473544885, "Random select collocation": 106.8626728610443, "stage1-shared 100-100% throughput of predicted pairs": 140.29303667130998, "_PCIe read bandwidth": 145.3165178952383, "_PCIe write bandwidth": 145.3165178952383, "_Long_Kernel": 140.29303667130998, "_ave_Kernel_Length": 140.29303667130998, "_long/short_Ratio": 70.0567940529274, "_avg_Thread": 140.29303667130998, "sm%": 92.50244247345861, "mem%": 140.29303667130998, "CPU%": 87.79801481660778, "MainMem%": 148.17847609830528}}