{"workload1": {"Best shared with 100-100% MPS thread%": 81.64121203648692, "Random select collocation": 59.95725751527498, "stage1-shared 100-100% throughput of predicted pairs": 77.98364212986147, "_PCIe read bandwidth": 41.937452874223546, "_PCIe write bandwidth": 38.74561084877104, "_Long_Kernel": 77.98364212986147, "_ave_Kernel_Length": 77.98364212986147, "_long/short_Ratio": 59.948161264659845, "_avg_Thread": 77.98364212986147, "sm%": 65.43600661082944, "mem%": 77.98364212986147, "CPU%": 52.56636503585777, "MainMem%": 41.937452874223546}, "workload2": {"Best shared with 100-100% MPS thread%": 83.04498269896193, "Random select collocation": 49.73725763889961, "stage1-shared 100-100% throughput of predicted pairs": 61.59628967231502, "_PCIe read bandwidth": 29.40360610263523, "_PCIe write bandwidth": 96.51496684363832, "_Long_Kernel": 61.59628967231502, "_ave_Kernel_Length": 61.59628967231502, "_long/short_Ratio": 2.9890744176458464, "_avg_Thread": 61.59628967231502, "sm%": 5.873819043912105, "mem%": 61.59628967231502, "CPU%": 90.29066171923314, "MainMem%": 29.40360610263523}, "workload1+workload2": {"Best shared with 100-100% MPS thread%": 164.68619473544885, "Random select collocation": 109.69451515417462, "stage1-shared 100-100% throughput of predicted pairs": 139.57993180217647, "_PCIe read bandwidth": 71.34105897685878, "_PCIe write bandwidth": 135.26057769240936, "_Long_Kernel": 139.57993180217647, "_ave_Kernel_Length": 139.57993180217647, "_long/short_Ratio": 62.93723568230569, "_avg_Thread": 139.57993180217647, "sm%": 71.30982565474154, "mem%": 139.57993180217647, "CPU%": 142.8570267550909, "MainMem%": 71.34105897685878}}