mse,r2
0.779012826447501,0.1399817701832317
