{"workload1": {"Best shared with 100-100% MPS thread%": 16.371572525807245, "Random select collocation": 21.905021496754966, "stage1-shared 100-100% throughput of predicted pairs": 31.03071335378539, "_Threads": 31.03071335378539, "_Compute (SM) Throughput": 16.371572525807245, "_DRAM Throughput": 31.03071335378539, "_Memory Throughput": 31.03071335378539, "_Registers": 31.03071335378539, "_Static Shared Memory": 11.811782413568404, "exclusive_throughput": 16.371572525807245, "sm%": 22.154559953603016, "mem%": 31.03071335378539, "memcap": 21.71277615937177}, "workload2": {"Best shared with 100-100% MPS thread%": 59.896667991436, "Random select collocation": 18.815402650466858, "stage1-shared 100-100% throughput of predicted pairs": 21.55379221258535, "_Threads": 21.55379221258535, "_Compute (SM) Throughput": 59.896667991436, "_DRAM Throughput": 21.55379221258535, "_Memory Throughput": 21.55379221258535, "_Registers": 21.55379221258535, "_Static Shared Memory": 2.7796848974035977, "exclusive_throughput": 59.896667991436, "sm%": 12.353409996584311, "mem%": 21.55379221258535, "memcap": 42.5469911117587}, "workload1+workload2": {"Best shared with 100-100% MPS thread%": 76.26824051724324, "Random select collocation": 40.72042414722182, "stage1-shared 100-100% throughput of predicted pairs": 52.58450556637074, "_Threads": 52.58450556637074, "_Compute (SM) Throughput": 76.26824051724324, "_DRAM Throughput": 52.58450556637074, "_Memory Throughput": 52.58450556637074, "_Registers": 52.58450556637074, "_Static Shared Memory": 14.591467310972002, "exclusive_throughput": 76.26824051724324, "sm%": 34.50796995018733, "mem%": 52.58450556637074, "memcap": 64.25976727113047}}