mse,r2
0.2136377081971854,0.7593587673569049
