{"workload1": {"Best shared with 100-100% MPS thread%": 85.76883536495814, "stage1-shared 100-100% throughput of predicted pairs": 75.01123884143601}, "workload2": {"Best shared with 100-100% MPS thread%": 7.033997655334115, "stage1-shared 100-100% throughput of predicted pairs": 5.595153243050606}, "workload1+workload2": {"Best shared with 100-100% MPS thread%": 92.80283302029225, "stage1-shared 100-100% throughput of predicted pairs": 80.60639208448661}}