mse,r2
0.1847391234522522,0.8010501747437284
