{"workload1": {"Best shared with 100-100% MPS thread%": 57.9242967132425, "stage1-shared 100-100% throughput of predicted pairs": 57.9242967132425}, "workload2": {"Best shared with 100-100% MPS thread%": 6.143275740123269, "stage1-shared 100-100% throughput of predicted pairs": 6.143275740123269}, "workload1+workload2": {"Best shared with 100-100% MPS thread%": 64.06757245336577, "stage1-shared 100-100% throughput of predicted pairs": 64.06757245336577}}