mse,r2
0.21376474725182923,0.7576380393610604
