{"workload1": {"Best shared with 100-100% MPS thread%": 13.794080827644848, "Random select collocation": 27.211200055088224, "stage1-shared 100-100% throughput of predicted pairs": 49.52090223013653, "_PCIe read bandwidth": 13.794080827644848, "_PCIe write bandwidth": 13.794080827644848, "_Long_Kernel": 49.52090223013653, "_ave_Kernel_Length": 49.52090223013653, "_long/short_Ratio": 21.73832123580868, "_avg_Thread": 49.52090223013653, "sm%": 21.35361439175107, "mem%": 21.73832123580868, "CPU%": 23.843547135916385, "MainMem%": 49.52090223013653}, "workload2": {"Best shared with 100-100% MPS thread%": 95.44626593806922, "Random select collocation": 58.3320485709694, "stage1-shared 100-100% throughput of predicted pairs": 54.79849231661351, "_PCIe read bandwidth": 95.44626593806922, "_PCIe write bandwidth": 95.44626593806922, "_Long_Kernel": 54.79849231661351, "_ave_Kernel_Length": 54.79849231661351, "_long/short_Ratio": 62.09865217698116, "_avg_Thread": 54.79849231661351, "sm%": 28.799499139145404, "mem%": 62.09865217698116, "CPU%": 84.82278097546198, "MainMem%": 54.79849231661351}, "workload1+workload2": {"Best shared with 100-100% MPS thread%": 109.24034676571407, "Random select collocation": 85.54324862605766, "stage1-shared 100-100% throughput of predicted pairs": 104.31939454675003, "_PCIe read bandwidth": 109.24034676571407, "_PCIe write bandwidth": 109.24034676571407, "_Long_Kernel": 104.31939454675003, "_ave_Kernel_Length": 104.31939454675003, "_long/short_Ratio": 83.83697341278985, "_avg_Thread": 104.31939454675003, "sm%": 50.153113530896476, "mem%": 83.83697341278985, "CPU%": 108.66632811137836, "MainMem%": 104.31939454675003}}