{"workload1": {"Best shared with 100-100% MPS thread%": 83.04498269896193, "Random select collocation": 72.50163273697419, "stage1-shared 100-100% throughput of predicted pairs": 83.04498269896193, "_PCIe read bandwidth": 52.61810519682559, "_PCIe write bandwidth": 52.61810519682559, "_Long_Kernel": 78.86696264285352, "_ave_Kernel_Length": 78.23043820431674, "_long/short_Ratio": 78.23043820431674, "_avg_Thread": 78.86696264285352, "sm%": 66.97823780715083, "mem%": 76.87118482320615, "CPU%": 66.97823780715083, "MainMem%": 78.23043820431674}, "workload2": {"Best shared with 100-100% MPS thread%": 81.64121203648692, "Random select collocation": 43.455777453174, "stage1-shared 100-100% throughput of predicted pairs": 81.64121203648692, "_PCIe read bandwidth": 92.6984126984127, "_PCIe write bandwidth": 92.6984126984127, "_Long_Kernel": 19.00976676833965, "_ave_Kernel_Length": 21.32138453673353, "_long/short_Ratio": 21.32138453673353, "_avg_Thread": 19.00976676833965, "sm%": 25.52420466630779, "mem%": 42.27573239522048, "CPU%": 25.52420466630779, "MainMem%": 21.32138453673353}, "workload1+workload2": {"Best shared with 100-100% MPS thread%": 164.68619473544885, "Random select collocation": 115.9574101901482, "stage1-shared 100-100% throughput of predicted pairs": 164.68619473544885, "_PCIe read bandwidth": 145.3165178952383, "_PCIe write bandwidth": 145.3165178952383, "_Long_Kernel": 97.87672941119317, "_ave_Kernel_Length": 99.55182274105027, "_long/short_Ratio": 99.55182274105027, "_avg_Thread": 97.87672941119317, "sm%": 92.50244247345861, "mem%": 119.14691721842664, "CPU%": 92.50244247345861, "MainMem%": 99.55182274105027}}