{"workload1": {"Best shared with 100-100% MPS thread%": 41.31169170922575, "Random select collocation": 51.70517194310345, "stage1-shared 100-100% throughput of predicted pairs": 62.09865217698116, "_PCIe read bandwidth": 41.31169170922575, "_PCIe write bandwidth": 41.31169170922575, "_Long_Kernel": 62.09865217698116, "_ave_Kernel_Length": 62.09865217698116, "_long/short_Ratio": 62.09865217698116, "_avg_Thread": 62.09865217698116, "sm%": 41.31169170922575, "mem%": 41.31169170922575, "CPU%": 41.31169170922575, "MainMem%": 62.09865217698116}, "workload2": {"Best shared with 100-100% MPS thread%": 54.48460040350325, "Random select collocation": 38.11146081965597, "stage1-shared 100-100% throughput of predicted pairs": 21.73832123580868, "_PCIe read bandwidth": 54.48460040350325, "_PCIe write bandwidth": 54.48460040350325, "_Long_Kernel": 21.73832123580868, "_ave_Kernel_Length": 21.73832123580868, "_long/short_Ratio": 21.73832123580868, "_avg_Thread": 21.73832123580868, "sm%": 54.48460040350325, "mem%": 54.48460040350325, "CPU%": 54.48460040350325, "MainMem%": 21.73832123580868}, "workload1+workload2": {"Best shared with 100-100% MPS thread%": 95.79629211272899, "Random select collocation": 89.81663276275941, "stage1-shared 100-100% throughput of predicted pairs": 83.83697341278985, "_PCIe read bandwidth": 95.79629211272899, "_PCIe write bandwidth": 95.79629211272899, "_Long_Kernel": 83.83697341278985, "_ave_Kernel_Length": 83.83697341278985, "_long/short_Ratio": 83.83697341278985, "_avg_Thread": 83.83697341278985, "sm%": 95.79629211272899, "mem%": 95.79629211272899, "CPU%": 95.79629211272899, "MainMem%": 83.83697341278985}}