{"workload1": {"Best shared with 100-100% MPS thread%": 42.27573239522048, "Random select collocation": 24.331798477342456, "stage1-shared 100-100% throughput of predicted pairs": 42.27573239522048, "_PCIe read bandwidth": 14.920679292752814, "_PCIe write bandwidth": 14.920679292752814, "_Long_Kernel": 36.025998142989785, "_ave_Kernel_Length": 11.742956903038175, "_long/short_Ratio": 11.742956903038175, "_avg_Thread": 36.025998142989785, "sm%": 36.025998142989785, "mem%": 31.224851118622244, "CPU%": 15.52579629728432, "MainMem%": 36.025998142989785}, "workload2": {"Best shared with 100-100% MPS thread%": 76.87118482320615, "Random select collocation": 40.24954971231972, "stage1-shared 100-100% throughput of predicted pairs": 76.87118482320615, "_PCIe read bandwidth": 88.95150695885611, "_PCIe write bandwidth": 88.95150695885611, "_Long_Kernel": 13.576580398812048, "_ave_Kernel_Length": 3.4848264846812835, "_long/short_Ratio": 3.4848264846812835, "_avg_Thread": 13.576580398812048, "sm%": 13.576580398812048, "mem%": 33.66619115549215, "CPU%": 28.055331347936207, "MainMem%": 13.576580398812048}, "workload1+workload2": {"Best shared with 100-100% MPS thread%": 119.14691721842664, "Random select collocation": 64.58134818966218, "stage1-shared 100-100% throughput of predicted pairs": 119.14691721842664, "_PCIe read bandwidth": 103.87218625160892, "_PCIe write bandwidth": 103.87218625160892, "_Long_Kernel": 49.60257854180183, "_ave_Kernel_Length": 15.227783387719459, "_long/short_Ratio": 15.227783387719459, "_avg_Thread": 49.60257854180183, "sm%": 49.60257854180183, "mem%": 64.8910422741144, "CPU%": 43.581127645220526, "MainMem%": 49.60257854180183}}