{"workload1": {"Best shared with 100-100% MPS thread%": 3.4848264846812835, "Random select collocation": 3.3899894882206127, "stage1-shared 100-100% throughput of predicted pairs": 3.4848264846812835, "_PCIe read bandwidth": 2.907434189327918, "_PCIe write bandwidth": 2.907434189327918, "_Long_Kernel": 3.714731591494414, "_ave_Kernel_Length": 3.700801045380914, "_long/short_Ratio": 3.700801045380914, "_avg_Thread": 3.714731591494414, "sm%": 3.714731591494414, "mem%": 3.4848264846812835, "CPU%": 3.700801045380914, "MainMem%": 3.700801045380914}, "workload2": {"Best shared with 100-100% MPS thread%": 11.742956903038175, "Random select collocation": 5.009851199493337, "stage1-shared 100-100% throughput of predicted pairs": 11.742956903038175, "_PCIe read bandwidth": 3.2503555076336474, "_PCIe write bandwidth": 3.2503555076336474, "_Long_Kernel": 4.197695002352801, "_ave_Kernel_Length": 4.90239666139081, "_long/short_Ratio": 4.90239666139081, "_avg_Thread": 4.197695002352801, "sm%": 4.197695002352801, "mem%": 11.742956903038175, "CPU%": 4.90239666139081, "MainMem%": 4.90239666139081}, "workload1+workload2": {"Best shared with 100-100% MPS thread%": 15.227783387719459, "Random select collocation": 8.399840687713949, "stage1-shared 100-100% throughput of predicted pairs": 15.227783387719459, "_PCIe read bandwidth": 6.157789696961565, "_PCIe write bandwidth": 6.157789696961565, "_Long_Kernel": 7.912426593847215, "_ave_Kernel_Length": 8.603197706771724, "_long/short_Ratio": 8.603197706771724, "_avg_Thread": 7.912426593847215, "sm%": 7.912426593847215, "mem%": 15.227783387719459, "CPU%": 8.603197706771724, "MainMem%": 8.603197706771724}}