mse,r2
0.4773691382595491,0.4205869275057973
