mse,r2
0.23025310000773078,0.7505591416582916
