mse,r2
0.1009499080271504,0.893736938918789
