mse,r2
0.2616059738656231,0.7209536278766688
