{"workload1": {"Best shared with 100-100% MPS thread%": 68.61708377393961, "Random select collocation": 38.80218667337845, "stage1-shared 100-100% throughput of predicted pairs": 13.794080827644848, "_Threads": 85.76883536495814, "_Compute (SM) Throughput": 13.794080827644848, "_DRAM Throughput": 49.52090223013653, "_Memory Throughput": 48.57356732928554, "_Registers": 85.76883536495814, "_Static Shared Memory": 85.76883536495814, "exclusive_throughput": 21.73832123580868, "sm%": 85.76883536495814, "mem%": 48.57356732928554, "memcap": 49.52090223013653}, "workload2": {"Best shared with 100-100% MPS thread%": 79.56139232436567, "Random select collocation": 47.55014291254792, "stage1-shared 100-100% throughput of predicted pairs": 95.44626593806922, "_Threads": 7.033997655334115, "_Compute (SM) Throughput": 95.44626593806922, "_DRAM Throughput": 54.79849231661351, "_Memory Throughput": 35.52348574203844, "_Registers": 7.033997655334115, "_Static Shared Memory": 7.033997655334115, "exclusive_throughput": 62.09865217698116, "sm%": 7.033997655334115, "mem%": 35.52348574203844, "memcap": 54.79849231661351}, "workload1+workload2": {"Best shared with 100-100% MPS thread%": 148.17847609830528, "Random select collocation": 86.35232958592637, "stage1-shared 100-100% throughput of predicted pairs": 109.24034676571407, "_Threads": 92.80283302029225, "_Compute (SM) Throughput": 109.24034676571407, "_DRAM Throughput": 104.31939454675003, "_Memory Throughput": 84.09705307132398, "_Registers": 92.80283302029225, "_Static Shared Memory": 92.80283302029225, "exclusive_throughput": 83.83697341278985, "sm%": 92.80283302029225, "mem%": 84.09705307132398, "memcap": 104.31939454675003}}