mse,r2
0.14541389230039412,0.8384520933874132
