mse,r2
0.1969567138010973,0.7991041519228808
