mse,r2
0.257434830937508,0.705788764642848
