mse,r2
1.9770946030686775e+26,-2.12917880330473e+26
