{"workload1": {"Best shared with 100-100% MPS thread%": 6.350704020902889, "Random select collocation": 11.588375259890803, "stage1-shared 100-100% throughput of predicted pairs": 6.350704020902889, "_Threads": 23.80952380952381, "_Compute (SM) Throughput": 22.196555014312256, "_DRAM Throughput": 23.80952380952381, "_Memory Throughput": 23.80952380952381, "_Registers": 23.80952380952381, "_Static Shared Memory": 4.90239666139081, "exclusive_throughput": 7.720493621401698, "sm%": 8.035338662179218, "mem%": 23.80952380952381, "memcap": 9.729663156598312}, "workload2": {"Best shared with 100-100% MPS thread%": 93.996459037502, "Random select collocation": 42.822934903225025, "stage1-shared 100-100% throughput of predicted pairs": 93.996459037502, "_Threads": 47.0360824742268, "_Compute (SM) Throughput": 69.30105612910882, "_DRAM Throughput": 47.0360824742268, "_Memory Throughput": 47.0360824742268, "_Registers": 47.0360824742268, "_Static Shared Memory": 3.700801045380914, "exclusive_throughput": 61.38835783505834, "sm%": 25.26298521541206, "mem%": 47.0360824742268, "memcap": 83.86888306466089}, "workload1+workload2": {"Best shared with 100-100% MPS thread%": 100.3471630584049, "Random select collocation": 54.411310163115836, "stage1-shared 100-100% throughput of predicted pairs": 100.3471630584049, "_Threads": 70.84560628375061, "_Compute (SM) Throughput": 91.49761114342107, "_DRAM Throughput": 70.84560628375061, "_Memory Throughput": 70.84560628375061, "_Registers": 70.84560628375061, "_Static Shared Memory": 8.603197706771724, "exclusive_throughput": 69.10885145646004, "sm%": 33.29832387759127, "mem%": 70.84560628375061, "memcap": 93.5985462212592}}