{"workload1": {"Best shared with 100-100% MPS thread%": 81.64121203648692, "Random select collocation": 65.75091081726056, "stage1-shared 100-100% throughput of predicted pairs": 80.92285308483736, "_Threads": 80.92285308483736, "_Compute (SM) Throughput": 80.92285308483736, "_DRAM Throughput": 80.92285308483736, "_Memory Throughput": 80.92285308483736, "_Registers": 80.92285308483736, "_Static Shared Memory": 80.92285308483736, "exclusive_throughput": 52.56636503585777, "sm%": 65.43600661082944, "mem%": 81.64121203648692, "memcap": 52.56636503585777}, "workload2": {"Best shared with 100-100% MPS thread%": 83.04498269896193, "Random select collocation": 49.045309228971306, "stage1-shared 100-100% throughput of predicted pairs": 80.82296944572394, "_Threads": 80.82296944572394, "_Compute (SM) Throughput": 80.82296944572394, "_DRAM Throughput": 80.82296944572394, "_Memory Throughput": 80.82296944572394, "_Registers": 80.82296944572394, "_Static Shared Memory": 80.82296944572394, "exclusive_throughput": 90.29066171923314, "sm%": 5.873819043912105, "mem%": 83.04498269896193, "memcap": 90.29066171923314}, "workload1+workload2": {"Best shared with 100-100% MPS thread%": 164.68619473544885, "Random select collocation": 114.79622004623187, "stage1-shared 100-100% throughput of predicted pairs": 161.7458225305613, "_Threads": 161.7458225305613, "_Compute (SM) Throughput": 161.7458225305613, "_DRAM Throughput": 161.7458225305613, "_Memory Throughput": 161.7458225305613, "_Registers": 161.7458225305613, "_Static Shared Memory": 161.7458225305613, "exclusive_throughput": 142.8570267550909, "sm%": 71.30982565474154, "mem%": 164.68619473544885, "memcap": 142.8570267550909}}