mse,r2
0.42991888802957634,0.4862079724320081
