mse,r2
0.07213100756522847,0.9263342901461497
