mse,r2
0.3006597367428319,0.6877764272285977
