mse,r2
0.13427989637952759,0.8596164719668575
