mse,r2
0.6153873850005509,0.3538432457494215
