mse,r2
0.06767112879756103,0.9291064364977932
