mse,r2
0.2796932234794899,0.6961484296971483
