mse,r2
0.4405349334244579,0.536279017447939
