{"workload1": {"Best shared with 100-100% MPS thread%": 85.55836354979306, "Random select collocation": 64.46557853201651, "stage1-shared 100-100% throughput of predicted pairs": 40.41189042160482, "_Threads": 96.2425840474621, "_Compute (SM) Throughput": 40.41189042160482, "_DRAM Throughput": 96.2425840474621, "_Memory Throughput": 96.2425840474621, "_Registers": 96.2425840474621, "_Static Shared Memory": 96.2425840474621, "exclusive_throughput": 40.41189042160482, "sm%": 42.5469911117587, "mem%": 96.2425840474621, "memcap": 55.580670489423966}, "workload2": {"Best shared with 100-100% MPS thread%": 65.43844508648831, "Random select collocation": 35.863095079102244, "stage1-shared 100-100% throughput of predicted pairs": 72.32534018607676, "_Threads": 31.99121809699298, "_Compute (SM) Throughput": 72.32534018607676, "_DRAM Throughput": 31.99121809699298, "_Memory Throughput": 31.99121809699298, "_Registers": 31.99121809699298, "_Static Shared Memory": 31.99121809699298, "exclusive_throughput": 72.32534018607676, "sm%": 21.71277615937177, "mem%": 31.99121809699298, "memcap": 57.621744054360136}, "workload1+workload2": {"Best shared with 100-100% MPS thread%": 150.99680863628137, "Random select collocation": 100.32867361111873, "stage1-shared 100-100% throughput of predicted pairs": 112.73723060768157, "_Threads": 128.23380214445507, "_Compute (SM) Throughput": 112.73723060768157, "_DRAM Throughput": 128.23380214445507, "_Memory Throughput": 128.23380214445507, "_Registers": 128.23380214445507, "_Static Shared Memory": 128.23380214445507, "exclusive_throughput": 112.73723060768157, "sm%": 64.25976727113047, "mem%": 128.23380214445507, "memcap": 113.2024145437841}}