{"workload1": {"Best shared with 100-100% MPS thread%": 79.89192701653585, "Random select collocation": 66.0034116047177, "stage1-shared 100-100% throughput of predicted pairs": 52.61810519682559, "_Threads": 75.01123884143601, "_Compute (SM) Throughput": 52.61810519682559, "_DRAM Throughput": 65.43844508648831, "_Memory Throughput": 76.87118482320615, "_Registers": 75.01123884143601, "_Static Shared Memory": 25.513651201259115, "exclusive_throughput": 62.26737884110588, "sm%": 75.01123884143601, "mem%": 76.87118482320615, "memcap": 65.43844508648831}, "workload2": {"Best shared with 100-100% MPS thread%": 80.02237467713012, "Random select collocation": 44.88444482708124, "stage1-shared 100-100% throughput of predicted pairs": 92.6984126984127, "_Threads": 5.595153243050606, "_Compute (SM) Throughput": 92.6984126984127, "_DRAM Throughput": 85.55836354979306, "_Memory Throughput": 42.27573239522048, "_Registers": 5.595153243050606, "_Static Shared Memory": 3.8681796890346174, "exclusive_throughput": 61.571012959534514, "sm%": 5.595153243050606, "mem%": 42.27573239522048, "memcap": 85.55836354979306}, "workload1+workload2": {"Best shared with 100-100% MPS thread%": 159.91430169366595, "Random select collocation": 110.88785643179894, "stage1-shared 100-100% throughput of predicted pairs": 145.3165178952383, "_Threads": 80.60639208448661, "_Compute (SM) Throughput": 145.3165178952383, "_DRAM Throughput": 150.99680863628137, "_Memory Throughput": 119.14691721842664, "_Registers": 80.60639208448661, "_Static Shared Memory": 29.381830890293735, "exclusive_throughput": 123.8383918006404, "sm%": 80.60639208448661, "mem%": 119.14691721842664, "memcap": 150.99680863628137}}