{"workload1": {"Best shared with 100-100% MPS thread%": 42.27573239522048, "Random select collocation": 28.85151360141987, "stage1-shared 100-100% throughput of predicted pairs": 14.920679292752814, "_Threads": 47.05317488896891, "_Compute (SM) Throughput": 44.81551032837639, "_DRAM Throughput": 47.05317488896891, "_Memory Throughput": 47.05317488896891, "_Registers": 47.05317488896891, "_Static Shared Memory": 7.06304774053339, "exclusive_throughput": 14.920679292752814, "sm%": 36.025998142989785, "mem%": 47.05317488896891, "memcap": 35.52348574203844}, "workload2": {"Best shared with 100-100% MPS thread%": 76.87118482320615, "Random select collocation": 43.93985970575904, "stage1-shared 100-100% throughput of predicted pairs": 88.95150695885611, "_Threads": 45.66781357522677, "_Compute (SM) Throughput": 66.73332381088416, "_DRAM Throughput": 45.66781357522677, "_Memory Throughput": 45.66781357522677, "_Registers": 45.66781357522677, "_Static Shared Memory": 3.852180834076577, "exclusive_throughput": 88.95150695885611, "sm%": 13.576580398812048, "mem%": 45.66781357522677, "memcap": 48.57356732928554}, "workload1+workload2": {"Best shared with 100-100% MPS thread%": 119.14691721842664, "Random select collocation": 72.79137330717893, "stage1-shared 100-100% throughput of predicted pairs": 103.87218625160892, "_Threads": 92.72098846419568, "_Compute (SM) Throughput": 111.54883413926055, "_DRAM Throughput": 92.72098846419568, "_Memory Throughput": 92.72098846419568, "_Registers": 92.72098846419568, "_Static Shared Memory": 10.915228574609968, "exclusive_throughput": 103.87218625160892, "sm%": 49.60257854180183, "mem%": 92.72098846419568, "memcap": 84.09705307132398}}