mse,r2
0.14599167988662679,0.8319145571990031
