{"workload1": {"Best shared with 100-100% MPS thread%": 83.04498269896193, "Random select collocation": 65.60794763695269, "stage1-shared 100-100% throughput of predicted pairs": 83.04498269896193, "_Threads": 81.52278407998462, "_Compute (SM) Throughput": 83.04498269896193, "_DRAM Throughput": 81.52278407998462, "_Memory Throughput": 81.52278407998462, "_Registers": 81.52278407998462, "_Static Shared Memory": 41.77732471318328, "exclusive_throughput": 62.26737884110588, "sm%": 66.97823780715083, "mem%": 81.52278407998462, "memcap": 79.56139232436567}, "workload2": {"Best shared with 100-100% MPS thread%": 81.64121203648692, "Random select collocation": 41.25472522409164, "stage1-shared 100-100% throughput of predicted pairs": 81.64121203648692, "_Threads": 58.77025259132535, "_Compute (SM) Throughput": 81.64121203648692, "_DRAM Throughput": 58.77025259132535, "_Memory Throughput": 58.77025259132535, "_Registers": 58.77025259132535, "_Static Shared Memory": 3.589574397888485, "exclusive_throughput": 61.571012959534514, "sm%": 25.52420466630779, "mem%": 58.77025259132535, "memcap": 68.61708377393961}, "workload1+workload2": {"Best shared with 100-100% MPS thread%": 164.68619473544885, "Random select collocation": 106.8626728610443, "stage1-shared 100-100% throughput of predicted pairs": 164.68619473544885, "_Threads": 140.29303667130998, "_Compute (SM) Throughput": 164.68619473544885, "_DRAM Throughput": 140.29303667130998, "_Memory Throughput": 140.29303667130998, "_Registers": 140.29303667130998, "_Static Shared Memory": 45.36689911107177, "exclusive_throughput": 123.8383918006404, "sm%": 92.50244247345861, "mem%": 140.29303667130998, "memcap": 148.17847609830528}}