mse,r2
0.2540225127915084,0.7205930767010427
