mse,r2
0.8045523813089592,0.14181079327044344
