mse,r2
0.09012860415746561,0.9016778863736739
