{"workload1": {"Best shared with 100-100% MPS thread%": 13.794080827644848, "Random select collocation": 27.128036146362206, "stage1-shared 100-100% throughput of predicted pairs": 13.794080827644848, "_Threads": 49.52090223013653, "_Compute (SM) Throughput": 13.794080827644848, "_DRAM Throughput": 49.52090223013653, "_Memory Throughput": 49.52090223013653, "_Registers": 49.52090223013653, "_Static Shared Memory": 23.843547135916385, "exclusive_throughput": 13.794080827644848, "sm%": 21.35361439175107, "mem%": 23.843547135916385, "memcap": 49.52090223013653}, "workload2": {"Best shared with 100-100% MPS thread%": 95.44626593806922, "Random select collocation": 65.96675959232253, "stage1-shared 100-100% throughput of predicted pairs": 95.44626593806922, "_Threads": 54.79849231661351, "_Compute (SM) Throughput": 95.44626593806922, "_DRAM Throughput": 54.79849231661351, "_Memory Throughput": 54.79849231661351, "_Registers": 54.79849231661351, "_Static Shared Memory": 84.82278097546198, "exclusive_throughput": 95.44626593806922, "sm%": 28.799499139145404, "mem%": 84.82278097546198, "memcap": 54.79849231661351}, "workload1+workload2": {"Best shared with 100-100% MPS thread%": 109.24034676571407, "Random select collocation": 93.09479573868472, "stage1-shared 100-100% throughput of predicted pairs": 109.24034676571407, "_Threads": 104.31939454675003, "_Compute (SM) Throughput": 109.24034676571407, "_DRAM Throughput": 104.31939454675003, "_Memory Throughput": 104.31939454675003, "_Registers": 104.31939454675003, "_Static Shared Memory": 108.66632811137836, "exclusive_throughput": 109.24034676571407, "sm%": 50.153113530896476, "mem%": 108.66632811137836, "memcap": 104.31939454675003}}