mse,r2
0.15347822242645234,0.8121381128796091
