mse,r2
0.10793035519550695,0.8899110377005829
