{"workload1": {"Best shared with 100-100% MPS thread%": 68.67356538099718, "stage1-shared 100-100% throughput of predicted pairs": 68.67356538099718}, "workload2": {"Best shared with 100-100% MPS thread%": 25.89140610892726, "stage1-shared 100-100% throughput of predicted pairs": 25.89140610892726}, "workload1+workload2": {"Best shared with 100-100% MPS thread%": 94.56497148992443, "stage1-shared 100-100% throughput of predicted pairs": 94.56497148992443}}