mse,r2
0.12106763705387842,0.8742759153671262
