{"workload1": {"Best shared with 100-100% MPS thread%": 80.92285308483736, "stage1-shared 100-100% throughput of predicted pairs": 52.875381312846}, "workload2": {"Best shared with 100-100% MPS thread%": 80.82296944572394, "stage1-shared 100-100% throughput of predicted pairs": 75.46194598785372}, "workload1+workload2": {"Best shared with 100-100% MPS thread%": 161.7458225305613, "stage1-shared 100-100% throughput of predicted pairs": 128.3373273006997}}