mse,r2
0.2046863280372118,0.7753731819183989
