mse,r2
0.06743173688202166,0.9303930457992035
