mse,r2
0.1711873244035148,0.8061504931671035
