mse,r2
0.09214595565734042,0.9060111252295128
