mse,r2
0.12189580145858904,0.8775526338289287
