mse,r2
0.09859580514790454,0.8988095684008348
