mse,r2
0.09269495698647336,0.90068397465735
