mse,r2
0.0838509990497534,0.8993788011402959
