mse,r2
0.36573197371337574,0.6168522180145588
