mse,r2
0.46149636232745106,0.4923540014398037
