{"workload1": {"Best shared with 100-100% MPS thread%": 68.61708377393961, "Random select collocation": 43.12049936223284, "stage1-shared 100-100% throughput of predicted pairs": 71.39364303178485, "_Threads": 71.39364303178485, "_Compute (SM) Throughput": 71.39364303178485, "_DRAM Throughput": 71.39364303178485, "_Memory Throughput": 71.39364303178485, "_Registers": 71.39364303178485, "_Static Shared Memory": 33.01673450927183, "exclusive_throughput": 21.73832123580868, "sm%": 85.76883536495814, "mem%": 68.61708377393961, "memcap": 49.52090223013653}, "workload2": {"Best shared with 100-100% MPS thread%": 79.56139232436567, "Random select collocation": 52.55858974590849, "stage1-shared 100-100% throughput of predicted pairs": 72.20216606498194, "_Threads": 72.20216606498194, "_Compute (SM) Throughput": 72.20216606498194, "_DRAM Throughput": 72.20216606498194, "_Memory Throughput": 72.20216606498194, "_Registers": 72.20216606498194, "_Static Shared Memory": 24.02660087954521, "exclusive_throughput": 62.09865217698116, "sm%": 7.033997655334115, "mem%": 79.56139232436567, "memcap": 54.79849231661351}, "workload1+workload2": {"Best shared with 100-100% MPS thread%": 148.17847609830528, "Random select collocation": 95.67908910814135, "stage1-shared 100-100% throughput of predicted pairs": 143.5958090967668, "_Threads": 143.5958090967668, "_Compute (SM) Throughput": 143.5958090967668, "_DRAM Throughput": 143.5958090967668, "_Memory Throughput": 143.5958090967668, "_Registers": 143.5958090967668, "_Static Shared Memory": 57.04333538881704, "exclusive_throughput": 83.83697341278985, "sm%": 92.80283302029225, "mem%": 148.17847609830528, "memcap": 104.31939454675003}}