mse,r2
0.17090862921356087,0.8064086928841557
