{"workload1": {"Best shared with 100-100% MPS thread%": 1.5092631022903067, "Random select collocation": 1.8761401509048465, "stage1-shared 100-100% throughput of predicted pairs": 1.5092631022903067, "_Threads": 2.9890744176458464, "_Compute (SM) Throughput": 2.9890744176458464, "_DRAM Throughput": 2.9890744176458464, "_Memory Throughput": 2.9890744176458464, "_Registers": 2.9890744176458464, "_Static Shared Memory": 0.94508333704933, "exclusive_throughput": 1.5092631022903067, "sm%": 2.4402924996645643, "mem%": 2.9890744176458464, "memcap": 1.5092631022903067}, "workload2": {"Best shared with 100-100% MPS thread%": 83.40771949869675, "Random select collocation": 26.293426100325753, "stage1-shared 100-100% throughput of predicted pairs": 83.40771949869675, "_Threads": 59.948161264659845, "_Compute (SM) Throughput": 59.948161264659845, "_DRAM Throughput": 59.948161264659845, "_Memory Throughput": 59.948161264659845, "_Registers": 59.948161264659845, "_Static Shared Memory": 3.131957944585332, "exclusive_throughput": 83.40771949869675, "sm%": 3.1159964925466617, "mem%": 59.948161264659845, "memcap": 83.40771949869675}, "workload1+workload2": {"Best shared with 100-100% MPS thread%": 84.91698260098705, "Random select collocation": 28.1695662512306, "stage1-shared 100-100% throughput of predicted pairs": 84.91698260098705, "_Threads": 62.93723568230569, "_Compute (SM) Throughput": 62.93723568230569, "_DRAM Throughput": 62.93723568230569, "_Memory Throughput": 62.93723568230569, "_Registers": 62.93723568230569, "_Static Shared Memory": 4.077041281634662, "exclusive_throughput": 84.91698260098705, "sm%": 5.5562889922112255, "mem%": 62.93723568230569, "memcap": 84.91698260098705}}