{"workload1": {"Best shared with 100-100% MPS thread%": 3.0695443645083933, "Random select collocation": 2.9536633481281167, "stage1-shared 100-100% throughput of predicted pairs": 3.0695443645083933, "_Threads": 3.313421491979044, "_Compute (SM) Throughput": 3.0695443645083933, "_DRAM Throughput": 3.0695443645083933, "_Memory Throughput": 3.044093697204, "_Registers": 3.313421491979044, "_Static Shared Memory": 0.9448105950010336, "exclusive_throughput": 3.0695443645083933, "sm%": 3.313421491979044, "mem%": 3.044093697204, "memcap": 3.0695443645083933}, "workload2": {"Best shared with 100-100% MPS thread%": 60.36331688157317, "Random select collocation": 13.917540876182075, "stage1-shared 100-100% throughput of predicted pairs": 60.36331688157317, "_Threads": 1.6991106175383557, "_Compute (SM) Throughput": 60.36331688157317, "_DRAM Throughput": 60.36331688157317, "_Memory Throughput": 22.861831112831894, "_Registers": 1.6991106175383557, "_Static Shared Memory": 3.524229074889868, "exclusive_throughput": 60.36331688157317, "sm%": 1.6991106175383557, "mem%": 22.861831112831894, "memcap": 60.36331688157317}, "workload1+workload2": {"Best shared with 100-100% MPS thread%": 63.432861246081565, "Random select collocation": 16.87120422431019, "stage1-shared 100-100% throughput of predicted pairs": 63.432861246081565, "_Threads": 5.0125321095174, "_Compute (SM) Throughput": 63.432861246081565, "_DRAM Throughput": 63.432861246081565, "_Memory Throughput": 25.905924810035895, "_Registers": 5.0125321095174, "_Static Shared Memory": 4.469039669890901, "exclusive_throughput": 63.432861246081565, "sm%": 5.0125321095174, "mem%": 25.905924810035895, "memcap": 63.432861246081565}}