mse,r2
0.17055410260354864,0.8061881514361782
