mse,r2
0.05557156950393196,0.9415036110484927
