mse,r2
0.13744508246171194,0.8533919120408406
