mse,r2
0.6246359372175909,0.33074721012400965
