mse,r2
0.31621962643989093,0.6522203416105039
