{"workload1": {"Best shared with 100-100% MPS thread%": 8.446108071791919, "Random select collocation": 7.051190598573919, "stage1-shared 100-100% throughput of predicted pairs": 8.446108071791919, "_Threads": 8.234666436728338, "_Compute (SM) Throughput": 6.278691561850259, "_DRAM Throughput": 6.278691561850259, "_Memory Throughput": 6.278691561850259, "_Registers": 8.234666436728338, "_Static Shared Memory": 6.393180607352158, "exclusive_throughput": 5.903306315146925, "sm%": 5.903306315146925, "mem%": 6.278691561850259, "memcap": 8.446108071791919}, "workload2": {"Best shared with 100-100% MPS thread%": 13.81855013746202, "Random select collocation": 10.662421614471878, "stage1-shared 100-100% throughput of predicted pairs": 13.81855013746202, "_Threads": 7.070849523179645, "_Compute (SM) Throughput": 1.561942283280508, "_DRAM Throughput": 1.561942283280508, "_Memory Throughput": 1.561942283280508, "_Registers": 7.070849523179645, "_Static Shared Memory": 15.27358509426041, "exclusive_throughput": 15.587181034176812, "sm%": 15.587181034176812, "mem%": 1.561942283280508, "memcap": 13.81855013746202}, "workload1+workload2": {"Best shared with 100-100% MPS thread%": 22.264658209253938, "Random select collocation": 17.7136122130458, "stage1-shared 100-100% throughput of predicted pairs": 22.264658209253938, "_Threads": 15.305515959907982, "_Compute (SM) Throughput": 7.8406338451307676, "_DRAM Throughput": 7.8406338451307676, "_Memory Throughput": 7.8406338451307676, "_Registers": 15.305515959907982, "_Static Shared Memory": 21.66676570161257, "exclusive_throughput": 21.490487349323736, "sm%": 21.490487349323736, "mem%": 7.8406338451307676, "memcap": 22.264658209253938}}