mse,r2
0.2537675798810486,0.6699196603493109
