mse,r2
0.0541870882449194,0.9438059825608244
