{"workload1": {"Best shared with 100-100% MPS thread%": 61.571012959534514, "Random select collocation": 57.98666065375447, "stage1-shared 100-100% throughput of predicted pairs": 61.571012959534514, "_Threads": 64.92022848138664, "_Compute (SM) Throughput": 62.87844288147885, "_DRAM Throughput": 64.92022848138664, "_Memory Throughput": 64.92022848138664, "_Registers": 64.92022848138664, "_Static Shared Memory": 64.92022848138664, "exclusive_throughput": 41.31169170922575, "sm%": 51.61862527716186, "mem%": 64.92022848138664, "memcap": 62.09865217698116}, "workload2": {"Best shared with 100-100% MPS thread%": 62.26737884110588, "Random select collocation": 28.6768943113535, "stage1-shared 100-100% throughput of predicted pairs": 62.26737884110588, "_Threads": 24.36175538127816, "_Compute (SM) Throughput": 41.65255068380793, "_DRAM Throughput": 24.36175538127816, "_Memory Throughput": 24.36175538127816, "_Registers": 24.36175538127816, "_Static Shared Memory": 24.36175538127816, "exclusive_throughput": 54.48460040350325, "sm%": 12.538516488788904, "mem%": 24.36175538127816, "memcap": 21.73832123580868}, "workload1+workload2": {"Best shared with 100-100% MPS thread%": 123.8383918006404, "Random select collocation": 86.66355496510796, "stage1-shared 100-100% throughput of predicted pairs": 123.8383918006404, "_Threads": 89.2819838626648, "_Compute (SM) Throughput": 104.53099356528678, "_DRAM Throughput": 89.2819838626648, "_Memory Throughput": 89.2819838626648, "_Registers": 89.2819838626648, "_Static Shared Memory": 89.2819838626648, "exclusive_throughput": 95.79629211272899, "sm%": 64.15714176595077, "mem%": 89.2819838626648, "memcap": 83.83697341278985}}