{"workload1": {"Best shared with 100-100% MPS thread%": 66.97823780715083, "stage1-shared 100-100% throughput of predicted pairs": 52.483767327956144}, "workload2": {"Best shared with 100-100% MPS thread%": 25.52420466630779, "stage1-shared 100-100% throughput of predicted pairs": 27.516737301148577}, "workload1+workload2": {"Best shared with 100-100% MPS thread%": 92.50244247345861, "stage1-shared 100-100% throughput of predicted pairs": 80.00050462910473}}