mse,r2
0.24136641676795484,0.7425424887808482
