mse,r2
0.1305144742490362,0.8671125353100723
