mse,r2
0.37934001792975414,0.5447919784842951
