mse,r2
0.1353474683993888,0.8449284658306517
