mse,r2
0.10793818978529832,0.8848659308956818
