mse,r2
0.40257995113676576,0.5870974860135736
