mse,r2
0.07680765490094661,0.922110547142702
