mse,r2
0.20165898422089762,0.7828287862236487
