mse,r2
0.10582330061701312,0.887121812675186
