mse,r2
0.10687122775052688,0.8882709891699037
