{"workload1": {"Best shared with 100-100% MPS thread%": 19.834622849698228, "Random select collocation": 10.732915493087946, "stage1-shared 100-100% throughput of predicted pairs": 19.834622849698228, "_Threads": 21.2018567306486, "_Compute (SM) Throughput": 19.834622849698228, "_DRAM Throughput": 21.2018567306486, "_Memory Throughput": 21.2018567306486, "_Registers": 21.2018567306486, "_Static Shared Memory": 3.293390534862815, "exclusive_throughput": 6.373776462554064, "sm%": 14.496603544457516, "mem%": 21.2018567306486, "memcap": 21.2018567306486}, "workload2": {"Best shared with 100-100% MPS thread%": 70.7450030284676, "Random select collocation": 31.975808951644627, "stage1-shared 100-100% throughput of predicted pairs": 70.7450030284676, "_Threads": 49.6261046906866, "_Compute (SM) Throughput": 70.7450030284676, "_DRAM Throughput": 49.6261046906866, "_Memory Throughput": 49.6261046906866, "_Registers": 49.6261046906866, "_Static Shared Memory": 3.72830460632995, "exclusive_throughput": 62.271797135176335, "sm%": 5.056570381138992, "mem%": 49.6261046906866, "memcap": 49.6261046906866}, "workload1+workload2": {"Best shared with 100-100% MPS thread%": 90.57962587816581, "Random select collocation": 42.708724444732574, "stage1-shared 100-100% throughput of predicted pairs": 90.57962587816581, "_Threads": 70.8279614213352, "_Compute (SM) Throughput": 90.57962587816581, "_DRAM Throughput": 70.8279614213352, "_Memory Throughput": 70.8279614213352, "_Registers": 70.8279614213352, "_Static Shared Memory": 7.021695141192765, "exclusive_throughput": 68.6455735977304, "sm%": 19.553173925596507, "mem%": 70.8279614213352, "memcap": 70.8279614213352}}