mse,r2
0.13702748552988958,0.8402734439819046
