{"workload1": {"Best shared with 100-100% MPS thread%": 21.32138453673353, "Random select collocation": 13.613233907853626, "stage1-shared 100-100% throughput of predicted pairs": 22.196555014312256, "_PCIe read bandwidth": 5.291518333310246, "_PCIe write bandwidth": 5.291518333310246, "_Long_Kernel": 23.80952380952381, "_ave_Kernel_Length": 23.80952380952381, "_long/short_Ratio": 15.066061920725694, "_avg_Thread": 23.80952380952381, "sm%": 19.05522023245373, "mem%": 23.80952380952381, "CPU%": 6.299368414109266, "MainMem%": 17.477500978218337}, "workload2": {"Best shared with 100-100% MPS thread%": 78.23043820431674, "Random select collocation": 36.63775786867779, "stage1-shared 100-100% throughput of predicted pairs": 69.30105612910882, "_PCIe read bandwidth": 28.69084237968468, "_PCIe write bandwidth": 28.69084237968468, "_Long_Kernel": 47.0360824742268, "_ave_Kernel_Length": 47.0360824742268, "_long/short_Ratio": 15.934507711424605, "_avg_Thread": 47.0360824742268, "sm%": 5.126327352618089, "mem%": 47.0360824742268, "CPU%": 29.122782215310664, "MainMem%": 51.58099275746335}, "workload1+workload2": {"Best shared with 100-100% MPS thread%": 99.55182274105027, "Random select collocation": 50.25099177653142, "stage1-shared 100-100% throughput of predicted pairs": 91.49761114342107, "_PCIe read bandwidth": 33.982360712994925, "_PCIe write bandwidth": 33.982360712994925, "_Long_Kernel": 70.84560628375061, "_ave_Kernel_Length": 70.84560628375061, "_long/short_Ratio": 31.0005696321503, "_avg_Thread": 70.84560628375061, "sm%": 24.18154758507182, "mem%": 70.84560628375061, "CPU%": 35.42215062941993, "MainMem%": 69.05849373568168}}