{"workload1": {"Best shared with 100-100% MPS thread%": 31.03071335378539, "Random select collocation": 23.43962494620175, "stage1-shared 100-100% throughput of predicted pairs": 18.529241459177765, "_PCIe read bandwidth": 17.335072891258722, "_PCIe write bandwidth": 17.335072891258722, "_Long_Kernel": 31.03071335378539, "_ave_Kernel_Length": 31.03071335378539, "_long/short_Ratio": 28.69084237968468, "_avg_Thread": 31.03071335378539, "sm%": 17.335072891258722, "mem%": 31.03071335378539, "CPU%": 18.529241459177765, "MainMem%": 28.354682253451063}, "workload2": {"Best shared with 100-100% MPS thread%": 21.55379221258535, "Random select collocation": 13.356057352972584, "stage1-shared 100-100% throughput of predicted pairs": 17.07949566306, "_PCIe read bandwidth": 17.449377691330405, "_PCIe write bandwidth": 17.449377691330405, "_Long_Kernel": 21.55379221258535, "_ave_Kernel_Length": 21.55379221258535, "_long/short_Ratio": 5.291518333310246, "_avg_Thread": 21.55379221258535, "sm%": 17.449377691330405, "mem%": 21.55379221258535, "CPU%": 17.07949566306, "MainMem%": 18.33076995511472}, "workload1+workload2": {"Best shared with 100-100% MPS thread%": 52.58450556637074, "Random select collocation": 36.79568229917433, "stage1-shared 100-100% throughput of predicted pairs": 35.60873712223777, "_PCIe read bandwidth": 34.78445058258913, "_PCIe write bandwidth": 34.78445058258913, "_Long_Kernel": 52.58450556637074, "_ave_Kernel_Length": 52.58450556637074, "_long/short_Ratio": 33.982360712994925, "_avg_Thread": 52.58450556637074, "sm%": 34.78445058258913, "mem%": 52.58450556637074, "CPU%": 35.60873712223777, "MainMem%": 46.685452208565785}}