{"workload1": {"Best shared with 100-100% MPS thread%": 61.571012959534514, "Random select collocation": 61.47280050639843, "stage1-shared 100-100% throughput of predicted pairs": 60.66003409582453, "_PCIe read bandwidth": 61.571012959534514, "_PCIe write bandwidth": 61.571012959534514, "_Long_Kernel": 62.271797135176335, "_ave_Kernel_Length": 61.38835783505834, "_long/short_Ratio": 61.38835783505834, "_avg_Thread": 62.271797135176335, "sm%": 62.271797135176335, "mem%": 60.66003409582453, "CPU%": 61.38835783505834, "MainMem%": 61.38835783505834}, "workload2": {"Best shared with 100-100% MPS thread%": 62.26737884110588, "Random select collocation": 22.861698615755184, "stage1-shared 100-100% throughput of predicted pairs": 15.085145537959098, "_PCIe read bandwidth": 62.26737884110588, "_PCIe write bandwidth": 62.26737884110588, "_Long_Kernel": 6.373776462554064, "_ave_Kernel_Length": 7.720493621401698, "_long/short_Ratio": 7.720493621401698, "_avg_Thread": 6.373776462554064, "sm%": 6.373776462554064, "mem%": 15.085145537959098, "CPU%": 7.720493621401698, "MainMem%": 7.720493621401698}, "workload1+workload2": {"Best shared with 100-100% MPS thread%": 123.8383918006404, "Random select collocation": 84.33449912215362, "stage1-shared 100-100% throughput of predicted pairs": 75.74517963378362, "_PCIe read bandwidth": 123.8383918006404, "_PCIe write bandwidth": 123.8383918006404, "_Long_Kernel": 68.6455735977304, "_ave_Kernel_Length": 69.10885145646004, "_long/short_Ratio": 69.10885145646004, "_avg_Thread": 68.6455735977304, "sm%": 68.6455735977304, "mem%": 75.74517963378362, "CPU%": 69.10885145646004, "MainMem%": 69.10885145646004}}