mse,r2
0.6092212784955449,0.30395807220256293
