mse,r2
0.13408874302016718,0.8600813116311299
