mse,r2
0.09946237086097162,0.898548381721809
