mse,r2
0.06517519417774524,0.9313945324444787
