mse,r2
0.27976294221687076,0.7037804141233133
