{"workload1": {"Best shared with 100-100% MPS thread%": 25.89140610892726, "Random select collocation": 19.856610655623317, "stage1-shared 100-100% throughput of predicted pairs": 25.89140610892726, "_Threads": 30.13044277053096, "_Compute (SM) Throughput": 27.95779788104665, "_DRAM Throughput": 30.13044277053096, "_Memory Throughput": 30.13044277053096, "_Registers": 30.13044277053096, "_Static Shared Memory": 7.380307886253097, "exclusive_throughput": 11.38203404798116, "sm%": 21.98371363623284, "mem%": 30.13044277053096, "memcap": 24.02660087954521}, "workload2": {"Best shared with 100-100% MPS thread%": 68.67356538099718, "Random select collocation": 29.2001215914033, "stage1-shared 100-100% throughput of predicted pairs": 68.67356538099718, "_Threads": 30.084483824438493, "_Compute (SM) Throughput": 55.69463319266624, "_DRAM Throughput": 30.084483824438493, "_Memory Throughput": 30.084483824438493, "_Registers": 30.084483824438493, "_Static Shared Memory": 3.2853305334640126, "exclusive_throughput": 76.38854825787675, "sm%": 3.2144444824402423, "mem%": 30.084483824438493, "memcap": 33.01673450927183}, "workload1+workload2": {"Best shared with 100-100% MPS thread%": 94.56497148992443, "Random select collocation": 49.05673224702662, "stage1-shared 100-100% throughput of predicted pairs": 94.56497148992443, "_Threads": 60.214926594969455, "_Compute (SM) Throughput": 83.65243107371289, "_DRAM Throughput": 60.214926594969455, "_Memory Throughput": 60.214926594969455, "_Registers": 60.214926594969455, "_Static Shared Memory": 10.665638419717109, "exclusive_throughput": 87.77058230585791, "sm%": 25.19815811867308, "mem%": 60.214926594969455, "memcap": 57.04333538881704}}