{"workload1": {"Best shared with 100-100% MPS thread%": 9.53658173148562, "Random select collocation": 9.075417624216419, "stage1-shared 100-100% throughput of predicted pairs": 9.53658173148562, "_Threads": 9.53658173148562, "_Compute (SM) Throughput": 9.53658173148562, "_DRAM Throughput": 9.53658173148562, "_Memory Throughput": 9.358288770053475, "_Registers": 9.53658173148562, "_Static Shared Memory": 9.53658173148562, "exclusive_throughput": 9.53658173148562, "sm%": 7.791022064417955, "mem%": 9.358288770053475, "memcap": 9.615777930908624}, "workload2": {"Best shared with 100-100% MPS thread%": 49.89640515197471, "Random select collocation": 24.216296159330742, "stage1-shared 100-100% throughput of predicted pairs": 49.89640515197471, "_Threads": 49.89640515197471, "_Compute (SM) Throughput": 49.89640515197471, "_DRAM Throughput": 49.89640515197471, "_Memory Throughput": 28.973963259819783, "_Registers": 49.89640515197471, "_Static Shared Memory": 49.89640515197471, "exclusive_throughput": 49.89640515197471, "sm%": 12.235060494687197, "mem%": 28.973963259819783, "memcap": 5.759755730841294}, "workload1+workload2": {"Best shared with 100-100% MPS thread%": 59.43298688346033, "Random select collocation": 33.291713783547166, "stage1-shared 100-100% throughput of predicted pairs": 59.43298688346033, "_Threads": 59.43298688346033, "_Compute (SM) Throughput": 59.43298688346033, "_DRAM Throughput": 59.43298688346033, "_Memory Throughput": 38.33225202987326, "_Registers": 59.43298688346033, "_Static Shared Memory": 59.43298688346033, "exclusive_throughput": 59.43298688346033, "sm%": 20.026082559105152, "mem%": 38.33225202987326, "memcap": 15.37553366174992}}