mse,r2
0.19983117242345752,0.7761054011025108
