mse,r2
0.09183784766985725,0.9039877047087856
