mse,r2
0.1233012004135596,0.8684787195588697
