mse,r2
0.5069570953457212,0.46487862157951654
