mse,r2
0.11206956457260657,0.8719204976313067
