mse,r2
0.03722610313215829,0.9602921566590311
