mse,r2
0.13531068998794726,0.8481667949010054
