mse,r2
0.08637179575988768,0.9118655145307268
