mse,r2
0.0635893839128661,0.93352018954564
