mse,r2
0.13538504707939772,0.8375379435047228
