mse,r2
0.9826632366370379,-0.1791958839644454
