mse,r2
0.10346826709850915,0.8835981995141772
