mse,r2
0.12049540771486157,0.8770946841308411
