mse,r2
0.4058621232917768,0.5873735079866937
