mse,r2
0.45816578928862284,0.5001827753215022
