mse,r2
0.11485724191101689,0.8835250504564336
