mse,r2
0.3163513023106309,0.6678311325738375
