mse,r2
0.48490637344822507,0.48815438358242913
