{"workload1": {"Best shared with 100-100% MPS thread%": 60.66003409582453, "Random select collocation": 61.440063022019736, "stage1-shared 100-100% throughput of predicted pairs": 62.271797135176335, "_Threads": 62.271797135176335, "_Compute (SM) Throughput": 61.38835783505834, "_DRAM Throughput": 60.66003409582453, "_Memory Throughput": 60.66003409582453, "_Registers": 62.271797135176335, "_Static Shared Memory": 62.271797135176335, "exclusive_throughput": 61.38835783505834, "sm%": 62.271797135176335, "mem%": 60.66003409582453, "memcap": 61.38835783505834}, "workload2": {"Best shared with 100-100% MPS thread%": 15.085145537959098, "Random select collocation": 9.72647187397162, "stage1-shared 100-100% throughput of predicted pairs": 6.373776462554064, "_Threads": 6.373776462554064, "_Compute (SM) Throughput": 7.720493621401698, "_DRAM Throughput": 15.085145537959098, "_Memory Throughput": 15.085145537959098, "_Registers": 6.373776462554064, "_Static Shared Memory": 6.373776462554064, "exclusive_throughput": 7.720493621401698, "sm%": 6.373776462554064, "mem%": 15.085145537959098, "memcap": 7.720493621401698}, "workload1+workload2": {"Best shared with 100-100% MPS thread%": 75.74517963378362, "Random select collocation": 71.16653489599135, "stage1-shared 100-100% throughput of predicted pairs": 68.6455735977304, "_Threads": 68.6455735977304, "_Compute (SM) Throughput": 69.10885145646004, "_DRAM Throughput": 75.74517963378362, "_Memory Throughput": 75.74517963378362, "_Registers": 68.6455735977304, "_Static Shared Memory": 68.6455735977304, "exclusive_throughput": 69.10885145646004, "sm%": 68.6455735977304, "mem%": 75.74517963378362, "memcap": 69.10885145646004}}