mse,r2
0.21000672515201962,0.7332747370697688
