mse,r2
0.05099833080047178,0.9471128421328441
