mse,r2
0.15311524819206732,0.8378779725025169
