{"workload1": {"Best shared with 100-100% MPS thread%": 81.64121203648692, "Random select collocation": 60.62855865217337, "stage1-shared 100-100% throughput of predicted pairs": 80.92285308483736, "_Threads": 80.92285308483736, "_Compute (SM) Throughput": 80.92285308483736, "_DRAM Throughput": 80.92285308483736, "_Memory Throughput": 66.73332381088416, "_Registers": 80.92285308483736, "_Static Shared Memory": 55.69463319266624, "exclusive_throughput": 41.65255068380793, "sm%": 65.43600661082944, "mem%": 66.73332381088416, "memcap": 38.74561084877104}, "workload2": {"Best shared with 100-100% MPS thread%": 83.04498269896193, "Random select collocation": 46.82100449549191, "stage1-shared 100-100% throughput of predicted pairs": 80.82296944572394, "_Threads": 80.82296944572394, "_Compute (SM) Throughput": 80.82296944572394, "_DRAM Throughput": 80.82296944572394, "_Memory Throughput": 44.81551032837639, "_Registers": 80.82296944572394, "_Static Shared Memory": 27.95779788104665, "exclusive_throughput": 62.87844288147885, "sm%": 5.873819043912105, "mem%": 44.81551032837639, "memcap": 96.51496684363832}, "workload1+workload2": {"Best shared with 100-100% MPS thread%": 164.68619473544885, "Random select collocation": 107.44956314766532, "stage1-shared 100-100% throughput of predicted pairs": 161.7458225305613, "_Threads": 161.7458225305613, "_Compute (SM) Throughput": 161.7458225305613, "_DRAM Throughput": 161.7458225305613, "_Memory Throughput": 111.54883413926055, "_Registers": 161.7458225305613, "_Static Shared Memory": 83.65243107371289, "exclusive_throughput": 104.53099356528678, "sm%": 71.30982565474154, "mem%": 111.54883413926055, "memcap": 135.26057769240936}}