mse,r2
0.18688306348029818,0.7848797613830485
