mse,r2
0.06187731457467749,0.9351761466360522
