mse,r2
0.20113098904122717,0.7694603395806502
