mse,r2
0.6738381647741485,0.2887263816272877
