mse,r2
0.13682360859029144,0.8494940305506794
