mse,r2
0.15646234696784939,0.8343339855634536
