{"workload1": {"Best shared with 100-100% MPS thread%": 5.9886643139771145, "Random select collocation": 6.172480487007191, "stage1-shared 100-100% throughput of predicted pairs": 9.44138473642801, "_Threads": 9.44138473642801, "_Compute (SM) Throughput": 6.278691561850259, "_DRAM Throughput": 9.44138473642801, "_Memory Throughput": 9.44138473642801, "_Registers": 9.44138473642801, "_Static Shared Memory": 3.2503555076336474, "exclusive_throughput": 5.9886643139771145, "sm%": 5.903306315146925, "mem%": 9.44138473642801, "memcap": 5.9886643139771145}, "workload2": {"Best shared with 100-100% MPS thread%": 61.26891704041755, "Random select collocation": 25.376570063508737, "stage1-shared 100-100% throughput of predicted pairs": 45.5573757703409, "_Threads": 45.5573757703409, "_Compute (SM) Throughput": 1.561942283280508, "_DRAM Throughput": 45.5573757703409, "_Memory Throughput": 45.5573757703409, "_Registers": 45.5573757703409, "_Static Shared Memory": 2.907434189327918, "exclusive_throughput": 61.26891704041755, "sm%": 15.587181034176812, "mem%": 45.5573757703409, "memcap": 61.26891704041755}, "workload1+workload2": {"Best shared with 100-100% MPS thread%": 67.25758135439466, "Random select collocation": 31.549050550515926, "stage1-shared 100-100% throughput of predicted pairs": 54.9987605067689, "_Threads": 54.9987605067689, "_Compute (SM) Throughput": 7.8406338451307676, "_DRAM Throughput": 54.9987605067689, "_Memory Throughput": 54.9987605067689, "_Registers": 54.9987605067689, "_Static Shared Memory": 6.157789696961565, "exclusive_throughput": 67.25758135439466, "sm%": 21.490487349323736, "mem%": 54.9987605067689, "memcap": 67.25758135439466}}