mse,r2
0.21520463105308218,0.7225794846926659
