mse,r2
0.1669988336693029,0.8231777055266205
