mse,r2
0.47762932488736504,0.501604182726228
