mse,r2
0.17908842390541047,0.815134530162157
