{"workload1": {"Best shared with 100-100% MPS thread%": 3.108606955508063, "Random select collocation": 3.2192978569167865, "stage1-shared 100-100% throughput of predicted pairs": 3.8681796890346174, "_Threads": 3.8681796890346174, "_Compute (SM) Throughput": 3.108606955508063, "_DRAM Throughput": 3.8681796890346174, "_Memory Throughput": 2.1413381078209435, "_Registers": 3.8681796890346174, "_Static Shared Memory": 2.1413381078209435, "exclusive_throughput": 3.108606955508063, "sm%": 3.108606955508063, "mem%": 3.8681796890346174, "memcap": 3.108606955508063}, "workload2": {"Best shared with 100-100% MPS thread%": 43.00639756984397, "Random select collocation": 16.43469466262618, "stage1-shared 100-100% throughput of predicted pairs": 25.513651201259115, "_Threads": 25.513651201259115, "_Compute (SM) Throughput": 43.00639756984397, "_DRAM Throughput": 25.513651201259115, "_Memory Throughput": 2.389257357954705, "_Registers": 25.513651201259115, "_Static Shared Memory": 2.389257357954705, "exclusive_throughput": 43.00639756984397, "sm%": 43.00639756984397, "mem%": 25.513651201259115, "memcap": 43.00639756984397}, "workload1+workload2": {"Best shared with 100-100% MPS thread%": 46.115004525352035, "Random select collocation": 19.65399251954297, "stage1-shared 100-100% throughput of predicted pairs": 29.381830890293735, "_Threads": 29.381830890293735, "_Compute (SM) Throughput": 46.115004525352035, "_DRAM Throughput": 29.381830890293735, "_Memory Throughput": 4.530595465775649, "_Registers": 29.381830890293735, "_Static Shared Memory": 4.530595465775649, "exclusive_throughput": 46.115004525352035, "sm%": 46.115004525352035, "mem%": 29.381830890293735, "memcap": 46.115004525352035}}