mse,r2
0.2557475245028013,0.6553130606042323
