mse,r2
0.13150557388619763,0.8520562293780276
