mse,r2
0.11109819391725528,0.883851888177415
