{"workload1": {"Best shared with 100-100% MPS thread%": 25.52420466630779, "Random select collocation": 17.59081021849714, "stage1-shared 100-100% throughput of predicted pairs": 27.516737301148577, "_PCIe read bandwidth": 12.353409996584311, "_PCIe write bandwidth": 12.097491549546344, "_Long_Kernel": 28.99527983816588, "_ave_Kernel_Length": 28.99527983816588, "_long/short_Ratio": 18.106009718666986, "_avg_Thread": 28.99527983816588, "sm%": 22.78488562822463, "mem%": 28.99527983816588, "CPU%": 12.353409996584311, "MainMem%": 24.80782669461915}, "workload2": {"Best shared with 100-100% MPS thread%": 66.97823780715083, "Random select collocation": 27.146152330224126, "stage1-shared 100-100% throughput of predicted pairs": 52.483767327956144, "_PCIe read bandwidth": 22.154559953603016, "_PCIe write bandwidth": 73.45565460748706, "_Long_Kernel": 28.829540405785654, "_ave_Kernel_Length": 28.829540405785654, "_long/short_Ratio": 1.9338632074217816, "_avg_Thread": 28.829540405785654, "sm%": 2.920463577383043, "mem%": 28.829540405785654, "CPU%": 22.154559953603016, "MainMem%": 28.806787352636512}, "workload1+workload2": {"Best shared with 100-100% MPS thread%": 92.50244247345861, "Random select collocation": 44.73696254872127, "stage1-shared 100-100% throughput of predicted pairs": 80.00050462910473, "_PCIe read bandwidth": 34.50796995018733, "_PCIe write bandwidth": 85.55314615703341, "_Long_Kernel": 57.824820243951535, "_ave_Kernel_Length": 57.824820243951535, "_long/short_Ratio": 20.03987292608877, "_avg_Thread": 57.824820243951535, "sm%": 25.70534920560767, "mem%": 57.824820243951535, "CPU%": 34.50796995018733, "MainMem%": 53.61461404725566}}