{"workload1": {"Best shared with 100-100% MPS thread%": 9.358288770053475, "Random select collocation": 8.921696255126685, "stage1-shared 100-100% throughput of predicted pairs": 9.358288770053475, "_PCIe read bandwidth": 7.791022064417955, "_PCIe write bandwidth": 7.791022064417955, "_Long_Kernel": 7.791022064417955, "_ave_Kernel_Length": 9.615777930908624, "_long/short_Ratio": 9.615777930908624, "_avg_Thread": 9.358288770053475, "sm%": 7.791022064417955, "mem%": 9.358288770053475, "CPU%": 7.791022064417955, "MainMem%": 9.615777930908624}, "workload2": {"Best shared with 100-100% MPS thread%": 28.973963259819783, "Random select collocation": 15.656259828449423, "stage1-shared 100-100% throughput of predicted pairs": 28.973963259819783, "_PCIe read bandwidth": 12.235060494687197, "_PCIe write bandwidth": 12.235060494687197, "_Long_Kernel": 12.235060494687197, "_ave_Kernel_Length": 5.759755730841294, "_long/short_Ratio": 5.759755730841294, "_avg_Thread": 28.973963259819783, "sm%": 12.235060494687197, "mem%": 28.973963259819783, "CPU%": 12.235060494687197, "MainMem%": 5.759755730841294}, "workload1+workload2": {"Best shared with 100-100% MPS thread%": 38.33225202987326, "Random select collocation": 24.57795608357611, "stage1-shared 100-100% throughput of predicted pairs": 38.33225202987326, "_PCIe read bandwidth": 20.026082559105152, "_PCIe write bandwidth": 20.026082559105152, "_Long_Kernel": 20.026082559105152, "_ave_Kernel_Length": 15.37553366174992, "_long/short_Ratio": 15.37553366174992, "_avg_Thread": 38.33225202987326, "sm%": 20.026082559105152, "mem%": 38.33225202987326, "CPU%": 20.026082559105152, "MainMem%": 15.37553366174992}}