{"workload1": {"Best shared with 100-100% MPS thread%": 8.31286604949934, "Random select collocation": 6.675675921404876, "stage1-shared 100-100% throughput of predicted pairs": 8.31286604949934, "_PCIe read bandwidth": 4.609179950067217, "_PCIe write bandwidth": 4.609179950067217, "_Long_Kernel": 8.234666436728338, "_ave_Kernel_Length": 8.446108071791919, "_long/short_Ratio": 8.446108071791919, "_avg_Thread": 8.234666436728338, "sm%": 7.328642618359017, "mem%": 8.31286604949934, "CPU%": 5.9886643139771145, "MainMem%": 8.446108071791919}, "workload2": {"Best shared with 100-100% MPS thread%": 61.9341154636442, "Random select collocation": 22.642584312450808, "stage1-shared 100-100% throughput of predicted pairs": 61.9341154636442, "_PCIe read bandwidth": 20.19948311532081, "_PCIe write bandwidth": 20.19948311532081, "_Long_Kernel": 7.070849523179645, "_ave_Kernel_Length": 13.81855013746202, "_long/short_Ratio": 13.81855013746202, "_avg_Thread": 7.070849523179645, "sm%": 2.4118720856545632, "mem%": 61.9341154636442, "CPU%": 61.26891704041755, "MainMem%": 13.81855013746202}, "workload1+workload2": {"Best shared with 100-100% MPS thread%": 70.24698151314354, "Random select collocation": 29.31826023385568, "stage1-shared 100-100% throughput of predicted pairs": 70.24698151314354, "_PCIe read bandwidth": 24.808663065388025, "_PCIe write bandwidth": 24.808663065388025, "_Long_Kernel": 15.305515959907982, "_ave_Kernel_Length": 22.264658209253938, "_long/short_Ratio": 22.264658209253938, "_avg_Thread": 15.305515959907982, "sm%": 9.74051470401358, "mem%": 70.24698151314354, "CPU%": 67.25758135439466, "MainMem%": 22.264658209253938}}