{"workload1": {"Best shared with 100-100% MPS thread%": 83.04498269896193, "Random select collocation": 65.39122670876321, "stage1-shared 100-100% throughput of predicted pairs": 83.04498269896193, "_PCIe read bandwidth": 65.43844508648831, "_PCIe write bandwidth": 65.43844508648831, "_Long_Kernel": 81.52278407998462, "_ave_Kernel_Length": 81.52278407998462, "_long/short_Ratio": 78.23043820431674, "_avg_Thread": 81.52278407998462, "sm%": 66.97823780715083, "mem%": 81.52278407998462, "CPU%": 65.43844508648831, "MainMem%": 78.23043820431674}, "workload2": {"Best shared with 100-100% MPS thread%": 81.64121203648692, "Random select collocation": 37.79180245070588, "stage1-shared 100-100% throughput of predicted pairs": 81.64121203648692, "_PCIe read bandwidth": 85.55836354979306, "_PCIe write bandwidth": 85.55836354979306, "_Long_Kernel": 58.77025259132535, "_ave_Kernel_Length": 58.77025259132535, "_long/short_Ratio": 21.32138453673353, "_avg_Thread": 58.77025259132535, "sm%": 25.52420466630779, "mem%": 58.77025259132535, "CPU%": 85.55836354979306, "MainMem%": 21.32138453673353}, "workload1+workload2": {"Best shared with 100-100% MPS thread%": 164.68619473544885, "Random select collocation": 103.18302915946907, "stage1-shared 100-100% throughput of predicted pairs": 164.68619473544885, "_PCIe read bandwidth": 150.99680863628137, "_PCIe write bandwidth": 150.99680863628137, "_Long_Kernel": 140.29303667130998, "_ave_Kernel_Length": 140.29303667130998, "_long/short_Ratio": 99.55182274105027, "_avg_Thread": 140.29303667130998, "sm%": 92.50244247345861, "mem%": 140.29303667130998, "CPU%": 150.99680863628137, "MainMem%": 99.55182274105027}}