{"workload1": {"Best shared with 100-100% MPS thread%": 41.31169170922575, "Random select collocation": 55.32169011408197, "stage1-shared 100-100% throughput of predicted pairs": 64.92022848138664, "_PCIe read bandwidth": 41.31169170922575, "_PCIe write bandwidth": 41.31169170922575, "_Long_Kernel": 64.92022848138664, "_ave_Kernel_Length": 64.92022848138664, "_long/short_Ratio": 64.92022848138664, "_avg_Thread": 64.92022848138664, "sm%": 51.61862527716186, "mem%": 64.92022848138664, "CPU%": 51.14776398571672, "MainMem%": 51.61862527716186}, "workload2": {"Best shared with 100-100% MPS thread%": 54.48460040350325, "Random select collocation": 25.565033121901806, "stage1-shared 100-100% throughput of predicted pairs": 24.36175538127816, "_PCIe read bandwidth": 54.48460040350325, "_PCIe write bandwidth": 54.48460040350325, "_Long_Kernel": 24.36175538127816, "_ave_Kernel_Length": 24.36175538127816, "_long/short_Ratio": 24.36175538127816, "_avg_Thread": 24.36175538127816, "sm%": 12.538516488788904, "mem%": 24.36175538127816, "CPU%": 40.54640445732734, "MainMem%": 12.538516488788904}, "workload1+workload2": {"Best shared with 100-100% MPS thread%": 95.79629211272899, "Random select collocation": 80.88672323598377, "stage1-shared 100-100% throughput of predicted pairs": 89.2819838626648, "_PCIe read bandwidth": 95.79629211272899, "_PCIe write bandwidth": 95.79629211272899, "_Long_Kernel": 89.2819838626648, "_ave_Kernel_Length": 89.2819838626648, "_long/short_Ratio": 89.2819838626648, "_avg_Thread": 89.2819838626648, "sm%": 64.15714176595077, "mem%": 89.2819838626648, "CPU%": 91.69416844304406, "MainMem%": 64.15714176595077}}