mse,r2
0.45155029795341595,0.49798574615453034
