mse,r2
0.17752858795803333,0.7775634221694228
