mse,r2
0.07387592706457925,0.9242298183953034
