mse,r2
0.10945409557015774,0.8886256571391378
