{"workload1": {"Best shared with 100-100% MPS thread%": 12.097491549546344, "Random select collocation": 19.376065364457414, "stage1-shared 100-100% throughput of predicted pairs": 27.516737301148577, "_PCIe read bandwidth": 12.097491549546344, "_PCIe write bandwidth": 12.097491549546344, "_Long_Kernel": 28.99527983816588, "_ave_Kernel_Length": 28.99527983816588, "_long/short_Ratio": 18.106009718666986, "_avg_Thread": 28.99527983816588, "sm%": 22.78488562822463, "mem%": 28.99527983816588, "CPU%": 16.967408805729832, "MainMem%": 24.80782669461915}, "workload2": {"Best shared with 100-100% MPS thread%": 73.45565460748706, "Random select collocation": 25.53275736030699, "stage1-shared 100-100% throughput of predicted pairs": 52.483767327956144, "_PCIe read bandwidth": 73.45565460748706, "_PCIe write bandwidth": 73.45565460748706, "_Long_Kernel": 28.829540405785654, "_ave_Kernel_Length": 28.829540405785654, "_long/short_Ratio": 1.9338632074217816, "_avg_Thread": 28.829540405785654, "sm%": 2.920463577383043, "mem%": 28.829540405785654, "CPU%": 17.223943891697928, "MainMem%": 28.806787352636512}, "workload1+workload2": {"Best shared with 100-100% MPS thread%": 85.55314615703341, "Random select collocation": 44.9088227247644, "stage1-shared 100-100% throughput of predicted pairs": 80.00050462910473, "_PCIe read bandwidth": 85.55314615703341, "_PCIe write bandwidth": 85.55314615703341, "_Long_Kernel": 57.824820243951535, "_ave_Kernel_Length": 57.824820243951535, "_long/short_Ratio": 20.03987292608877, "_avg_Thread": 57.824820243951535, "sm%": 25.70534920560767, "mem%": 57.824820243951535, "CPU%": 34.19135269742776, "MainMem%": 53.61461404725566}}