{"workload1": {"Best shared with 100-100% MPS thread%": 21.32138453673353, "Random select collocation": 12.3626652830871, "stage1-shared 100-100% throughput of predicted pairs": 21.32138453673353, "_PCIe read bandwidth": 6.299368414109266, "_PCIe write bandwidth": 6.299368414109266, "_Long_Kernel": 21.32138453673353, "_ave_Kernel_Length": 15.066061920725694, "_long/short_Ratio": 15.066061920725694, "_avg_Thread": 22.196555014312256, "sm%": 6.299368414109266, "mem%": 21.32138453673353, "CPU%": 9.729663156598312, "MainMem%": 17.477500978218337}, "workload2": {"Best shared with 100-100% MPS thread%": 78.23043820431674, "Random select collocation": 43.366018073019546, "stage1-shared 100-100% throughput of predicted pairs": 78.23043820431674, "_PCIe read bandwidth": 29.122782215310664, "_PCIe write bandwidth": 29.122782215310664, "_Long_Kernel": 78.23043820431674, "_ave_Kernel_Length": 15.934507711424605, "_long/short_Ratio": 15.934507711424605, "_avg_Thread": 69.30105612910882, "sm%": 29.122782215310664, "mem%": 78.23043820431674, "CPU%": 83.86888306466089, "MainMem%": 51.58099275746335}, "workload1+workload2": {"Best shared with 100-100% MPS thread%": 99.55182274105027, "Random select collocation": 55.72868335610664, "stage1-shared 100-100% throughput of predicted pairs": 99.55182274105027, "_PCIe read bandwidth": 35.42215062941993, "_PCIe write bandwidth": 35.42215062941993, "_Long_Kernel": 99.55182274105027, "_ave_Kernel_Length": 31.0005696321503, "_long/short_Ratio": 31.0005696321503, "_avg_Thread": 91.49761114342107, "sm%": 35.42215062941993, "mem%": 99.55182274105027, "CPU%": 93.5985462212592, "MainMem%": 69.05849373568168}}