{"workload1": {"Best shared with 100-100% MPS thread%": 80.92285308483736, "Random select collocation": 67.4125356643264, "stage1-shared 100-100% throughput of predicted pairs": 77.98364212986147, "_PCIe read bandwidth": 55.69463319266624, "_PCIe write bandwidth": 55.69463319266624, "_Long_Kernel": 77.98364212986147, "_ave_Kernel_Length": 77.98364212986147, "_long/short_Ratio": 69.30105612910882, "_avg_Thread": 77.98364212986147, "sm%": 65.43600661082944, "mem%": 77.98364212986147, "CPU%": 52.483767327956144, "MainMem%": 69.30105612910882}, "workload2": {"Best shared with 100-100% MPS thread%": 80.82296944572394, "Random select collocation": 36.326787692066645, "stage1-shared 100-100% throughput of predicted pairs": 61.59628967231502, "_PCIe read bandwidth": 27.95779788104665, "_PCIe write bandwidth": 27.95779788104665, "_Long_Kernel": 61.59628967231502, "_ave_Kernel_Length": 61.59628967231502, "_long/short_Ratio": 22.196555014312256, "_avg_Thread": 61.59628967231502, "sm%": 5.873819043912105, "mem%": 61.59628967231502, "CPU%": 27.516737301148577, "MainMem%": 22.196555014312256}, "workload1+workload2": {"Best shared with 100-100% MPS thread%": 161.7458225305613, "Random select collocation": 103.73932335639304, "stage1-shared 100-100% throughput of predicted pairs": 139.57993180217647, "_PCIe read bandwidth": 83.65243107371289, "_PCIe write bandwidth": 83.65243107371289, "_Long_Kernel": 139.57993180217647, "_ave_Kernel_Length": 139.57993180217647, "_long/short_Ratio": 91.49761114342107, "_avg_Thread": 139.57993180217647, "sm%": 71.30982565474154, "mem%": 139.57993180217647, "CPU%": 80.00050462910473, "MainMem%": 91.49761114342107}}