{"workload1": {"Best shared with 100-100% MPS thread%": 2.062128222075347, "Random select collocation": 4.054978557193017, "stage1-shared 100-100% throughput of predicted pairs": 5.873819043912105, "_PCIe read bandwidth": 2.062128222075347, "_PCIe write bandwidth": 2.062128222075347, "_Long_Kernel": 6.707317073170732, "_ave_Kernel_Length": 6.707317073170732, "_long/short_Ratio": 6.707317073170732, "_avg_Thread": 6.707317073170732, "sm%": 3.788667717972369, "mem%": 6.707317073170732, "CPU%": 2.920463577383043, "MainMem%": 2.920463577383043}, "workload2": {"Best shared with 100-100% MPS thread%": 87.77829967120714, "Random select collocation": 35.77803452009222, "stage1-shared 100-100% throughput of predicted pairs": 65.43600661082944, "_PCIe read bandwidth": 87.77829967120714, "_PCIe write bandwidth": 87.77829967120714, "_Long_Kernel": 56.58366437360721, "_ave_Kernel_Length": 56.58366437360721, "_long/short_Ratio": 56.58366437360721, "_avg_Thread": 56.58366437360721, "sm%": 3.849762533491967, "mem%": 56.58366437360721, "CPU%": 22.78488562822463, "MainMem%": 22.78488562822463}, "workload1+workload2": {"Best shared with 100-100% MPS thread%": 89.84042789328248, "Random select collocation": 39.83301307728523, "stage1-shared 100-100% throughput of predicted pairs": 71.30982565474154, "_PCIe read bandwidth": 89.84042789328248, "_PCIe write bandwidth": 89.84042789328248, "_Long_Kernel": 63.29098144677795, "_ave_Kernel_Length": 63.29098144677795, "_long/short_Ratio": 63.29098144677795, "_avg_Thread": 63.29098144677795, "sm%": 7.638430251464336, "mem%": 63.29098144677795, "CPU%": 25.70534920560767, "MainMem%": 25.70534920560767}}