{"workload1": {"Best shared with 100-100% MPS thread%": 41.31169170922575, "Random select collocation": 51.57708427670627, "stage1-shared 100-100% throughput of predicted pairs": 51.14776398571672, "_PCIe read bandwidth": 41.31169170922575, "_PCIe write bandwidth": 41.31169170922575, "_Long_Kernel": 62.271797135176335, "_ave_Kernel_Length": 62.271797135176335, "_long/short_Ratio": 62.271797135176335, "_avg_Thread": 62.271797135176335, "sm%": 62.271797135176335, "mem%": 51.14776398571672, "CPU%": 51.14776398571672, "MainMem%": 51.14776398571672}, "workload2": {"Best shared with 100-100% MPS thread%": 54.48460040350325, "Random select collocation": 33.80159377446155, "stage1-shared 100-100% throughput of predicted pairs": 40.54640445732734, "_PCIe read bandwidth": 54.48460040350325, "_PCIe write bandwidth": 54.48460040350325, "_Long_Kernel": 6.373776462554064, "_ave_Kernel_Length": 6.373776462554064, "_long/short_Ratio": 6.373776462554064, "_avg_Thread": 6.373776462554064, "sm%": 6.373776462554064, "mem%": 40.54640445732734, "CPU%": 40.54640445732734, "MainMem%": 40.54640445732734}, "workload1+workload2": {"Best shared with 100-100% MPS thread%": 95.79629211272899, "Random select collocation": 85.37867805116781, "stage1-shared 100-100% throughput of predicted pairs": 91.69416844304406, "_PCIe read bandwidth": 95.79629211272899, "_PCIe write bandwidth": 95.79629211272899, "_Long_Kernel": 68.6455735977304, "_ave_Kernel_Length": 68.6455735977304, "_long/short_Ratio": 68.6455735977304, "_avg_Thread": 68.6455735977304, "sm%": 68.6455735977304, "mem%": 91.69416844304406, "CPU%": 91.69416844304406, "MainMem%": 91.69416844304406}}