{"workload1": {"Best shared with 100-100% MPS thread%": 3.589574397888485, "Random select collocation": 3.3565875095460918, "stage1-shared 100-100% throughput of predicted pairs": 3.4848264846812835, "_PCIe read bandwidth": 3.313421491979044, "_PCIe write bandwidth": 3.589574397888485, "_Long_Kernel": 3.006807940142824, "_ave_Kernel_Length": 3.700801045380914, "_long/short_Ratio": 3.700801045380914, "_avg_Thread": 3.313421491979044, "sm%": 3.313421491979044, "mem%": 3.4848264846812835, "CPU%": 3.006807940142824, "MainMem%": 3.700801045380914}, "workload2": {"Best shared with 100-100% MPS thread%": 41.77732471318328, "Random select collocation": 15.508760581412629, "stage1-shared 100-100% throughput of predicted pairs": 11.742956903038175, "_PCIe read bandwidth": 1.6991106175383557, "_PCIe write bandwidth": 41.77732471318328, "_Long_Kernel": 10.068943480493251, "_ave_Kernel_Length": 4.90239666139081, "_long/short_Ratio": 4.90239666139081, "_avg_Thread": 1.6991106175383557, "sm%": 1.6991106175383557, "mem%": 11.742956903038175, "CPU%": 10.068943480493251, "MainMem%": 4.90239666139081}, "workload1+workload2": {"Best shared with 100-100% MPS thread%": 45.36689911107177, "Random select collocation": 18.86534809095872, "stage1-shared 100-100% throughput of predicted pairs": 15.227783387719459, "_PCIe read bandwidth": 5.0125321095174, "_PCIe write bandwidth": 45.36689911107177, "_Long_Kernel": 13.075751420636076, "_ave_Kernel_Length": 8.603197706771724, "_long/short_Ratio": 8.603197706771724, "_avg_Thread": 5.0125321095174, "sm%": 5.0125321095174, "mem%": 15.227783387719459, "CPU%": 13.075751420636076, "MainMem%": 8.603197706771724}}