mse,r2
0.5071674610032914,0.4091541772620175
