mse,r2
0.45460011684581286,0.5214735612149337
