mse,r2
0.5246895216486062,0.37037257402167256
