mse,r2
0.08899970952432239,0.9071307378876636
