mse,r2
0.13016538617376344,0.8537626034613917
