mse,r2
0.16846999022742382,0.8097687402144806
