mse,r2
0.11961702294687418,0.8784842941492073
