{"workload1": {"Best shared with 100-100% MPS thread%": 12.097491549546344, "Random select collocation": 19.376065364457414, "stage1-shared 100-100% throughput of predicted pairs": 27.516737301148577, "_Threads": 28.99527983816588, "_Compute (SM) Throughput": 27.516737301148577, "_DRAM Throughput": 28.99527983816588, "_Memory Throughput": 28.99527983816588, "_Registers": 28.99527983816588, "_Static Shared Memory": 10.068943480493251, "exclusive_throughput": 12.097491549546344, "sm%": 22.78488562822463, "mem%": 28.99527983816588, "memcap": 24.80782669461915}, "workload2": {"Best shared with 100-100% MPS thread%": 73.45565460748706, "Random select collocation": 25.53275736030699, "stage1-shared 100-100% throughput of predicted pairs": 52.483767327956144, "_Threads": 28.829540405785654, "_Compute (SM) Throughput": 52.483767327956144, "_DRAM Throughput": 28.829540405785654, "_Memory Throughput": 28.829540405785654, "_Registers": 28.829540405785654, "_Static Shared Memory": 3.006807940142824, "exclusive_throughput": 73.45565460748706, "sm%": 2.920463577383043, "mem%": 28.829540405785654, "memcap": 28.806787352636512}, "workload1+workload2": {"Best shared with 100-100% MPS thread%": 85.55314615703341, "Random select collocation": 44.9088227247644, "stage1-shared 100-100% throughput of predicted pairs": 80.00050462910473, "_Threads": 57.824820243951535, "_Compute (SM) Throughput": 80.00050462910473, "_DRAM Throughput": 57.824820243951535, "_Memory Throughput": 57.824820243951535, "_Registers": 57.824820243951535, "_Static Shared Memory": 13.075751420636076, "exclusive_throughput": 85.55314615703341, "sm%": 25.70534920560767, "mem%": 57.824820243951535, "memcap": 53.61461404725566}}