{"workload1": {"Best shared with 100-100% MPS thread%": 25.89140610892726, "Random select collocation": 20.64731813845722, "stage1-shared 100-100% throughput of predicted pairs": 27.95779788104665, "_Threads": 30.13044277053096, "_Compute (SM) Throughput": 27.95779788104665, "_DRAM Throughput": 30.13044277053096, "_Memory Throughput": 30.13044277053096, "_Registers": 30.13044277053096, "_Static Shared Memory": 7.380307886253097, "exclusive_throughput": 11.38203404798116, "sm%": 25.095406501628403, "mem%": 30.13044277053096, "memcap": 24.02660087954521}, "workload2": {"Best shared with 100-100% MPS thread%": 68.67356538099718, "Random select collocation": 34.40871739317046, "stage1-shared 100-100% throughput of predicted pairs": 55.69463319266624, "_Threads": 30.084483824438493, "_Compute (SM) Throughput": 55.69463319266624, "_DRAM Throughput": 30.084483824438493, "_Memory Throughput": 30.084483824438493, "_Registers": 30.084483824438493, "_Static Shared Memory": 3.2853305334640126, "exclusive_throughput": 76.38854825787675, "sm%": 7.833808420318684, "mem%": 30.084483824438493, "memcap": 33.01673450927183}, "workload1+workload2": {"Best shared with 100-100% MPS thread%": 94.56497148992443, "Random select collocation": 55.05603553162768, "stage1-shared 100-100% throughput of predicted pairs": 83.65243107371289, "_Threads": 60.214926594969455, "_Compute (SM) Throughput": 83.65243107371289, "_DRAM Throughput": 60.214926594969455, "_Memory Throughput": 60.214926594969455, "_Registers": 60.214926594969455, "_Static Shared Memory": 10.665638419717109, "exclusive_throughput": 87.77058230585791, "sm%": 32.929214921947086, "mem%": 60.214926594969455, "memcap": 57.04333538881704}}