{"workload1": {"Best shared with 100-100% MPS thread%": 2.439768222018908, "Random select collocation": 1.9738223329287292, "stage1-shared 100-100% throughput of predicted pairs": 2.439768222018908, "_Threads": 2.8225571786067625, "_Compute (SM) Throughput": 1.5092631022903067, "_DRAM Throughput": 2.439768222018908, "_Memory Throughput": 1.8773345719870715, "_Registers": 2.8225571786067625, "_Static Shared Memory": 1.561942283280508, "exclusive_throughput": 1.5092631022903067, "sm%": 1.9338632074217816, "mem%": 2.021263694061528, "memcap": 2.439768222018908}, "workload2": {"Best shared with 100-100% MPS thread%": 82.98401420959148, "Random select collocation": 32.12626125235774, "stage1-shared 100-100% throughput of predicted pairs": 82.98401420959148, "_Threads": 9.260726722893526, "_Compute (SM) Throughput": 83.40771949869675, "_DRAM Throughput": 82.98401420959148, "_Memory Throughput": 1.887885216578832, "_Registers": 9.260726722893526, "_Static Shared Memory": 6.278691561850259, "exclusive_throughput": 83.40771949869675, "sm%": 18.106009718666986, "mem%": 47.01700529143272, "memcap": 82.98401420959148}, "workload1+workload2": {"Best shared with 100-100% MPS thread%": 85.42378243161039, "Random select collocation": 34.10008358528647, "stage1-shared 100-100% throughput of predicted pairs": 85.42378243161039, "_Threads": 12.08328390150029, "_Compute (SM) Throughput": 84.91698260098705, "_DRAM Throughput": 85.42378243161039, "_Memory Throughput": 3.7652197885659033, "_Registers": 12.08328390150029, "_Static Shared Memory": 7.8406338451307676, "exclusive_throughput": 84.91698260098705, "sm%": 20.03987292608877, "mem%": 49.03826898549425, "memcap": 85.42378243161039}}