{"workload1": {"Best shared with 100-100% MPS thread%": 3.589574397888485, "Random select collocation": 3.3565875095460918, "stage1-shared 100-100% throughput of predicted pairs": 3.589574397888485, "_Threads": 3.313421491979044, "_Compute (SM) Throughput": 3.589574397888485, "_DRAM Throughput": 3.589574397888485, "_Memory Throughput": 3.4848264846812835, "_Registers": 3.313421491979044, "_Static Shared Memory": 3.313421491979044, "exclusive_throughput": 3.589574397888485, "sm%": 3.313421491979044, "mem%": 3.4848264846812835, "memcap": 3.700801045380914}, "workload2": {"Best shared with 100-100% MPS thread%": 41.77732471318328, "Random select collocation": 15.508760581412629, "stage1-shared 100-100% throughput of predicted pairs": 41.77732471318328, "_Threads": 1.6991106175383557, "_Compute (SM) Throughput": 41.77732471318328, "_DRAM Throughput": 41.77732471318328, "_Memory Throughput": 11.742956903038175, "_Registers": 1.6991106175383557, "_Static Shared Memory": 1.6991106175383557, "exclusive_throughput": 41.77732471318328, "sm%": 1.6991106175383557, "mem%": 11.742956903038175, "memcap": 4.90239666139081}, "workload1+workload2": {"Best shared with 100-100% MPS thread%": 45.36689911107177, "Random select collocation": 18.86534809095872, "stage1-shared 100-100% throughput of predicted pairs": 45.36689911107177, "_Threads": 5.0125321095174, "_Compute (SM) Throughput": 45.36689911107177, "_DRAM Throughput": 45.36689911107177, "_Memory Throughput": 15.227783387719459, "_Registers": 5.0125321095174, "_Static Shared Memory": 5.0125321095174, "exclusive_throughput": 45.36689911107177, "sm%": 5.0125321095174, "mem%": 15.227783387719459, "memcap": 8.603197706771724}}