mse,r2
0.15129932356005998,0.8234482060527271
