mse,r2
0.08535349500586138,0.9124579538401422
