mse,r2
0.07558348897324903,0.9204384326597379
