mse,r2
0.08032561645094126,0.9166993607175424
