{"workload1": {"Best shared with 100-100% MPS thread%": 96.2425840474621, "Random select collocation": 69.34975197010802, "stage1-shared 100-100% throughput of predicted pairs": 96.2425840474621, "_Threads": 96.2425840474621, "_Compute (SM) Throughput": 84.82278097546198, "_DRAM Throughput": 96.2425840474621, "_Memory Throughput": 96.2425840474621, "_Registers": 96.2425840474621, "_Static Shared Memory": 96.2425840474621, "exclusive_throughput": 40.54640445732734, "sm%": 42.5469911117587, "mem%": 96.2425840474621, "memcap": 84.82278097546198}, "workload2": {"Best shared with 100-100% MPS thread%": 31.99121809699298, "Random select collocation": 22.891565632351, "stage1-shared 100-100% throughput of predicted pairs": 31.99121809699298, "_Threads": 31.99121809699298, "_Compute (SM) Throughput": 23.843547135916385, "_DRAM Throughput": 31.99121809699298, "_Memory Throughput": 31.99121809699298, "_Registers": 31.99121809699298, "_Static Shared Memory": 31.99121809699298, "exclusive_throughput": 51.14776398571672, "sm%": 21.71277615937177, "mem%": 31.99121809699298, "memcap": 23.843547135916385}, "workload1+workload2": {"Best shared with 100-100% MPS thread%": 128.23380214445507, "Random select collocation": 92.241317602459, "stage1-shared 100-100% throughput of predicted pairs": 128.23380214445507, "_Threads": 128.23380214445507, "_Compute (SM) Throughput": 108.66632811137836, "_DRAM Throughput": 128.23380214445507, "_Memory Throughput": 128.23380214445507, "_Registers": 128.23380214445507, "_Static Shared Memory": 128.23380214445507, "exclusive_throughput": 91.69416844304406, "sm%": 64.25976727113047, "mem%": 128.23380214445507, "memcap": 108.66632811137836}}