{"workload1": {"Best shared with 100-100% MPS thread%": 80.92285308483736, "Random select collocation": 67.4125356643264, "stage1-shared 100-100% throughput of predicted pairs": 77.98364212986147, "_Threads": 77.98364212986147, "_Compute (SM) Throughput": 80.92285308483736, "_DRAM Throughput": 77.98364212986147, "_Memory Throughput": 77.98364212986147, "_Registers": 77.98364212986147, "_Static Shared Memory": 77.98364212986147, "exclusive_throughput": 80.92285308483736, "sm%": 65.43600661082944, "mem%": 77.98364212986147, "memcap": 77.98364212986147}, "workload2": {"Best shared with 100-100% MPS thread%": 80.82296944572394, "Random select collocation": 36.326787692066645, "stage1-shared 100-100% throughput of predicted pairs": 61.59628967231502, "_Threads": 61.59628967231502, "_Compute (SM) Throughput": 80.82296944572394, "_DRAM Throughput": 61.59628967231502, "_Memory Throughput": 61.59628967231502, "_Registers": 61.59628967231502, "_Static Shared Memory": 61.59628967231502, "exclusive_throughput": 80.82296944572394, "sm%": 5.873819043912105, "mem%": 61.59628967231502, "memcap": 61.59628967231502}, "workload1+workload2": {"Best shared with 100-100% MPS thread%": 161.7458225305613, "Random select collocation": 103.73932335639304, "stage1-shared 100-100% throughput of predicted pairs": 139.57993180217647, "_Threads": 139.57993180217647, "_Compute (SM) Throughput": 161.7458225305613, "_DRAM Throughput": 139.57993180217647, "_Memory Throughput": 139.57993180217647, "_Registers": 139.57993180217647, "_Static Shared Memory": 139.57993180217647, "exclusive_throughput": 161.7458225305613, "sm%": 71.30982565474154, "mem%": 139.57993180217647, "memcap": 139.57993180217647}}