{"workload1": {"Best shared with 100-100% MPS thread%": 41.31169170922575, "Random select collocation": 51.57708427670627, "stage1-shared 100-100% throughput of predicted pairs": 51.14776398571672, "_Threads": 62.271797135176335, "_Compute (SM) Throughput": 41.31169170922575, "_DRAM Throughput": 51.14776398571672, "_Memory Throughput": 51.14776398571672, "_Registers": 62.271797135176335, "_Static Shared Memory": 51.14776398571672, "exclusive_throughput": 41.31169170922575, "sm%": 62.271797135176335, "mem%": 51.14776398571672, "memcap": 51.14776398571672}, "workload2": {"Best shared with 100-100% MPS thread%": 54.48460040350325, "Random select collocation": 33.80159377446155, "stage1-shared 100-100% throughput of predicted pairs": 40.54640445732734, "_Threads": 6.373776462554064, "_Compute (SM) Throughput": 54.48460040350325, "_DRAM Throughput": 40.54640445732734, "_Memory Throughput": 40.54640445732734, "_Registers": 6.373776462554064, "_Static Shared Memory": 40.54640445732734, "exclusive_throughput": 54.48460040350325, "sm%": 6.373776462554064, "mem%": 40.54640445732734, "memcap": 40.54640445732734}, "workload1+workload2": {"Best shared with 100-100% MPS thread%": 95.79629211272899, "Random select collocation": 85.37867805116781, "stage1-shared 100-100% throughput of predicted pairs": 91.69416844304406, "_Threads": 68.6455735977304, "_Compute (SM) Throughput": 95.79629211272899, "_DRAM Throughput": 91.69416844304406, "_Memory Throughput": 91.69416844304406, "_Registers": 68.6455735977304, "_Static Shared Memory": 91.69416844304406, "exclusive_throughput": 95.79629211272899, "sm%": 68.6455735977304, "mem%": 91.69416844304406, "memcap": 91.69416844304406}}