mse,r2
0.18402911959809948,0.7894053936449142
