{"workload1": {"Best shared with 100-100% MPS thread%": 21.71277615937177, "Random select collocation": 23.295720880632583, "stage1-shared 100-100% throughput of predicted pairs": 21.71277615937177, "_PCIe read bandwidth": 17.335072891258722, "_PCIe write bandwidth": 17.335072891258722, "_Long_Kernel": 31.03071335378539, "_ave_Kernel_Length": 31.03071335378539, "_long/short_Ratio": 28.69084237968468, "_avg_Thread": 31.03071335378539, "exclusive_throughput": 21.71277615937177, "sm%": 17.335072891258722, "mem%": 31.03071335378539, "CPU%": 21.71277615937177, "MainMem%": 28.354682253451063}, "workload2": {"Best shared with 100-100% MPS thread%": 42.5469911117587, "Random select collocation": 15.788635166204756, "stage1-shared 100-100% throughput of predicted pairs": 42.5469911117587, "_PCIe read bandwidth": 17.449377691330405, "_PCIe write bandwidth": 17.449377691330405, "_Long_Kernel": 21.55379221258535, "_ave_Kernel_Length": 21.55379221258535, "_long/short_Ratio": 5.291518333310246, "_avg_Thread": 21.55379221258535, "exclusive_throughput": 42.5469911117587, "sm%": 17.449377691330405, "mem%": 21.55379221258535, "CPU%": 42.5469911117587, "MainMem%": 18.33076995511472}, "workload1+workload2": {"Best shared with 100-100% MPS thread%": 64.25976727113047, "Random select collocation": 39.08435604683734, "stage1-shared 100-100% throughput of predicted pairs": 64.25976727113047, "_PCIe read bandwidth": 34.78445058258913, "_PCIe write bandwidth": 34.78445058258913, "_Long_Kernel": 52.58450556637074, "_ave_Kernel_Length": 52.58450556637074, "_long/short_Ratio": 33.982360712994925, "_avg_Thread": 52.58450556637074, "exclusive_throughput": 64.25976727113047, "sm%": 34.78445058258913, "mem%": 52.58450556637074, "CPU%": 64.25976727113047, "MainMem%": 46.685452208565785}}