{"workload1": {"Best shared with 100-100% MPS thread%": 96.51496684363832, "Random select collocation": 77.09953053421481, "stage1-shared 100-100% throughput of predicted pairs": 96.51496684363832, "_PCIe read bandwidth": 61.84720880051893, "_PCIe write bandwidth": 61.84720880051893, "_Long_Kernel": 57.9242967132425, "_ave_Kernel_Length": 43.00639756984397, "_long/short_Ratio": 43.00639756984397, "_avg_Thread": 94.45635032954593, "exclusive_throughput": 72.32534018607676, "sm%": 87.77829967120714, "mem%": 88.95150695885611, "CPU%": 72.32534018607676, "MainMem%": 95.44626593806922}, "workload2": {"Best shared with 100-100% MPS thread%": 38.74561084877104, "Random select collocation": 14.951324566495659, "stage1-shared 100-100% throughput of predicted pairs": 38.74561084877104, "_PCIe read bandwidth": 16.663697531963876, "_PCIe write bandwidth": 16.663697531963876, "_Long_Kernel": 6.143275740123269, "_ave_Kernel_Length": 3.108606955508063, "_long/short_Ratio": 3.108606955508063, "_avg_Thread": 5.135074793480688, "exclusive_throughput": 40.41189042160482, "sm%": 2.062128222075347, "mem%": 14.920679292752814, "CPU%": 40.41189042160482, "MainMem%": 13.794080827644848}, "workload1+workload2": {"Best shared with 100-100% MPS thread%": 135.26057769240936, "Random select collocation": 92.05085510071045, "stage1-shared 100-100% throughput of predicted pairs": 135.26057769240936, "_PCIe read bandwidth": 78.5109063324828, "_PCIe write bandwidth": 78.5109063324828, "_Long_Kernel": 64.06757245336577, "_ave_Kernel_Length": 46.115004525352035, "_long/short_Ratio": 46.115004525352035, "_avg_Thread": 99.59142512302661, "exclusive_throughput": 112.73723060768157, "sm%": 89.84042789328248, "mem%": 103.87218625160892, "CPU%": 112.73723060768157, "MainMem%": 109.24034676571407}}