{"workload1": {"Best shared with 100-100% MPS thread%": 5.135074793480688, "Random select collocation": 10.13414000283085, "stage1-shared 100-100% throughput of predicted pairs": 19.834622849698228, "_PCIe read bandwidth": 5.127782508767592, "_PCIe write bandwidth": 5.135074793480688, "_Long_Kernel": 21.2018567306486, "_ave_Kernel_Length": 21.2018567306486, "_long/short_Ratio": 9.260726722893526, "_avg_Thread": 21.2018567306486, "exclusive_throughput": 6.373776462554064, "sm%": 5.127782508767592, "mem%": 21.2018567306486, "CPU%": 5.391672547635851, "MainMem%": 5.127782508767592}, "workload2": {"Best shared with 100-100% MPS thread%": 94.45635032954593, "Random select collocation": 38.48788868125647, "stage1-shared 100-100% throughput of predicted pairs": 70.7450030284676, "_PCIe read bandwidth": 28.53008448863371, "_PCIe write bandwidth": 94.45635032954593, "_Long_Kernel": 49.6261046906866, "_ave_Kernel_Length": 49.6261046906866, "_long/short_Ratio": 2.8225571786067625, "_avg_Thread": 49.6261046906866, "exclusive_throughput": 62.271797135176335, "sm%": 28.53008448863371, "mem%": 49.6261046906866, "CPU%": 29.404750213942, "MainMem%": 28.53008448863371}, "workload1+workload2": {"Best shared with 100-100% MPS thread%": 99.59142512302661, "Random select collocation": 48.622028684087304, "stage1-shared 100-100% throughput of predicted pairs": 90.57962587816581, "_PCIe read bandwidth": 33.65786699740131, "_PCIe write bandwidth": 99.59142512302661, "_Long_Kernel": 70.8279614213352, "_ave_Kernel_Length": 70.8279614213352, "_long/short_Ratio": 12.08328390150029, "_avg_Thread": 70.8279614213352, "exclusive_throughput": 68.6455735977304, "sm%": 33.65786699740131, "mem%": 70.8279614213352, "CPU%": 34.79642276157785, "MainMem%": 33.65786699740131}}