{"workload1": {"Best shared with 100-100% MPS thread%": 68.61708377393961, "Random select collocation": 44.47467195604044, "stage1-shared 100-100% throughput of predicted pairs": 68.61708377393961, "_PCIe read bandwidth": 18.33076995511472, "_PCIe write bandwidth": 13.794080827644848, "_Long_Kernel": 75.46194598785372, "_ave_Kernel_Length": 75.46194598785372, "_long/short_Ratio": 51.58099275746335, "_avg_Thread": 75.46194598785372, "exclusive_throughput": 13.794080827644848, "sm%": 18.33076995511472, "mem%": 75.46194598785372, "CPU%": 18.33076995511472, "MainMem%": 49.52090223013653}, "workload2": {"Best shared with 100-100% MPS thread%": 79.56139232436567, "Random select collocation": 52.42359955750839, "stage1-shared 100-100% throughput of predicted pairs": 79.56139232436567, "_PCIe read bandwidth": 28.354682253451063, "_PCIe write bandwidth": 95.44626593806922, "_Long_Kernel": 52.875381312846, "_ave_Kernel_Length": 52.875381312846, "_long/short_Ratio": 17.477500978218337, "_avg_Thread": 52.875381312846, "exclusive_throughput": 95.44626593806922, "sm%": 28.354682253451063, "mem%": 52.875381312846, "CPU%": 28.354682253451063, "MainMem%": 54.79849231661351}, "workload1+workload2": {"Best shared with 100-100% MPS thread%": 148.17847609830528, "Random select collocation": 96.89827151354882, "stage1-shared 100-100% throughput of predicted pairs": 148.17847609830528, "_PCIe read bandwidth": 46.685452208565785, "_PCIe write bandwidth": 109.24034676571407, "_Long_Kernel": 128.3373273006997, "_ave_Kernel_Length": 128.3373273006997, "_long/short_Ratio": 69.05849373568168, "_avg_Thread": 128.3373273006997, "exclusive_throughput": 109.24034676571407, "sm%": 46.685452208565785, "mem%": 128.3373273006997, "CPU%": 46.685452208565785, "MainMem%": 104.31939454675003}}