{"workload1": {"Best shared with 100-100% MPS thread%": 80.92285308483736, "Random select collocation": 63.44397343404523, "stage1-shared 100-100% throughput of predicted pairs": 80.92285308483736, "_PCIe read bandwidth": 38.74561084877104, "_PCIe write bandwidth": 38.74561084877104, "_Long_Kernel": 77.98364212986147, "_ave_Kernel_Length": 77.98364212986147, "_long/short_Ratio": 69.30105612910882, "_avg_Thread": 77.98364212986147, "exclusive_throughput": 38.74561084877104, "sm%": 65.43600661082944, "mem%": 77.98364212986147, "CPU%": 52.483767327956144, "MainMem%": 69.30105612910882}, "workload2": {"Best shared with 100-100% MPS thread%": 80.82296944572394, "Random select collocation": 44.67706288548224, "stage1-shared 100-100% throughput of predicted pairs": 80.82296944572394, "_PCIe read bandwidth": 96.51496684363832, "_PCIe write bandwidth": 96.51496684363832, "_Long_Kernel": 61.59628967231502, "_ave_Kernel_Length": 61.59628967231502, "_long/short_Ratio": 22.196555014312256, "_avg_Thread": 61.59628967231502, "exclusive_throughput": 96.51496684363832, "sm%": 5.873819043912105, "mem%": 61.59628967231502, "CPU%": 27.516737301148577, "MainMem%": 22.196555014312256}, "workload1+workload2": {"Best shared with 100-100% MPS thread%": 161.7458225305613, "Random select collocation": 108.12103631952748, "stage1-shared 100-100% throughput of predicted pairs": 161.7458225305613, "_PCIe read bandwidth": 135.26057769240936, "_PCIe write bandwidth": 135.26057769240936, "_Long_Kernel": 139.57993180217647, "_ave_Kernel_Length": 139.57993180217647, "_long/short_Ratio": 91.49761114342107, "_avg_Thread": 139.57993180217647, "exclusive_throughput": 135.26057769240936, "sm%": 71.30982565474154, "mem%": 139.57993180217647, "CPU%": 80.00050462910473, "MainMem%": 91.49761114342107}}