{"workload1": {"Best shared with 100-100% MPS thread%": 6.143275740123269, "Random select collocation": 7.839928735804445, "stage1-shared 100-100% throughput of predicted pairs": 6.143275740123269, "_PCIe read bandwidth": 6.143275740123269, "_PCIe write bandwidth": 6.143275740123269, "_Long_Kernel": 9.53658173148562, "_ave_Kernel_Length": 9.53658173148562, "_long/short_Ratio": 6.143275740123269, "_avg_Thread": 9.53658173148562, "exclusive_throughput": 6.143275740123269, "sm%": 6.143275740123269, "mem%": 9.53658173148562, "CPU%": 6.143275740123269, "MainMem%": 6.143275740123269}, "workload2": {"Best shared with 100-100% MPS thread%": 57.9242967132425, "Random select collocation": 53.91035093260861, "stage1-shared 100-100% throughput of predicted pairs": 57.9242967132425, "_PCIe read bandwidth": 57.9242967132425, "_PCIe write bandwidth": 57.9242967132425, "_Long_Kernel": 49.89640515197471, "_ave_Kernel_Length": 49.89640515197471, "_long/short_Ratio": 57.9242967132425, "_avg_Thread": 49.89640515197471, "exclusive_throughput": 57.9242967132425, "sm%": 57.9242967132425, "mem%": 49.89640515197471, "CPU%": 57.9242967132425, "MainMem%": 57.9242967132425}, "workload1+workload2": {"Best shared with 100-100% MPS thread%": 64.06757245336577, "Random select collocation": 61.75027966841305, "stage1-shared 100-100% throughput of predicted pairs": 64.06757245336577, "_PCIe read bandwidth": 64.06757245336577, "_PCIe write bandwidth": 64.06757245336577, "_Long_Kernel": 59.43298688346033, "_ave_Kernel_Length": 59.43298688346033, "_long/short_Ratio": 64.06757245336577, "_avg_Thread": 59.43298688346033, "exclusive_throughput": 64.06757245336577, "sm%": 64.06757245336577, "mem%": 59.43298688346033, "CPU%": 64.06757245336577, "MainMem%": 64.06757245336577}}