{"workload1": {"Best shared with 100-100% MPS thread%": 5.9886643139771145, "Random select collocation": 6.939037132172247, "stage1-shared 100-100% throughput of predicted pairs": 5.9886643139771145, "_PCIe read bandwidth": 5.9886643139771145, "_PCIe write bandwidth": 5.9886643139771145, "_Long_Kernel": 8.234666436728338, "_ave_Kernel_Length": 8.446108071791919, "_long/short_Ratio": 8.446108071791919, "_avg_Thread": 8.234666436728338, "exclusive_throughput": 5.9886643139771145, "sm%": 7.328642618359017, "mem%": 6.278691561850259, "CPU%": 5.9886643139771145, "MainMem%": 8.446108071791919}, "workload2": {"Best shared with 100-100% MPS thread%": 61.26891704041755, "Random select collocation": 16.713271028347357, "stage1-shared 100-100% throughput of predicted pairs": 61.26891704041755, "_PCIe read bandwidth": 61.26891704041755, "_PCIe write bandwidth": 61.26891704041755, "_Long_Kernel": 7.070849523179645, "_ave_Kernel_Length": 13.81855013746202, "_long/short_Ratio": 13.81855013746202, "_avg_Thread": 7.070849523179645, "exclusive_throughput": 61.26891704041755, "sm%": 2.4118720856545632, "mem%": 1.561942283280508, "CPU%": 61.26891704041755, "MainMem%": 13.81855013746202}, "workload1+workload2": {"Best shared with 100-100% MPS thread%": 67.25758135439466, "Random select collocation": 23.652308160519603, "stage1-shared 100-100% throughput of predicted pairs": 67.25758135439466, "_PCIe read bandwidth": 67.25758135439466, "_PCIe write bandwidth": 67.25758135439466, "_Long_Kernel": 15.305515959907982, "_ave_Kernel_Length": 22.264658209253938, "_long/short_Ratio": 22.264658209253938, "_avg_Thread": 15.305515959907982, "exclusive_throughput": 67.25758135439466, "sm%": 9.74051470401358, "mem%": 7.8406338451307676, "CPU%": 67.25758135439466, "MainMem%": 22.264658209253938}}