{"workload1": {"Best shared with 100-100% MPS thread%": 3.0695443645083933, "Random select collocation": 2.965048786903691, "stage1-shared 100-100% throughput of predicted pairs": 3.0695443645083933, "_PCIe read bandwidth": 3.0695443645083933, "_PCIe write bandwidth": 3.0695443645083933, "_Long_Kernel": 3.714731591494414, "_ave_Kernel_Length": 3.044093697204, "_long/short_Ratio": 3.1421541302185334, "_avg_Thread": 3.714731591494414, "exclusive_throughput": 3.0695443645083933, "sm%": 3.313421491979044, "mem%": 3.4848264846812835, "CPU%": 3.0695443645083933, "MainMem%": 3.006807940142824}, "workload2": {"Best shared with 100-100% MPS thread%": 60.36331688157317, "Random select collocation": 14.426741874471096, "stage1-shared 100-100% throughput of predicted pairs": 60.36331688157317, "_PCIe read bandwidth": 60.36331688157317, "_PCIe write bandwidth": 60.36331688157317, "_Long_Kernel": 4.197695002352801, "_ave_Kernel_Length": 22.861831112831894, "_long/short_Ratio": 0.95585192305125, "_avg_Thread": 4.197695002352801, "exclusive_throughput": 60.36331688157317, "sm%": 1.6991106175383557, "mem%": 11.742956903038175, "CPU%": 60.36331688157317, "MainMem%": 10.068943480493251}, "workload1+workload2": {"Best shared with 100-100% MPS thread%": 63.432861246081565, "Random select collocation": 17.391790661374785, "stage1-shared 100-100% throughput of predicted pairs": 63.432861246081565, "_PCIe read bandwidth": 63.432861246081565, "_PCIe write bandwidth": 63.432861246081565, "_Long_Kernel": 7.912426593847215, "_ave_Kernel_Length": 25.905924810035895, "_long/short_Ratio": 4.098006053269783, "_avg_Thread": 7.912426593847215, "exclusive_throughput": 63.432861246081565, "sm%": 5.0125321095174, "mem%": 15.227783387719459, "CPU%": 63.432861246081565, "MainMem%": 13.075751420636076}}