{"workload1": {"Best shared with 100-100% MPS thread%": 42.27573239522048, "Random select collocation": 24.642900632408143, "stage1-shared 100-100% throughput of predicted pairs": 21.4514896867838, "_PCIe read bandwidth": 14.876920324122594, "_PCIe write bandwidth": 14.920679292752814, "_Long_Kernel": 36.025998142989785, "_ave_Kernel_Length": 34.25342828556295, "_long/short_Ratio": 34.25342828556295, "_avg_Thread": 36.025998142989785, "exclusive_throughput": 15.085145537959098, "sm%": 14.876920324122594, "mem%": 31.224851118622244, "CPU%": 21.4514896867838, "MainMem%": 35.52348574203844}, "workload2": {"Best shared with 100-100% MPS thread%": 76.87118482320615, "Random select collocation": 41.530000601008986, "stage1-shared 100-100% throughput of predicted pairs": 77.80701462212303, "_PCIe read bandwidth": 26.928355040004146, "_PCIe write bandwidth": 88.95150695885611, "_Long_Kernel": 13.576580398812048, "_ave_Kernel_Length": 16.222702183825294, "_long/short_Ratio": 16.222702183825294, "_avg_Thread": 13.576580398812048, "exclusive_throughput": 60.66003409582453, "sm%": 26.928355040004146, "mem%": 33.66619115549215, "CPU%": 77.80701462212303, "MainMem%": 48.57356732928554}, "workload1+workload2": {"Best shared with 100-100% MPS thread%": 119.14691721842664, "Random select collocation": 66.17290123341714, "stage1-shared 100-100% throughput of predicted pairs": 99.25850430890684, "_PCIe read bandwidth": 41.80527536412674, "_PCIe write bandwidth": 103.87218625160892, "_Long_Kernel": 49.60257854180183, "_ave_Kernel_Length": 50.47613046938824, "_long/short_Ratio": 50.47613046938824, "_avg_Thread": 49.60257854180183, "exclusive_throughput": 75.74517963378362, "sm%": 41.80527536412674, "mem%": 64.8910422741144, "CPU%": 99.25850430890684, "MainMem%": 84.09705307132398}}