mse,r2
0.28546411504808095,0.678359079764831
