mse,r2
0.0983090792145902,0.8999034829815082
