mse,r2
0.26522543844087193,0.7052517315807741
