mse,r2
0.31757863207406206,0.6189056415111254
