mse,r2
0.13101913729989423,0.8647544389162383
