mse,r2
1.0711795565441025,-0.28541546785292304
