{"workload1": {"Best shared with 100-100% MPS thread%": 96.51496684363832, "Random select collocation": 75.9919861452959, "stage1-shared 100-100% throughput of predicted pairs": 96.51496684363832, "_Threads": 96.51496684363832, "_Compute (SM) Throughput": 96.51496684363832, "_DRAM Throughput": 96.51496684363832, "_Memory Throughput": 88.95150695885611, "_Registers": 96.51496684363832, "_Static Shared Memory": 43.00639756984397, "exclusive_throughput": 72.32534018607676, "sm%": 73.45565460748706, "mem%": 88.95150695885611, "memcap": 95.44626593806922}, "workload2": {"Best shared with 100-100% MPS thread%": 38.74561084877104, "Random select collocation": 18.89051143447162, "stage1-shared 100-100% throughput of predicted pairs": 38.74561084877104, "_Threads": 38.74561084877104, "_Compute (SM) Throughput": 38.74561084877104, "_DRAM Throughput": 38.74561084877104, "_Memory Throughput": 14.920679292752814, "_Registers": 38.74561084877104, "_Static Shared Memory": 3.108606955508063, "exclusive_throughput": 40.41189042160482, "sm%": 12.097491549546344, "mem%": 14.920679292752814, "memcap": 13.794080827644848}, "workload1+workload2": {"Best shared with 100-100% MPS thread%": 135.26057769240936, "Random select collocation": 94.8824975797675, "stage1-shared 100-100% throughput of predicted pairs": 135.26057769240936, "_Threads": 135.26057769240936, "_Compute (SM) Throughput": 135.26057769240936, "_DRAM Throughput": 135.26057769240936, "_Memory Throughput": 103.87218625160892, "_Registers": 135.26057769240936, "_Static Shared Memory": 46.115004525352035, "exclusive_throughput": 112.73723060768157, "sm%": 85.55314615703341, "mem%": 103.87218625160892, "memcap": 109.24034676571407}}