{"workload1": {"Best shared with 100-100% MPS thread%": 29.28171366807507, "Random select collocation": 22.151758726940738, "stage1-shared 100-100% throughput of predicted pairs": 16.663697531963876, "_Threads": 29.28171366807507, "_Compute (SM) Throughput": 16.663697531963876, "_DRAM Throughput": 29.28171366807507, "_Memory Throughput": 22.538107194401057, "_Registers": 29.28171366807507, "_Static Shared Memory": 29.28171366807507, "exclusive_throughput": 16.663697531963876, "sm%": 17.07949566306, "mem%": 29.28171366807507, "memcap": 16.663697531963876}, "workload2": {"Best shared with 100-100% MPS thread%": 58.51630114853271, "Random select collocation": 27.530801108827134, "stage1-shared 100-100% throughput of predicted pairs": 61.84720880051893, "_Threads": 58.51630114853271, "_Compute (SM) Throughput": 61.84720880051893, "_DRAM Throughput": 58.51630114853271, "_Memory Throughput": 1.5484488905443516, "_Registers": 58.51630114853271, "_Static Shared Memory": 58.51630114853271, "exclusive_throughput": 61.84720880051893, "sm%": 18.529241459177765, "mem%": 58.51630114853271, "memcap": 61.84720880051893}, "workload1+workload2": {"Best shared with 100-100% MPS thread%": 87.79801481660778, "Random select collocation": 49.68255983576787, "stage1-shared 100-100% throughput of predicted pairs": 78.5109063324828, "_Threads": 87.79801481660778, "_Compute (SM) Throughput": 78.5109063324828, "_DRAM Throughput": 87.79801481660778, "_Memory Throughput": 24.086556084945407, "_Registers": 87.79801481660778, "_Static Shared Memory": 87.79801481660778, "exclusive_throughput": 78.5109063324828, "sm%": 35.60873712223777, "mem%": 87.79801481660778, "memcap": 78.5109063324828}}