{"workload1": {"Best shared with 100-100% MPS thread%": 8.446108071791919, "Random select collocation": 7.244315357754834, "stage1-shared 100-100% throughput of predicted pairs": 8.446108071791919, "_Threads": 8.234666436728338, "_Compute (SM) Throughput": 8.446108071791919, "_DRAM Throughput": 6.393180607352158, "_Memory Throughput": 8.446108071791919, "_Registers": 8.234666436728338, "_Static Shared Memory": 6.393180607352158, "exclusive_throughput": 5.903306315146925, "sm%": 5.903306315146925, "mem%": 8.446108071791919, "memcap": 8.446108071791919}, "workload2": {"Best shared with 100-100% MPS thread%": 13.81855013746202, "Random select collocation": 12.937541447269723, "stage1-shared 100-100% throughput of predicted pairs": 13.81855013746202, "_Threads": 7.070849523179645, "_Compute (SM) Throughput": 13.81855013746202, "_DRAM Throughput": 15.27358509426041, "_Memory Throughput": 13.81855013746202, "_Registers": 7.070849523179645, "_Static Shared Memory": 15.27358509426041, "exclusive_throughput": 15.587181034176812, "sm%": 15.587181034176812, "mem%": 13.81855013746202, "memcap": 13.81855013746202}, "workload1+workload2": {"Best shared with 100-100% MPS thread%": 22.264658209253938, "Random select collocation": 20.181856805024555, "stage1-shared 100-100% throughput of predicted pairs": 22.264658209253938, "_Threads": 15.305515959907982, "_Compute (SM) Throughput": 22.264658209253938, "_DRAM Throughput": 21.66676570161257, "_Memory Throughput": 22.264658209253938, "_Registers": 15.305515959907982, "_Static Shared Memory": 21.66676570161257, "exclusive_throughput": 21.490487349323736, "sm%": 21.490487349323736, "mem%": 22.264658209253938, "memcap": 22.264658209253938}}