mse,r2
0.24552284709537933,0.6385474114573175
