mse,r2
0.1259204747206616,0.869042706290512
