{"workload1": {"Best shared with 100-100% MPS thread%": 25.89140610892726, "Random select collocation": 18.954498351931857, "stage1-shared 100-100% throughput of predicted pairs": 30.13044277053096, "_Threads": 30.13044277053096, "_Compute (SM) Throughput": 24.02660087954521, "_DRAM Throughput": 30.13044277053096, "_Memory Throughput": 30.13044277053096, "_Registers": 30.13044277053096, "_Static Shared Memory": 7.380307886253097, "exclusive_throughput": 24.02660087954521, "sm%": 16.27164884417704, "mem%": 30.13044277053096, "memcap": 24.02660087954521}, "workload2": {"Best shared with 100-100% MPS thread%": 68.67356538099718, "Random select collocation": 22.57077648194735, "stage1-shared 100-100% throughput of predicted pairs": 30.084483824438493, "_Threads": 30.084483824438493, "_Compute (SM) Throughput": 33.01673450927183, "_DRAM Throughput": 30.084483824438493, "_Memory Throughput": 30.084483824438493, "_Registers": 30.084483824438493, "_Static Shared Memory": 3.2853305334640126, "exclusive_throughput": 33.01673450927183, "sm%": 18.49050667376599, "mem%": 30.084483824438493, "memcap": 33.01673450927183}, "workload1+workload2": {"Best shared with 100-100% MPS thread%": 94.56497148992443, "Random select collocation": 41.5252748338792, "stage1-shared 100-100% throughput of predicted pairs": 60.214926594969455, "_Threads": 60.214926594969455, "_Compute (SM) Throughput": 57.04333538881704, "_DRAM Throughput": 60.214926594969455, "_Memory Throughput": 60.214926594969455, "_Registers": 60.214926594969455, "_Static Shared Memory": 10.665638419717109, "exclusive_throughput": 57.04333538881704, "sm%": 34.76215551794303, "mem%": 60.214926594969455, "memcap": 57.04333538881704}}