mse,r2
0.21842314782486283,0.7323811696426483
