mse,r2
0.08515734635980392,0.9118013198416317
