mse,r2
0.1297382777564566,0.8675013333551082
