{"workload1": {"Best shared with 100-100% MPS thread%": 81.64121203648692, "stage1-shared 100-100% throughput of predicted pairs": 90.29066171923314}, "workload2": {"Best shared with 100-100% MPS thread%": 83.04498269896193, "stage1-shared 100-100% throughput of predicted pairs": 52.56636503585777}, "workload1+workload2": {"Best shared with 100-100% MPS thread%": 164.68619473544885, "stage1-shared 100-100% throughput of predicted pairs": 142.8570267550909}}