{"workload1": {"Best shared with 100-100% MPS thread%": 6.350704020902889, "Random select collocation": 10.918558710738255, "stage1-shared 100-100% throughput of predicted pairs": 9.729663156598312, "_Threads": 23.80952380952381, "_Compute (SM) Throughput": 6.350704020902889, "_DRAM Throughput": 23.80952380952381, "_Memory Throughput": 23.80952380952381, "_Registers": 23.80952380952381, "_Static Shared Memory": 5.759755730841294, "exclusive_throughput": 7.720493621401698, "sm%": 19.05522023245373, "mem%": 23.80952380952381, "memcap": 17.477500978218337}, "workload2": {"Best shared with 100-100% MPS thread%": 93.996459037502, "Random select collocation": 32.73486468743564, "stage1-shared 100-100% throughput of predicted pairs": 83.86888306466089, "_Threads": 47.0360824742268, "_Compute (SM) Throughput": 93.996459037502, "_DRAM Throughput": 47.0360824742268, "_Memory Throughput": 47.0360824742268, "_Registers": 47.0360824742268, "_Static Shared Memory": 9.615777930908624, "exclusive_throughput": 61.38835783505834, "sm%": 5.126327352618089, "mem%": 47.0360824742268, "memcap": 51.58099275746335}, "workload1+workload2": {"Best shared with 100-100% MPS thread%": 100.3471630584049, "Random select collocation": 43.653423398173885, "stage1-shared 100-100% throughput of predicted pairs": 93.5985462212592, "_Threads": 70.84560628375061, "_Compute (SM) Throughput": 100.3471630584049, "_DRAM Throughput": 70.84560628375061, "_Memory Throughput": 70.84560628375061, "_Registers": 70.84560628375061, "_Static Shared Memory": 15.37553366174992, "exclusive_throughput": 69.10885145646004, "sm%": 24.18154758507182, "mem%": 70.84560628375061, "memcap": 69.05849373568168}}