{"workload1": {"Best shared with 100-100% MPS thread%": 68.61708377393961, "Random select collocation": 42.042919704984975, "stage1-shared 100-100% throughput of predicted pairs": 23.843547135916385, "_Threads": 71.39364303178485, "_Compute (SM) Throughput": 71.39364303178485, "_DRAM Throughput": 71.39364303178485, "_Memory Throughput": 48.57356732928554, "_Registers": 71.39364303178485, "_Static Shared Memory": 71.39364303178485, "exclusive_throughput": 21.73832123580868, "sm%": 85.76883536495814, "mem%": 48.57356732928554, "memcap": 49.52090223013653}, "workload2": {"Best shared with 100-100% MPS thread%": 79.56139232436567, "Random select collocation": 47.16295585669824, "stage1-shared 100-100% throughput of predicted pairs": 84.82278097546198, "_Threads": 72.20216606498194, "_Compute (SM) Throughput": 72.20216606498194, "_DRAM Throughput": 72.20216606498194, "_Memory Throughput": 35.52348574203844, "_Registers": 72.20216606498194, "_Static Shared Memory": 72.20216606498194, "exclusive_throughput": 62.09865217698116, "sm%": 7.033997655334115, "mem%": 35.52348574203844, "memcap": 54.79849231661351}, "workload1+workload2": {"Best shared with 100-100% MPS thread%": 148.17847609830528, "Random select collocation": 89.20587556168321, "stage1-shared 100-100% throughput of predicted pairs": 108.66632811137836, "_Threads": 143.5958090967668, "_Compute (SM) Throughput": 143.5958090967668, "_DRAM Throughput": 143.5958090967668, "_Memory Throughput": 84.09705307132398, "_Registers": 143.5958090967668, "_Static Shared Memory": 143.5958090967668, "exclusive_throughput": 83.83697341278985, "sm%": 92.80283302029225, "mem%": 84.09705307132398, "memcap": 104.31939454675003}}