{"workload1": {"Best shared with 100-100% MPS thread%": 58.77025259132535, "Random select collocation": 40.68811798260607, "stage1-shared 100-100% throughput of predicted pairs": 20.798668885191347, "_Threads": 60.13179571663921, "_Compute (SM) Throughput": 61.59628967231502, "_DRAM Throughput": 60.13179571663921, "_Memory Throughput": 60.13179571663921, "_Registers": 60.13179571663921, "_Static Shared Memory": 42.60596775370249, "exclusive_throughput": 24.36175538127816, "sm%": 56.58366437360721, "mem%": 60.13179571663921, "memcap": 31.99121809699298}, "workload2": {"Best shared with 100-100% MPS thread%": 81.52278407998462, "Random select collocation": 44.07982872584497, "stage1-shared 100-100% throughput of predicted pairs": 101.56742537881256, "_Threads": 60.17783423308987, "_Compute (SM) Throughput": 77.98364212986147, "_DRAM Throughput": 60.17783423308987, "_Memory Throughput": 60.17783423308987, "_Registers": 60.17783423308987, "_Static Shared Memory": 10.626992561105208, "exclusive_throughput": 64.92022848138664, "sm%": 6.707317073170732, "mem%": 60.17783423308987, "memcap": 96.2425840474621}, "workload1+workload2": {"Best shared with 100-100% MPS thread%": 140.29303667130998, "Random select collocation": 84.76794670845105, "stage1-shared 100-100% throughput of predicted pairs": 122.3660942640039, "_Threads": 120.30962994972907, "_Compute (SM) Throughput": 139.57993180217647, "_DRAM Throughput": 120.30962994972907, "_Memory Throughput": 120.30962994972907, "_Registers": 120.30962994972907, "_Static Shared Memory": 53.2329603148077, "exclusive_throughput": 89.2819838626648, "sm%": 63.29098144677795, "mem%": 120.30962994972907, "memcap": 128.23380214445507}}