mse,r2
0.1796427471578793,0.8025963265002749
