mse,r2
0.3456726526264238,0.641981895494061
