mse,r2
0.46838215752043244,0.5003923653115387
