mse,r2
0.13549648760781907,0.8532121384248627
