mse,r2
0.28006331854974154,0.7012657935469424
