{"workload1": {"Best shared with 100-100% MPS thread%": 85.55836354979306, "Random select collocation": 69.51687079638381, "stage1-shared 100-100% throughput of predicted pairs": 90.29066171923314, "_Threads": 90.29066171923314, "_Compute (SM) Throughput": 90.29066171923314, "_DRAM Throughput": 90.29066171923314, "_Memory Throughput": 77.80701462212303, "_Registers": 90.29066171923314, "_Static Shared Memory": 60.36331688157317, "exclusive_throughput": 40.41189042160482, "sm%": 42.5469911117587, "mem%": 77.80701462212303, "memcap": 84.82278097546198}, "workload2": {"Best shared with 100-100% MPS thread%": 65.43844508648831, "Random select collocation": 30.46546470922806, "stage1-shared 100-100% throughput of predicted pairs": 52.56636503585777, "_Threads": 52.56636503585777, "_Compute (SM) Throughput": 52.56636503585777, "_DRAM Throughput": 52.56636503585777, "_Memory Throughput": 21.4514896867838, "_Registers": 52.56636503585777, "_Static Shared Memory": 3.0695443645083933, "exclusive_throughput": 72.32534018607676, "sm%": 21.71277615937177, "mem%": 21.4514896867838, "memcap": 23.843547135916385}, "workload1+workload2": {"Best shared with 100-100% MPS thread%": 150.99680863628137, "Random select collocation": 99.98233550561187, "stage1-shared 100-100% throughput of predicted pairs": 142.8570267550909, "_Threads": 142.8570267550909, "_Compute (SM) Throughput": 142.8570267550909, "_DRAM Throughput": 142.8570267550909, "_Memory Throughput": 99.25850430890684, "_Registers": 142.8570267550909, "_Static Shared Memory": 63.432861246081565, "exclusive_throughput": 112.73723060768157, "sm%": 64.25976727113047, "mem%": 99.25850430890684, "memcap": 108.66632811137836}}