{"workload1": {"Best shared with 100-100% MPS thread%": 92.6984126984127, "Random select collocation": 78.93324761133165, "stage1-shared 100-100% throughput of predicted pairs": 92.6984126984127, "_Threads": 101.56742537881256, "_Compute (SM) Throughput": 95.44626593806922, "_DRAM Throughput": 101.56742537881256, "_Memory Throughput": 101.56742537881256, "_Registers": 101.56742537881256, "_Static Shared Memory": 58.367897656289045, "exclusive_throughput": 54.48460040350325, "sm%": 87.77829967120714, "mem%": 101.56742537881256, "memcap": 95.44626593806922}, "workload2": {"Best shared with 100-100% MPS thread%": 52.61810519682559, "Random select collocation": 18.651512756163438, "stage1-shared 100-100% throughput of predicted pairs": 52.61810519682559, "_Threads": 20.798668885191347, "_Compute (SM) Throughput": 13.794080827644848, "_DRAM Throughput": 20.798668885191347, "_Memory Throughput": 20.798668885191347, "_Registers": 20.798668885191347, "_Static Shared Memory": 2.485012269748082, "exclusive_throughput": 41.31169170922575, "sm%": 2.062128222075347, "mem%": 20.798668885191347, "memcap": 13.794080827644848}, "workload1+workload2": {"Best shared with 100-100% MPS thread%": 145.3165178952383, "Random select collocation": 97.58476036749511, "stage1-shared 100-100% throughput of predicted pairs": 145.3165178952383, "_Threads": 122.3660942640039, "_Compute (SM) Throughput": 109.24034676571407, "_DRAM Throughput": 122.3660942640039, "_Memory Throughput": 122.3660942640039, "_Registers": 122.3660942640039, "_Static Shared Memory": 60.85290992603713, "exclusive_throughput": 95.79629211272899, "sm%": 89.84042789328248, "mem%": 122.3660942640039, "memcap": 109.24034676571407}}