{"workload1": {"Best shared with 100-100% MPS thread%": 7.033997655334115, "Random select collocation": 4.1762352044708235, "stage1-shared 100-100% throughput of predicted pairs": 5.873819043912105, "_Threads": 5.873819043912105, "_Compute (SM) Throughput": 5.873819043912105, "_DRAM Throughput": 5.873819043912105, "_Memory Throughput": 6.896551724137932, "_Registers": 5.873819043912105, "_Static Shared Memory": 1.5150927696074776, "exclusive_throughput": 2.062128222075347, "sm%": 3.788667717972369, "mem%": 6.896551724137932, "memcap": 7.033997655334115}, "workload2": {"Best shared with 100-100% MPS thread%": 85.76883536495814, "Random select collocation": 41.04742830026776, "stage1-shared 100-100% throughput of predicted pairs": 65.43600661082944, "_Threads": 65.43600661082944, "_Compute (SM) Throughput": 65.43600661082944, "_DRAM Throughput": 65.43600661082944, "_Memory Throughput": 44.37666793747617, "_Registers": 65.43600661082944, "_Static Shared Memory": 3.79402686072896, "exclusive_throughput": 87.77829967120714, "sm%": 3.849762533491967, "mem%": 44.37666793747617, "memcap": 85.76883536495814}, "workload1+workload2": {"Best shared with 100-100% MPS thread%": 92.80283302029225, "Random select collocation": 45.22366350473859, "stage1-shared 100-100% throughput of predicted pairs": 71.30982565474154, "_Threads": 71.30982565474154, "_Compute (SM) Throughput": 71.30982565474154, "_DRAM Throughput": 71.30982565474154, "_Memory Throughput": 51.27321966161411, "_Registers": 71.30982565474154, "_Static Shared Memory": 5.309119630336437, "exclusive_throughput": 89.84042789328248, "sm%": 7.638430251464336, "mem%": 51.27321966161411, "memcap": 92.80283302029225}}