mse,r2
0.17282390937121161,0.8096630102333258
