mse,r2
0.5938979986733637,0.3791066377505746
