mse,r2
0.12351425448567235,0.8715451753349007
