mse,r2
0.06346728898057072,0.9349847283613666
