mse,r2
0.04321647675162424,0.9559191937133432
