{"workload1": {"Best shared with 100-100% MPS thread%": 3.108606955508063, "Random select collocation": 3.336122761702916, "stage1-shared 100-100% throughput of predicted pairs": 3.108606955508063, "_Threads": 3.72830460632995, "_Compute (SM) Throughput": 3.108606955508063, "_DRAM Throughput": 3.8681796890346174, "_Memory Throughput": 3.852180834076577, "_Registers": 3.72830460632995, "_Static Shared Memory": 2.1413381078209435, "exclusive_throughput": 3.108606955508063, "sm%": 3.322266247958369, "mem%": 3.852180834076577, "memcap": 3.108606955508063}, "workload2": {"Best shared with 100-100% MPS thread%": 43.00639756984397, "Random select collocation": 12.840924188898876, "stage1-shared 100-100% throughput of predicted pairs": 43.00639756984397, "_Threads": 3.293390534862815, "_Compute (SM) Throughput": 43.00639756984397, "_DRAM Throughput": 25.513651201259115, "_Memory Throughput": 7.06304774053339, "_Registers": 3.293390534862815, "_Static Shared Memory": 2.389257357954705, "exclusive_throughput": 43.00639756984397, "sm%": 7.450307986514724, "mem%": 7.06304774053339, "memcap": 43.00639756984397}, "workload1+workload2": {"Best shared with 100-100% MPS thread%": 46.115004525352035, "Random select collocation": 16.17704695060179, "stage1-shared 100-100% throughput of predicted pairs": 46.115004525352035, "_Threads": 7.021695141192765, "_Compute (SM) Throughput": 46.115004525352035, "_DRAM Throughput": 29.381830890293735, "_Memory Throughput": 10.915228574609968, "_Registers": 7.021695141192765, "_Static Shared Memory": 4.530595465775649, "exclusive_throughput": 46.115004525352035, "sm%": 10.772574234473092, "mem%": 10.915228574609968, "memcap": 46.115004525352035}}