mse,r2
0.16281311377726812,0.7919365618223294
