mse,r2
0.0641866827763484,0.9324350707617385
