mse,r2
0.06610580900846544,0.9256309648654764
