{"workload1": {"Best shared with 100-100% MPS thread%": 12.097491549546344, "Random select collocation": 19.872749898819745, "stage1-shared 100-100% throughput of predicted pairs": 27.516737301148577, "_Threads": 27.516737301148577, "_Compute (SM) Throughput": 27.516737301148577, "_DRAM Throughput": 27.516737301148577, "_Memory Throughput": 27.516737301148577, "_Registers": 27.516737301148577, "_Static Shared Memory": 27.516737301148577, "exclusive_throughput": 12.097491549546344, "sm%": 22.78488562822463, "mem%": 27.516737301148577, "memcap": 24.80782669461915}, "workload2": {"Best shared with 100-100% MPS thread%": 73.45565460748706, "Random select collocation": 31.083988420284925, "stage1-shared 100-100% throughput of predicted pairs": 52.483767327956144, "_Threads": 52.483767327956144, "_Compute (SM) Throughput": 52.483767327956144, "_DRAM Throughput": 52.483767327956144, "_Memory Throughput": 52.483767327956144, "_Registers": 52.483767327956144, "_Static Shared Memory": 52.483767327956144, "exclusive_throughput": 73.45565460748706, "sm%": 2.920463577383043, "mem%": 52.483767327956144, "memcap": 28.806787352636512}, "workload1+workload2": {"Best shared with 100-100% MPS thread%": 85.55314615703341, "Random select collocation": 50.956738319104666, "stage1-shared 100-100% throughput of predicted pairs": 80.00050462910473, "_Threads": 80.00050462910473, "_Compute (SM) Throughput": 80.00050462910473, "_DRAM Throughput": 80.00050462910473, "_Memory Throughput": 80.00050462910473, "_Registers": 80.00050462910473, "_Static Shared Memory": 80.00050462910473, "exclusive_throughput": 85.55314615703341, "sm%": 25.70534920560767, "mem%": 80.00050462910473, "memcap": 53.61461404725566}}