{"workload1": {"Best shared with 100-100% MPS thread%": 88.95150695885611, "Random select collocation": 71.57951250945118, "stage1-shared 100-100% throughput of predicted pairs": 73.45565460748706, "_Threads": 87.77829967120714, "_Compute (SM) Throughput": 88.95150695885611, "_DRAM Throughput": 88.95150695885611, "_Memory Throughput": 88.95150695885611, "_Registers": 87.77829967120714, "_Static Shared Memory": 43.00639756984397, "exclusive_throughput": 59.896667991436, "sm%": 87.77829967120714, "mem%": 88.95150695885611, "memcap": 88.95150695885611}, "workload2": {"Best shared with 100-100% MPS thread%": 14.920679292752814, "Random select collocation": 9.990418765611828, "stage1-shared 100-100% throughput of predicted pairs": 12.097491549546344, "_Threads": 2.062128222075347, "_Compute (SM) Throughput": 14.920679292752814, "_DRAM Throughput": 14.920679292752814, "_Memory Throughput": 14.920679292752814, "_Registers": 2.062128222075347, "_Static Shared Memory": 3.108606955508063, "exclusive_throughput": 16.371572525807245, "sm%": 2.062128222075347, "mem%": 14.920679292752814, "memcap": 14.920679292752814}, "workload1+workload2": {"Best shared with 100-100% MPS thread%": 103.87218625160892, "Random select collocation": 81.56993127506301, "stage1-shared 100-100% throughput of predicted pairs": 85.55314615703341, "_Threads": 89.84042789328248, "_Compute (SM) Throughput": 103.87218625160892, "_DRAM Throughput": 103.87218625160892, "_Memory Throughput": 103.87218625160892, "_Registers": 89.84042789328248, "_Static Shared Memory": 46.115004525352035, "exclusive_throughput": 76.26824051724324, "sm%": 89.84042789328248, "mem%": 103.87218625160892, "memcap": 103.87218625160892}}