{"workload1": {"Best shared with 100-100% MPS thread%": 2.062128222075347, "Random select collocation": 4.4330334444366315, "stage1-shared 100-100% throughput of predicted pairs": 5.873819043912105, "_Threads": 5.873819043912105, "_Compute (SM) Throughput": 5.873819043912105, "_DRAM Throughput": 5.873819043912105, "_Memory Throughput": 6.896551724137932, "_Registers": 5.873819043912105, "_Static Shared Memory": 5.873819043912105, "exclusive_throughput": 2.062128222075347, "sm%": 3.788667717972369, "mem%": 6.896551724137932, "memcap": 2.062128222075347}, "workload2": {"Best shared with 100-100% MPS thread%": 87.77829967120714, "Random select collocation": 39.78703765428114, "stage1-shared 100-100% throughput of predicted pairs": 65.43600661082944, "_Threads": 65.43600661082944, "_Compute (SM) Throughput": 65.43600661082944, "_DRAM Throughput": 65.43600661082944, "_Memory Throughput": 44.37666793747617, "_Registers": 65.43600661082944, "_Static Shared Memory": 65.43600661082944, "exclusive_throughput": 87.77829967120714, "sm%": 3.849762533491967, "mem%": 44.37666793747617, "memcap": 87.77829967120714}, "workload1+workload2": {"Best shared with 100-100% MPS thread%": 89.84042789328248, "Random select collocation": 44.220071098717774, "stage1-shared 100-100% throughput of predicted pairs": 71.30982565474154, "_Threads": 71.30982565474154, "_Compute (SM) Throughput": 71.30982565474154, "_DRAM Throughput": 71.30982565474154, "_Memory Throughput": 51.27321966161411, "_Registers": 71.30982565474154, "_Static Shared Memory": 71.30982565474154, "exclusive_throughput": 89.84042789328248, "sm%": 7.638430251464336, "mem%": 51.27321966161411, "memcap": 89.84042789328248}}