{"workload1": {"Best shared with 100-100% MPS thread%": 2.021263694061528, "Random select collocation": 2.04223789812814, "stage1-shared 100-100% throughput of predicted pairs": 2.8225571786067625, "_Threads": 2.8225571786067625, "_Compute (SM) Throughput": 1.8773345719870715, "_DRAM Throughput": 1.8773345719870715, "_Memory Throughput": 1.8773345719870715, "_Registers": 2.8225571786067625, "_Static Shared Memory": 2.049959846147344, "exclusive_throughput": 2.021263694061528, "sm%": 1.9338632074217816, "mem%": 2.021263694061528, "memcap": 2.8225571786067625}, "workload2": {"Best shared with 100-100% MPS thread%": 47.01700529143272, "Random select collocation": 19.41098766684686, "stage1-shared 100-100% throughput of predicted pairs": 9.260726722893526, "_Threads": 9.260726722893526, "_Compute (SM) Throughput": 1.887885216578832, "_DRAM Throughput": 1.887885216578832, "_Memory Throughput": 1.887885216578832, "_Registers": 9.260726722893526, "_Static Shared Memory": 17.656191857108027, "exclusive_throughput": 47.01700529143272, "sm%": 18.106009718666986, "mem%": 47.01700529143272, "memcap": 9.260726722893526}, "workload1+workload2": {"Best shared with 100-100% MPS thread%": 49.03826898549425, "Random select collocation": 21.453225564975, "stage1-shared 100-100% throughput of predicted pairs": 12.08328390150029, "_Threads": 12.08328390150029, "_Compute (SM) Throughput": 3.7652197885659033, "_DRAM Throughput": 3.7652197885659033, "_Memory Throughput": 3.7652197885659033, "_Registers": 12.08328390150029, "_Static Shared Memory": 19.706151703255372, "exclusive_throughput": 49.03826898549425, "sm%": 20.03987292608877, "mem%": 49.03826898549425, "memcap": 12.08328390150029}}