{"workload1": {"Best shared with 100-100% MPS thread%": 56.28430791433652, "Random select collocation": 45.30738473654868, "stage1-shared 100-100% throughput of predicted pairs": 56.28430791433652, "_Threads": 55.91718108231451, "_Compute (SM) Throughput": 47.01700529143272, "_DRAM Throughput": 56.28430791433652, "_Memory Throughput": 47.01700529143272, "_Registers": 55.91718108231451, "_Static Shared Memory": 22.861831112831894, "exclusive_throughput": 56.28430791433652, "sm%": 40.763438977412015, "mem%": 56.28430791433652, "memcap": 54.86166753075364}, "workload2": {"Best shared with 100-100% MPS thread%": 64.34995799071665, "Random select collocation": 20.813280747094833, "stage1-shared 100-100% throughput of predicted pairs": 64.34995799071665, "_Threads": 8.627974205025573, "_Compute (SM) Throughput": 2.021263694061528, "_DRAM Throughput": 64.34995799071665, "_Memory Throughput": 2.021263694061528, "_Registers": 8.627974205025573, "_Static Shared Memory": 3.044093697204, "exclusive_throughput": 64.34995799071665, "sm%": 16.828889593802696, "mem%": 64.34995799071665, "memcap": 10.387197567875692}, "workload1+workload2": {"Best shared with 100-100% MPS thread%": 120.63426590505317, "Random select collocation": 66.1206654836435, "stage1-shared 100-100% throughput of predicted pairs": 120.63426590505317, "_Threads": 64.54515528734008, "_Compute (SM) Throughput": 49.03826898549425, "_DRAM Throughput": 120.63426590505317, "_Memory Throughput": 49.03826898549425, "_Registers": 64.54515528734008, "_Static Shared Memory": 25.905924810035895, "exclusive_throughput": 120.63426590505317, "sm%": 57.59232857121471, "mem%": 120.63426590505317, "memcap": 65.24886509862934}}