mse,r2
0.25807080730613313,0.6505701738610957
