mse,r2
0.15332897272848342,0.8425270009815575
