mse,r2
0.07713900767926785,0.9212197368381945
