{"workload1": {"Best shared with 100-100% MPS thread%": 71.39364303178485, "Random select collocation": 47.28836408825727, "stage1-shared 100-100% throughput of predicted pairs": 75.46194598785372, "_PCIe read bandwidth": 13.794080827644848, "_PCIe write bandwidth": 13.794080827644848, "_Long_Kernel": 75.46194598785372, "_ave_Kernel_Length": 75.46194598785372, "_long/short_Ratio": 21.73832123580868, "_avg_Thread": 75.46194598785372, "sm%": 85.76883536495814, "mem%": 75.46194598785372, "CPU%": 21.35361439175107, "MainMem%": 49.52090223013653}, "workload2": {"Best shared with 100-100% MPS thread%": 72.20216606498194, "Random select collocation": 47.81325800805051, "stage1-shared 100-100% throughput of predicted pairs": 52.875381312846, "_PCIe read bandwidth": 95.44626593806922, "_PCIe write bandwidth": 95.44626593806922, "_Long_Kernel": 52.875381312846, "_ave_Kernel_Length": 52.875381312846, "_long/short_Ratio": 62.09865217698116, "_avg_Thread": 52.875381312846, "sm%": 7.033997655334115, "mem%": 52.875381312846, "CPU%": 28.799499139145404, "MainMem%": 54.79849231661351}, "workload1+workload2": {"Best shared with 100-100% MPS thread%": 143.5958090967668, "Random select collocation": 95.10162209630779, "stage1-shared 100-100% throughput of predicted pairs": 128.3373273006997, "_PCIe read bandwidth": 109.24034676571407, "_PCIe write bandwidth": 109.24034676571407, "_Long_Kernel": 128.3373273006997, "_ave_Kernel_Length": 128.3373273006997, "_long/short_Ratio": 83.83697341278985, "_avg_Thread": 128.3373273006997, "sm%": 92.80283302029225, "mem%": 128.3373273006997, "CPU%": 50.153113530896476, "MainMem%": 104.31939454675003}}