{"workload1": {"Best shared with 100-100% MPS thread%": 61.59628967231502, "Random select collocation": 43.68370054429903, "stage1-shared 100-100% throughput of predicted pairs": 61.59628967231502, "_PCIe read bandwidth": 21.55379221258535, "_PCIe write bandwidth": 21.55379221258535, "_Long_Kernel": 60.13179571663921, "_ave_Kernel_Length": 60.13179571663921, "_long/short_Ratio": 60.13179571663921, "_avg_Thread": 60.13179571663921, "sm%": 56.58366437360721, "mem%": 60.13179571663921, "CPU%": 31.99121809699298, "MainMem%": 52.875381312846}, "workload2": {"Best shared with 100-100% MPS thread%": 77.98364212986147, "Random select collocation": 49.585394293223914, "stage1-shared 100-100% throughput of predicted pairs": 77.98364212986147, "_PCIe read bandwidth": 31.03071335378539, "_PCIe write bandwidth": 31.03071335378539, "_Long_Kernel": 60.17783423308987, "_ave_Kernel_Length": 60.17783423308987, "_long/short_Ratio": 60.17783423308987, "_avg_Thread": 60.17783423308987, "sm%": 6.707317073170732, "mem%": 60.17783423308987, "CPU%": 96.2425840474621, "MainMem%": 75.46194598785372}, "workload1+workload2": {"Best shared with 100-100% MPS thread%": 139.57993180217647, "Random select collocation": 93.26909483752293, "stage1-shared 100-100% throughput of predicted pairs": 139.57993180217647, "_PCIe read bandwidth": 52.58450556637074, "_PCIe write bandwidth": 52.58450556637074, "_Long_Kernel": 120.30962994972907, "_ave_Kernel_Length": 120.30962994972907, "_long/short_Ratio": 120.30962994972907, "_avg_Thread": 120.30962994972907, "sm%": 63.29098144677795, "mem%": 120.30962994972907, "CPU%": 128.23380214445507, "MainMem%": 128.3373273006997}}