{"workload1": {"Best shared with 100-100% MPS thread%": 79.89192701653585, "Random select collocation": 66.0034116047177, "stage1-shared 100-100% throughput of predicted pairs": 79.89192701653585, "_PCIe read bandwidth": 52.61810519682559, "_PCIe write bandwidth": 52.61810519682559, "_Long_Kernel": 78.86696264285352, "_ave_Kernel_Length": 78.23043820431674, "_long/short_Ratio": 78.23043820431674, "_avg_Thread": 78.86696264285352, "sm%": 75.01123884143601, "mem%": 76.87118482320615, "CPU%": 65.43844508648831, "MainMem%": 78.23043820431674}, "workload2": {"Best shared with 100-100% MPS thread%": 80.02237467713012, "Random select collocation": 44.88444482708124, "stage1-shared 100-100% throughput of predicted pairs": 80.02237467713012, "_PCIe read bandwidth": 92.6984126984127, "_PCIe write bandwidth": 92.6984126984127, "_Long_Kernel": 19.00976676833965, "_ave_Kernel_Length": 21.32138453673353, "_long/short_Ratio": 21.32138453673353, "_avg_Thread": 19.00976676833965, "sm%": 5.595153243050606, "mem%": 42.27573239522048, "CPU%": 85.55836354979306, "MainMem%": 21.32138453673353}, "workload1+workload2": {"Best shared with 100-100% MPS thread%": 159.91430169366595, "Random select collocation": 110.88785643179894, "stage1-shared 100-100% throughput of predicted pairs": 159.91430169366595, "_PCIe read bandwidth": 145.3165178952383, "_PCIe write bandwidth": 145.3165178952383, "_Long_Kernel": 97.87672941119317, "_ave_Kernel_Length": 99.55182274105027, "_long/short_Ratio": 99.55182274105027, "_avg_Thread": 97.87672941119317, "sm%": 80.60639208448661, "mem%": 119.14691721842664, "CPU%": 150.99680863628137, "MainMem%": 99.55182274105027}}