{"workload1": {"Best shared with 100-100% MPS thread%": 3.044093697204, "Random select collocation": 2.9371089172166487, "stage1-shared 100-100% throughput of predicted pairs": 3.044093697204, "_PCIe read bandwidth": 2.934469810129216, "_PCIe write bandwidth": 2.934469810129216, "_Long_Kernel": 3.714731591494414, "_ave_Kernel_Length": 3.700801045380914, "_long/short_Ratio": 3.700801045380914, "_avg_Thread": 3.714731591494414, "sm%": 3.313421491979044, "mem%": 3.044093697204, "CPU%": 2.934469810129216, "MainMem%": 3.700801045380914}, "workload2": {"Best shared with 100-100% MPS thread%": 22.861831112831894, "Random select collocation": 7.282430018269062, "stage1-shared 100-100% throughput of predicted pairs": 22.861831112831894, "_PCIe read bandwidth": 10.54139215124606, "_PCIe write bandwidth": 10.54139215124606, "_Long_Kernel": 4.197695002352801, "_ave_Kernel_Length": 4.90239666139081, "_long/short_Ratio": 4.90239666139081, "_avg_Thread": 4.197695002352801, "sm%": 1.6991106175383557, "mem%": 22.861831112831894, "CPU%": 10.54139215124606, "MainMem%": 4.90239666139081}, "workload1+workload2": {"Best shared with 100-100% MPS thread%": 25.905924810035895, "Random select collocation": 10.219538935485712, "stage1-shared 100-100% throughput of predicted pairs": 25.905924810035895, "_PCIe read bandwidth": 13.475861961375276, "_PCIe write bandwidth": 13.475861961375276, "_Long_Kernel": 7.912426593847215, "_ave_Kernel_Length": 8.603197706771724, "_long/short_Ratio": 8.603197706771724, "_avg_Thread": 7.912426593847215, "sm%": 5.0125321095174, "mem%": 25.905924810035895, "CPU%": 13.475861961375276, "MainMem%": 8.603197706771724}}