{"workload1": {"Best shared with 100-100% MPS thread%": 56.28430791433652, "Random select collocation": 47.65816042530857, "stage1-shared 100-100% throughput of predicted pairs": 59.77980791754509, "_PCIe read bandwidth": 31.13131853436748, "_PCIe write bandwidth": 31.13131853436748, "_Long_Kernel": 61.62490371108795, "_ave_Kernel_Length": 61.62490371108795, "_long/short_Ratio": 54.86166753075364, "_avg_Thread": 61.62490371108795, "sm%": 31.13131853436748, "mem%": 61.62490371108795, "CPU%": 41.41184693342653, "MainMem%": 55.35159559446485}, "workload2": {"Best shared with 100-100% MPS thread%": 64.34995799071665, "Random select collocation": 33.37215926016078, "stage1-shared 100-100% throughput of predicted pairs": 59.68318855390904, "_PCIe read bandwidth": 21.13183382694309, "_PCIe write bandwidth": 21.13183382694309, "_Long_Kernel": 30.79519088799832, "_ave_Kernel_Length": 30.79519088799832, "_long/short_Ratio": 10.387197567875692, "_avg_Thread": 30.79519088799832, "sm%": 21.13183382694309, "mem%": 30.79519088799832, "CPU%": 53.84845900278924, "MainMem%": 29.918032786885245}, "workload1+workload2": {"Best shared with 100-100% MPS thread%": 120.63426590505317, "Random select collocation": 81.03031968546937, "stage1-shared 100-100% throughput of predicted pairs": 119.46299647145413, "_PCIe read bandwidth": 52.263152361310574, "_PCIe write bandwidth": 52.263152361310574, "_Long_Kernel": 92.42009459908627, "_ave_Kernel_Length": 92.42009459908627, "_long/short_Ratio": 65.24886509862934, "_avg_Thread": 92.42009459908627, "sm%": 52.263152361310574, "mem%": 92.42009459908627, "CPU%": 95.26030593621577, "MainMem%": 85.26962838135009}}