{"workload1": {"Best shared with 100-100% MPS thread%": 61.571012959534514, "Random select collocation": 56.59242867019995, "stage1-shared 100-100% throughput of predicted pairs": 61.571012959534514, "_PCIe read bandwidth": 41.31169170922575, "_PCIe write bandwidth": 41.31169170922575, "_Long_Kernel": 61.571012959534514, "_ave_Kernel_Length": 61.38835783505834, "_long/short_Ratio": 61.38835783505834, "_avg_Thread": 62.09865217698116, "sm%": 41.31169170922575, "mem%": 61.571012959534514, "CPU%": 41.31169170922575, "MainMem%": 62.09865217698116}, "workload2": {"Best shared with 100-100% MPS thread%": 62.26737884110588, "Random select collocation": 36.55269852545488, "stage1-shared 100-100% throughput of predicted pairs": 62.26737884110588, "_PCIe read bandwidth": 54.48460040350325, "_PCIe write bandwidth": 54.48460040350325, "_Long_Kernel": 62.26737884110588, "_ave_Kernel_Length": 7.720493621401698, "_long/short_Ratio": 7.720493621401698, "_avg_Thread": 21.73832123580868, "sm%": 54.48460040350325, "mem%": 62.26737884110588, "CPU%": 54.48460040350325, "MainMem%": 21.73832123580868}, "workload1+workload2": {"Best shared with 100-100% MPS thread%": 123.8383918006404, "Random select collocation": 93.14512719565482, "stage1-shared 100-100% throughput of predicted pairs": 123.8383918006404, "_PCIe read bandwidth": 95.79629211272899, "_PCIe write bandwidth": 95.79629211272899, "_Long_Kernel": 123.8383918006404, "_ave_Kernel_Length": 69.10885145646004, "_long/short_Ratio": 69.10885145646004, "_avg_Thread": 83.83697341278985, "sm%": 95.79629211272899, "mem%": 123.8383918006404, "CPU%": 95.79629211272899, "MainMem%": 83.83697341278985}}