mse,r2
0.5542934979321004,0.3745443319981664
