mse,r2
0.10749829553054363,0.8902621566459034
