{"workload1": {"Best shared with 100-100% MPS thread%": 6.350704020902889, "Random select collocation": 9.909590870779569, "stage1-shared 100-100% throughput of predicted pairs": 9.729663156598312, "_Threads": 19.05522023245373, "_Compute (SM) Throughput": 6.350704020902889, "_DRAM Throughput": 9.729663156598312, "_Memory Throughput": 16.222702183825294, "_Registers": 19.05522023245373, "_Static Shared Memory": 4.90239666139081, "exclusive_throughput": 7.720493621401698, "sm%": 19.05522023245373, "mem%": 16.222702183825294, "memcap": 9.729663156598312}, "workload2": {"Best shared with 100-100% MPS thread%": 93.996459037502, "Random select collocation": 34.15878139057674, "stage1-shared 100-100% throughput of predicted pairs": 83.86888306466089, "_Threads": 5.126327352618089, "_Compute (SM) Throughput": 93.996459037502, "_DRAM Throughput": 83.86888306466089, "_Memory Throughput": 34.25342828556295, "_Registers": 5.126327352618089, "_Static Shared Memory": 3.700801045380914, "exclusive_throughput": 61.38835783505834, "sm%": 5.126327352618089, "mem%": 34.25342828556295, "memcap": 83.86888306466089}, "workload1+workload2": {"Best shared with 100-100% MPS thread%": 100.3471630584049, "Random select collocation": 44.06837226135631, "stage1-shared 100-100% throughput of predicted pairs": 93.5985462212592, "_Threads": 24.18154758507182, "_Compute (SM) Throughput": 100.3471630584049, "_DRAM Throughput": 93.5985462212592, "_Memory Throughput": 50.47613046938824, "_Registers": 24.18154758507182, "_Static Shared Memory": 8.603197706771724, "exclusive_throughput": 69.10885145646004, "sm%": 24.18154758507182, "mem%": 50.47613046938824, "memcap": 93.5985462212592}}