mse,r2
0.14473117290652698,0.8330985214339973
