{"workload1": {"Best shared with 100-100% MPS thread%": 6.350704020902889, "Random select collocation": 14.133469780706804, "stage1-shared 100-100% throughput of predicted pairs": 6.350704020902889, "_PCIe read bandwidth": 6.350704020902889, "_PCIe write bandwidth": 6.350704020902889, "_Long_Kernel": 16.0618929487449, "_ave_Kernel_Length": 15.066061920725694, "_long/short_Ratio": 15.066061920725694, "_avg_Thread": 16.0618929487449, "sm%": 19.05522023245373, "mem%": 6.350704020902889, "CPU%": 6.350704020902889, "MainMem%": 15.066061920725694}, "workload2": {"Best shared with 100-100% MPS thread%": 93.996459037502, "Random select collocation": 32.242803052648235, "stage1-shared 100-100% throughput of predicted pairs": 93.996459037502, "_PCIe read bandwidth": 93.996459037502, "_PCIe write bandwidth": 93.996459037502, "_Long_Kernel": 13.913918109048238, "_ave_Kernel_Length": 15.934507711424605, "_long/short_Ratio": 15.934507711424605, "_avg_Thread": 13.913918109048238, "sm%": 5.126327352618089, "mem%": 93.996459037502, "CPU%": 93.996459037502, "MainMem%": 15.934507711424605}, "workload1+workload2": {"Best shared with 100-100% MPS thread%": 100.3471630584049, "Random select collocation": 46.37627283335503, "stage1-shared 100-100% throughput of predicted pairs": 100.3471630584049, "_PCIe read bandwidth": 100.3471630584049, "_PCIe write bandwidth": 100.3471630584049, "_Long_Kernel": 29.975811057793138, "_ave_Kernel_Length": 31.0005696321503, "_long/short_Ratio": 31.0005696321503, "_avg_Thread": 29.975811057793138, "sm%": 24.18154758507182, "mem%": 100.3471630584049, "CPU%": 100.3471630584049, "MainMem%": 31.0005696321503}}