{"workload1": {"Best shared with 100-100% MPS thread%": 92.6984126984127, "Random select collocation": 83.01106720743365, "stage1-shared 100-100% throughput of predicted pairs": 92.6984126984127, "_PCIe read bandwidth": 72.32534018607676, "_PCIe write bandwidth": 72.32534018607676, "_Long_Kernel": 73.45565460748706, "_ave_Kernel_Length": 93.996459037502, "_long/short_Ratio": 93.996459037502, "_avg_Thread": 96.51496684363832, "sm%": 87.77829967120714, "mem%": 88.95150695885611, "CPU%": 72.32534018607676, "MainMem%": 93.996459037502}, "workload2": {"Best shared with 100-100% MPS thread%": 52.61810519682559, "Random select collocation": 21.21145272777836, "stage1-shared 100-100% throughput of predicted pairs": 52.61810519682559, "_PCIe read bandwidth": 40.41189042160482, "_PCIe write bandwidth": 40.41189042160482, "_Long_Kernel": 12.097491549546344, "_ave_Kernel_Length": 6.350704020902889, "_long/short_Ratio": 6.350704020902889, "_avg_Thread": 38.74561084877104, "sm%": 2.062128222075347, "mem%": 14.920679292752814, "CPU%": 40.41189042160482, "MainMem%": 6.350704020902889}, "workload1+workload2": {"Best shared with 100-100% MPS thread%": 145.3165178952383, "Random select collocation": 104.222519935212, "stage1-shared 100-100% throughput of predicted pairs": 145.3165178952383, "_PCIe read bandwidth": 112.73723060768157, "_PCIe write bandwidth": 112.73723060768157, "_Long_Kernel": 85.55314615703341, "_ave_Kernel_Length": 100.3471630584049, "_long/short_Ratio": 100.3471630584049, "_avg_Thread": 135.26057769240936, "sm%": 89.84042789328248, "mem%": 103.87218625160892, "CPU%": 112.73723060768157, "MainMem%": 100.3471630584049}}