{"workload1": {"Best shared with 100-100% MPS thread%": 28.799499139145404, "Random select collocation": 21.729389172617633, "stage1-shared 100-100% throughput of predicted pairs": 18.22475608883376, "_PCIe read bandwidth": 17.07949566306, "_PCIe write bandwidth": 17.07949566306, "_Long_Kernel": 22.005087777647937, "_ave_Kernel_Length": 22.538107194401057, "_long/short_Ratio": 22.538107194401057, "_avg_Thread": 28.799499139145404, "sm%": 22.005087777647937, "mem%": 22.538107194401057, "CPU%": 18.22475608883376, "MainMem%": 28.799499139145404}, "workload2": {"Best shared with 100-100% MPS thread%": 21.35361439175107, "Random select collocation": 14.67532766404085, "stage1-shared 100-100% throughput of predicted pairs": 18.444237940079752, "_PCIe read bandwidth": 18.529241459177765, "_PCIe write bandwidth": 18.529241459177765, "_Long_Kernel": 13.501095638651304, "_ave_Kernel_Length": 1.5484488905443516, "_long/short_Ratio": 1.5484488905443516, "_avg_Thread": 21.35361439175107, "sm%": 13.501095638651304, "mem%": 1.5484488905443516, "CPU%": 18.444237940079752, "MainMem%": 21.35361439175107}, "workload1+workload2": {"Best shared with 100-100% MPS thread%": 50.153113530896476, "Random select collocation": 36.40471683665847, "stage1-shared 100-100% throughput of predicted pairs": 36.66899402891352, "_PCIe read bandwidth": 35.60873712223777, "_PCIe write bandwidth": 35.60873712223777, "_Long_Kernel": 35.50618341629924, "_ave_Kernel_Length": 24.086556084945407, "_long/short_Ratio": 24.086556084945407, "_avg_Thread": 50.153113530896476, "sm%": 35.50618341629924, "mem%": 24.086556084945407, "CPU%": 36.66899402891352, "MainMem%": 50.153113530896476}}