{"workload1": {"Best shared with 100-100% MPS thread%": 25.89140610892726, "Random select collocation": 18.604335459374862, "stage1-shared 100-100% throughput of predicted pairs": 11.862646213136223, "_PCIe read bandwidth": 11.862646213136223, "_PCIe write bandwidth": 11.862646213136223, "_Long_Kernel": 16.27164884417704, "_ave_Kernel_Length": 23.56271277206136, "_long/short_Ratio": 23.56271277206136, "_avg_Thread": 23.56271277206136, "sm%": 16.27164884417704, "mem%": 23.56271277206136, "CPU%": 16.548157724628314, "MainMem%": 16.27164884417704}, "workload2": {"Best shared with 100-100% MPS thread%": 68.67356538099718, "Random select collocation": 35.2902539265063, "stage1-shared 100-100% throughput of predicted pairs": 23.108624144580133, "_PCIe read bandwidth": 23.108624144580133, "_PCIe write bandwidth": 23.108624144580133, "_Long_Kernel": 18.49050667376599, "_ave_Kernel_Length": 22.808323862523025, "_long/short_Ratio": 22.808323862523025, "_avg_Thread": 22.808323862523025, "sm%": 18.49050667376599, "mem%": 22.808323862523025, "CPU%": 60.86344806023814, "MainMem%": 18.49050667376599}, "workload1+workload2": {"Best shared with 100-100% MPS thread%": 94.56497148992443, "Random select collocation": 53.89458938588117, "stage1-shared 100-100% throughput of predicted pairs": 34.97127035771636, "_PCIe read bandwidth": 34.97127035771636, "_PCIe write bandwidth": 34.97127035771636, "_Long_Kernel": 34.76215551794303, "_ave_Kernel_Length": 46.371036634584385, "_long/short_Ratio": 46.371036634584385, "_avg_Thread": 46.371036634584385, "sm%": 34.76215551794303, "mem%": 46.371036634584385, "CPU%": 77.41160578486645, "MainMem%": 34.76215551794303}}