{"workload1": {"Best shared with 100-100% MPS thread%": 55.580670489423966, "Random select collocation": 65.29032323829338, "stage1-shared 100-100% throughput of predicted pairs": 40.41189042160482, "_PCIe read bandwidth": 40.41189042160482, "_PCIe write bandwidth": 40.41189042160482, "_Long_Kernel": 84.77282624473798, "_ave_Kernel_Length": 84.82278097546198, "_long/short_Ratio": 84.82278097546198, "_avg_Thread": 84.77282624473798, "sm%": 84.77282624473798, "mem%": 55.580670489423966, "CPU%": 55.580670489423966, "MainMem%": 84.82278097546198}, "workload2": {"Best shared with 100-100% MPS thread%": 57.621744054360136, "Random select collocation": 35.64622851498219, "stage1-shared 100-100% throughput of predicted pairs": 72.32534018607676, "_PCIe read bandwidth": 72.32534018607676, "_PCIe write bandwidth": 72.32534018607676, "_Long_Kernel": 7.892353473929357, "_ave_Kernel_Length": 23.843547135916385, "_long/short_Ratio": 23.843547135916385, "_avg_Thread": 7.892353473929357, "sm%": 7.892353473929357, "mem%": 57.621744054360136, "CPU%": 57.621744054360136, "MainMem%": 23.843547135916385}, "workload1+workload2": {"Best shared with 100-100% MPS thread%": 113.2024145437841, "Random select collocation": 100.93655175327555, "stage1-shared 100-100% throughput of predicted pairs": 112.73723060768157, "_PCIe read bandwidth": 112.73723060768157, "_PCIe write bandwidth": 112.73723060768157, "_Long_Kernel": 92.66517971866735, "_ave_Kernel_Length": 108.66632811137836, "_long/short_Ratio": 108.66632811137836, "_avg_Thread": 92.66517971866735, "sm%": 92.66517971866735, "mem%": 113.2024145437841, "CPU%": 113.2024145437841, "MainMem%": 108.66632811137836}}