{"workload1": {"Best shared with 100-100% MPS thread%": 58.77025259132535, "Random select collocation": 56.27795434306459, "stage1-shared 100-100% throughput of predicted pairs": 60.13179571663921, "_PCIe read bandwidth": 56.58366437360721, "_PCIe write bandwidth": 58.77025259132535, "_Long_Kernel": 60.13179571663921, "_ave_Kernel_Length": 60.13179571663921, "_long/short_Ratio": 60.13179571663921, "_avg_Thread": 60.13179571663921, "sm%": 56.58366437360721, "mem%": 60.13179571663921, "CPU%": 49.6261046906866, "MainMem%": 49.6261046906866}, "workload2": {"Best shared with 100-100% MPS thread%": 81.52278407998462, "Random select collocation": 42.40244802922345, "stage1-shared 100-100% throughput of predicted pairs": 60.17783423308987, "_PCIe read bandwidth": 6.707317073170732, "_PCIe write bandwidth": 81.52278407998462, "_Long_Kernel": 60.17783423308987, "_ave_Kernel_Length": 60.17783423308987, "_long/short_Ratio": 60.17783423308987, "_avg_Thread": 60.17783423308987, "sm%": 6.707317073170732, "mem%": 60.17783423308987, "CPU%": 21.2018567306486, "MainMem%": 21.2018567306486}, "workload1+workload2": {"Best shared with 100-100% MPS thread%": 140.29303667130998, "Random select collocation": 98.68040237228804, "stage1-shared 100-100% throughput of predicted pairs": 120.30962994972907, "_PCIe read bandwidth": 63.29098144677795, "_PCIe write bandwidth": 140.29303667130998, "_Long_Kernel": 120.30962994972907, "_ave_Kernel_Length": 120.30962994972907, "_long/short_Ratio": 120.30962994972907, "_avg_Thread": 120.30962994972907, "sm%": 63.29098144677795, "mem%": 120.30962994972907, "CPU%": 70.8279614213352, "MainMem%": 70.8279614213352}}