{"workload1": {"Best shared with 100-100% MPS thread%": 8.31286604949934, "Random select collocation": 7.1816049943350935, "stage1-shared 100-100% throughput of predicted pairs": 8.31286604949934, "_PCIe read bandwidth": 7.328642618359017, "_PCIe write bandwidth": 8.31286604949934, "_Long_Kernel": 5.903306315146925, "_ave_Kernel_Length": 5.903306315146925, "_long/short_Ratio": 5.903306315146925, "_avg_Thread": 7.328642618359017, "sm%": 7.328642618359017, "mem%": 8.31286604949934, "CPU%": 5.903306315146925, "MainMem%": 5.903306315146925}, "workload2": {"Best shared with 100-100% MPS thread%": 61.9341154636442, "Random select collocation": 26.644389527825194, "stage1-shared 100-100% throughput of predicted pairs": 61.9341154636442, "_PCIe read bandwidth": 2.4118720856545632, "_PCIe write bandwidth": 61.9341154636442, "_Long_Kernel": 15.587181034176812, "_ave_Kernel_Length": 15.587181034176812, "_long/short_Ratio": 15.587181034176812, "_avg_Thread": 2.4118720856545632, "sm%": 2.4118720856545632, "mem%": 61.9341154636442, "CPU%": 15.587181034176812, "MainMem%": 15.587181034176812}, "workload1+workload2": {"Best shared with 100-100% MPS thread%": 70.24698151314354, "Random select collocation": 33.82599452216028, "stage1-shared 100-100% throughput of predicted pairs": 70.24698151314354, "_PCIe read bandwidth": 9.74051470401358, "_PCIe write bandwidth": 70.24698151314354, "_Long_Kernel": 21.490487349323736, "_ave_Kernel_Length": 21.490487349323736, "_long/short_Ratio": 21.490487349323736, "_avg_Thread": 9.74051470401358, "sm%": 9.74051470401358, "mem%": 70.24698151314354, "CPU%": 21.490487349323736, "MainMem%": 21.490487349323736}}