{"workload1": {"Best shared with 100-100% MPS thread%": 80.92285308483736, "Random select collocation": 63.75515977474157, "stage1-shared 100-100% throughput of predicted pairs": 80.92285308483736, "_PCIe read bandwidth": 38.74561084877104, "_PCIe write bandwidth": 38.74561084877104, "_Long_Kernel": 70.7450030284676, "_ave_Kernel_Length": 66.73332381088416, "_long/short_Ratio": 59.948161264659845, "_avg_Thread": 70.7450030284676, "sm%": 65.43600661082944, "mem%": 66.73332381088416, "CPU%": 38.74561084877104, "MainMem%": 70.7450030284676}, "workload2": {"Best shared with 100-100% MPS thread%": 80.82296944572394, "Random select collocation": 41.80849382149914, "stage1-shared 100-100% throughput of predicted pairs": 80.82296944572394, "_PCIe read bandwidth": 96.51496684363832, "_PCIe write bandwidth": 96.51496684363832, "_Long_Kernel": 19.834622849698228, "_ave_Kernel_Length": 44.81551032837639, "_long/short_Ratio": 2.9890744176458464, "_avg_Thread": 19.834622849698228, "sm%": 5.873819043912105, "mem%": 44.81551032837639, "CPU%": 96.51496684363832, "MainMem%": 19.834622849698228}, "workload1+workload2": {"Best shared with 100-100% MPS thread%": 161.7458225305613, "Random select collocation": 105.56365359624068, "stage1-shared 100-100% throughput of predicted pairs": 161.7458225305613, "_PCIe read bandwidth": 135.26057769240936, "_PCIe write bandwidth": 135.26057769240936, "_Long_Kernel": 90.57962587816581, "_ave_Kernel_Length": 111.54883413926055, "_long/short_Ratio": 62.93723568230569, "_avg_Thread": 90.57962587816581, "sm%": 71.30982565474154, "mem%": 111.54883413926055, "CPU%": 135.26057769240936, "MainMem%": 90.57962587816581}}