{"workload1": {"Best shared with 100-100% MPS thread%": 55.35159559446485, "Random select collocation": 35.81349068631572, "stage1-shared 100-100% throughput of predicted pairs": 39.446261246759406, "_PCIe read bandwidth": 31.13131853436748, "_PCIe write bandwidth": 31.13131853436748, "_Long_Kernel": 55.35159559446485, "_ave_Kernel_Length": 39.446261246759406, "_long/short_Ratio": 39.446261246759406, "_avg_Thread": 55.35159559446485, "sm%": 31.13131853436748, "mem%": 39.446261246759406, "CPU%": 31.13131853436748, "MainMem%": 55.35159559446485}, "workload2": {"Best shared with 100-100% MPS thread%": 29.918032786885245, "Random select collocation": 23.726932947447878, "stage1-shared 100-100% throughput of predicted pairs": 40.43358848097768, "_PCIe read bandwidth": 21.13183382694309, "_PCIe write bandwidth": 21.13183382694309, "_Long_Kernel": 29.918032786885245, "_ave_Kernel_Length": 40.43358848097768, "_long/short_Ratio": 40.43358848097768, "_avg_Thread": 29.918032786885245, "sm%": 21.13183382694309, "mem%": 40.43358848097768, "CPU%": 21.13183382694309, "MainMem%": 29.918032786885245}, "workload1+workload2": {"Best shared with 100-100% MPS thread%": 85.26962838135009, "Random select collocation": 59.540423633763595, "stage1-shared 100-100% throughput of predicted pairs": 79.87984972773708, "_PCIe read bandwidth": 52.263152361310574, "_PCIe write bandwidth": 52.263152361310574, "_Long_Kernel": 85.26962838135009, "_ave_Kernel_Length": 79.87984972773708, "_long/short_Ratio": 79.87984972773708, "_avg_Thread": 85.26962838135009, "sm%": 52.263152361310574, "mem%": 79.87984972773708, "CPU%": 52.263152361310574, "MainMem%": 85.26962838135009}}