{"workload1": {"Best shared with 100-100% MPS thread%": 2.717503191007535, "Random select collocation": 2.283090267796201, "stage1-shared 100-100% throughput of predicted pairs": 2.9890744176458464, "_PCIe read bandwidth": 1.5484488905443516, "_PCIe write bandwidth": 1.5484488905443516, "_Long_Kernel": 2.717503191007535, "_ave_Kernel_Length": 1.8773345719870715, "_long/short_Ratio": 1.8773345719870715, "_avg_Thread": 2.9890744176458464, "sm%": 1.5484488905443516, "mem%": 2.717503191007535, "CPU%": 1.5484488905443516, "MainMem%": 1.5484488905443516}, "workload2": {"Best shared with 100-100% MPS thread%": 67.33929086191986, "Random select collocation": 37.9283611343899, "stage1-shared 100-100% throughput of predicted pairs": 59.948161264659845, "_PCIe read bandwidth": 22.538107194401057, "_PCIe write bandwidth": 22.538107194401057, "_Long_Kernel": 67.33929086191986, "_ave_Kernel_Length": 1.887885216578832, "_long/short_Ratio": 1.887885216578832, "_avg_Thread": 59.948161264659845, "sm%": 22.538107194401057, "mem%": 67.33929086191986, "CPU%": 22.538107194401057, "MainMem%": 22.538107194401057}, "workload1+workload2": {"Best shared with 100-100% MPS thread%": 70.0567940529274, "Random select collocation": 40.2114514021861, "stage1-shared 100-100% throughput of predicted pairs": 62.93723568230569, "_PCIe read bandwidth": 24.086556084945407, "_PCIe write bandwidth": 24.086556084945407, "_Long_Kernel": 70.0567940529274, "_ave_Kernel_Length": 3.7652197885659033, "_long/short_Ratio": 3.7652197885659033, "_avg_Thread": 62.93723568230569, "sm%": 24.086556084945407, "mem%": 70.0567940529274, "CPU%": 24.086556084945407, "MainMem%": 24.086556084945407}}