mse,r2
0.42004829629598567,0.47388524304786916
