mse,r2
0.13757423791604234,0.856922792567316
