{"workload1": {"Best shared with 100-100% MPS thread%": 16.371572525807245, "Random select collocation": 19.745505767267737, "stage1-shared 100-100% throughput of predicted pairs": 16.371572525807245, "_PCIe read bandwidth": 17.335072891258722, "_PCIe write bandwidth": 16.371572525807245, "_Long_Kernel": 20.19948311532081, "_ave_Kernel_Length": 20.19948311532081, "_long/short_Ratio": 16.371572525807245, "_avg_Thread": 23.108624144580133, "sm%": 17.335072891258722, "mem%": 20.19948311532081, "CPU%": 21.71277615937177, "MainMem%": 17.335072891258722}, "workload2": {"Best shared with 100-100% MPS thread%": 59.896667991436, "Random select collocation": 27.27297259154571, "stage1-shared 100-100% throughput of predicted pairs": 59.896667991436, "_PCIe read bandwidth": 17.449377691330405, "_PCIe write bandwidth": 59.896667991436, "_Long_Kernel": 4.609179950067217, "_ave_Kernel_Length": 4.609179950067217, "_long/short_Ratio": 59.896667991436, "_avg_Thread": 11.862646213136223, "sm%": 17.449377691330405, "mem%": 4.609179950067217, "CPU%": 42.5469911117587, "MainMem%": 17.449377691330405}, "workload1+workload2": {"Best shared with 100-100% MPS thread%": 76.26824051724324, "Random select collocation": 47.01847835881345, "stage1-shared 100-100% throughput of predicted pairs": 76.26824051724324, "_PCIe read bandwidth": 34.78445058258913, "_PCIe write bandwidth": 76.26824051724324, "_Long_Kernel": 24.808663065388025, "_ave_Kernel_Length": 24.808663065388025, "_long/short_Ratio": 76.26824051724324, "_avg_Thread": 34.97127035771636, "sm%": 34.78445058258913, "mem%": 24.808663065388025, "CPU%": 64.25976727113047, "MainMem%": 34.78445058258913}}