{"workload1": {"Best shared with 100-100% MPS thread%": 25.52420466630779, "Random select collocation": 21.646623780893925, "stage1-shared 100-100% throughput of predicted pairs": 28.99527983816588, "_PCIe read bandwidth": 13.501095638651304, "_PCIe write bandwidth": 13.501095638651304, "_Long_Kernel": 28.99527983816588, "_ave_Kernel_Length": 28.99527983816588, "_long/short_Ratio": 25.26298521541206, "_avg_Thread": 28.99527983816588, "sm%": 22.78488562822463, "mem%": 28.99527983816588, "CPU%": 13.501095638651304, "MainMem%": 25.26298521541206}, "workload2": {"Best shared with 100-100% MPS thread%": 66.97823780715083, "Random select collocation": 23.180608709431663, "stage1-shared 100-100% throughput of predicted pairs": 28.829540405785654, "_PCIe read bandwidth": 22.005087777647937, "_PCIe write bandwidth": 22.005087777647937, "_Long_Kernel": 28.829540405785654, "_ave_Kernel_Length": 28.829540405785654, "_long/short_Ratio": 8.035338662179218, "_avg_Thread": 28.829540405785654, "sm%": 2.920463577383043, "mem%": 28.829540405785654, "CPU%": 22.005087777647937, "MainMem%": 8.035338662179218}, "workload1+workload2": {"Best shared with 100-100% MPS thread%": 92.50244247345861, "Random select collocation": 44.827232490325585, "stage1-shared 100-100% throughput of predicted pairs": 57.824820243951535, "_PCIe read bandwidth": 35.50618341629924, "_PCIe write bandwidth": 35.50618341629924, "_Long_Kernel": 57.824820243951535, "_ave_Kernel_Length": 57.824820243951535, "_long/short_Ratio": 33.29832387759127, "_avg_Thread": 57.824820243951535, "sm%": 25.70534920560767, "mem%": 57.824820243951535, "CPU%": 35.50618341629924, "MainMem%": 33.29832387759127}}