{"workload1": {"Best shared with 100-100% MPS thread%": 19.00976676833965, "Random select collocation": 16.779296038469063, "stage1-shared 100-100% throughput of predicted pairs": 19.834622849698228, "_PCIe read bandwidth": 19.834622849698228, "_PCIe write bandwidth": 19.00976676833965, "_Long_Kernel": 13.776190991380863, "_ave_Kernel_Length": 13.776190991380863, "_long/short_Ratio": 19.834622849698228, "_avg_Thread": 13.776190991380863, "sm%": 14.496603544457516, "mem%": 19.00976676833965, "CPU%": 13.776190991380863, "MainMem%": 13.776190991380863}, "workload2": {"Best shared with 100-100% MPS thread%": 78.86696264285352, "Random select collocation": 42.28862150557027, "stage1-shared 100-100% throughput of predicted pairs": 70.7450030284676, "_PCIe read bandwidth": 70.7450030284676, "_PCIe write bandwidth": 78.86696264285352, "_Long_Kernel": 14.485949969820938, "_ave_Kernel_Length": 14.485949969820938, "_long/short_Ratio": 70.7450030284676, "_avg_Thread": 14.485949969820938, "sm%": 5.056570381138992, "mem%": 78.86696264285352, "CPU%": 14.485949969820938, "MainMem%": 14.485949969820938}, "workload1+workload2": {"Best shared with 100-100% MPS thread%": 97.87672941119317, "Random select collocation": 59.06791754403932, "stage1-shared 100-100% throughput of predicted pairs": 90.57962587816581, "_PCIe read bandwidth": 90.57962587816581, "_PCIe write bandwidth": 97.87672941119317, "_Long_Kernel": 28.2621409612018, "_ave_Kernel_Length": 28.2621409612018, "_long/short_Ratio": 90.57962587816581, "_avg_Thread": 28.2621409612018, "sm%": 19.553173925596507, "mem%": 97.87672941119317, "CPU%": 28.2621409612018, "MainMem%": 28.2621409612018}}