{"workload1": {"Best shared with 100-100% MPS thread%": 28.799499139145404, "Random select collocation": 23.92455630959287, "stage1-shared 100-100% throughput of predicted pairs": 28.055331347936207, "_PCIe read bandwidth": 18.22475608883376, "_PCIe write bandwidth": 18.22475608883376, "_Long_Kernel": 22.005087777647937, "_ave_Kernel_Length": 28.055331347936207, "_long/short_Ratio": 22.538107194401057, "_avg_Thread": 28.799499139145404, "sm%": 22.005087777647937, "mem%": 28.055331347936207, "CPU%": 18.22475608883376, "MainMem%": 28.799499139145404}, "workload2": {"Best shared with 100-100% MPS thread%": 21.35361439175107, "Random select collocation": 14.074638631662157, "stage1-shared 100-100% throughput of predicted pairs": 15.52579629728432, "_PCIe read bandwidth": 18.444237940079752, "_PCIe write bandwidth": 18.444237940079752, "_Long_Kernel": 13.501095638651304, "_ave_Kernel_Length": 15.52579629728432, "_long/short_Ratio": 1.5484488905443516, "_avg_Thread": 21.35361439175107, "sm%": 13.501095638651304, "mem%": 15.52579629728432, "CPU%": 18.444237940079752, "MainMem%": 21.35361439175107}, "workload1+workload2": {"Best shared with 100-100% MPS thread%": 50.153113530896476, "Random select collocation": 37.99919494125503, "stage1-shared 100-100% throughput of predicted pairs": 43.581127645220526, "_PCIe read bandwidth": 36.66899402891352, "_PCIe write bandwidth": 36.66899402891352, "_Long_Kernel": 35.50618341629924, "_ave_Kernel_Length": 43.581127645220526, "_long/short_Ratio": 24.086556084945407, "_avg_Thread": 50.153113530896476, "sm%": 35.50618341629924, "mem%": 43.581127645220526, "CPU%": 36.66899402891352, "MainMem%": 50.153113530896476}}