{"workload1": {"Best shared with 100-100% MPS thread%": 9.44138473642801, "Random select collocation": 5.766973398042958, "stage1-shared 100-100% throughput of predicted pairs": 9.44138473642801, "_PCIe read bandwidth": 4.609179950067217, "_PCIe write bandwidth": 4.609179950067217, "_Long_Kernel": 9.44138473642801, "_ave_Kernel_Length": 9.44138473642801, "_long/short_Ratio": 9.44138473642801, "_avg_Thread": 9.44138473642801, "sm%": 4.609179950067217, "mem%": 9.44138473642801, "CPU%": 4.609179950067217, "MainMem%": 4.609179950067217}, "workload2": {"Best shared with 100-100% MPS thread%": 45.5573757703409, "Random select collocation": 22.888097691663205, "stage1-shared 100-100% throughput of predicted pairs": 45.5573757703409, "_PCIe read bandwidth": 20.19948311532081, "_PCIe write bandwidth": 20.19948311532081, "_Long_Kernel": 45.5573757703409, "_ave_Kernel_Length": 45.5573757703409, "_long/short_Ratio": 45.5573757703409, "_avg_Thread": 45.5573757703409, "sm%": 20.19948311532081, "mem%": 45.5573757703409, "CPU%": 20.19948311532081, "MainMem%": 20.19948311532081}, "workload1+workload2": {"Best shared with 100-100% MPS thread%": 54.9987605067689, "Random select collocation": 28.655071089706166, "stage1-shared 100-100% throughput of predicted pairs": 54.9987605067689, "_PCIe read bandwidth": 24.808663065388025, "_PCIe write bandwidth": 24.808663065388025, "_Long_Kernel": 54.9987605067689, "_ave_Kernel_Length": 54.9987605067689, "_long/short_Ratio": 54.9987605067689, "_avg_Thread": 54.9987605067689, "sm%": 24.808663065388025, "mem%": 54.9987605067689, "CPU%": 24.808663065388025, "MainMem%": 24.808663065388025}}