{"workload1": {"Best shared with 100-100% MPS thread%": 42.27573239522048, "Random select collocation": 22.661198525107125, "stage1-shared 100-100% throughput of predicted pairs": 31.224851118622244, "_PCIe read bandwidth": 14.920679292752814, "_PCIe write bandwidth": 14.920679292752814, "_Long_Kernel": 42.27573239522048, "_ave_Kernel_Length": 11.742956903038175, "_long/short_Ratio": 11.742956903038175, "_avg_Thread": 31.224851118622244, "sm%": 15.52579629728432, "mem%": 31.224851118622244, "CPU%": 15.52579629728432, "MainMem%": 14.920679292752814}, "workload2": {"Best shared with 100-100% MPS thread%": 76.87118482320615, "Random select collocation": 44.059973899963666, "stage1-shared 100-100% throughput of predicted pairs": 33.66619115549215, "_PCIe read bandwidth": 88.95150695885611, "_PCIe write bandwidth": 88.95150695885611, "_Long_Kernel": 76.87118482320615, "_ave_Kernel_Length": 3.4848264846812835, "_long/short_Ratio": 3.4848264846812835, "_avg_Thread": 33.66619115549215, "sm%": 28.055331347936207, "mem%": 33.66619115549215, "CPU%": 28.055331347936207, "MainMem%": 88.95150695885611}, "workload1+workload2": {"Best shared with 100-100% MPS thread%": 119.14691721842664, "Random select collocation": 66.72117242507079, "stage1-shared 100-100% throughput of predicted pairs": 64.8910422741144, "_PCIe read bandwidth": 103.87218625160892, "_PCIe write bandwidth": 103.87218625160892, "_Long_Kernel": 119.14691721842664, "_ave_Kernel_Length": 15.227783387719459, "_long/short_Ratio": 15.227783387719459, "_avg_Thread": 64.8910422741144, "sm%": 43.581127645220526, "mem%": 64.8910422741144, "CPU%": 43.581127645220526, "MainMem%": 103.87218625160892}}