{"workload1": {"Best shared with 100-100% MPS thread%": 1.5092631022903067, "Random select collocation": 1.7854383461980878, "stage1-shared 100-100% throughput of predicted pairs": 1.8773345719870715, "_PCIe read bandwidth": 1.5092631022903067, "_PCIe write bandwidth": 1.5092631022903067, "_Long_Kernel": 0.95585192305125, "_ave_Kernel_Length": 2.771771743168202, "_long/short_Ratio": 2.771771743168202, "_avg_Thread": 2.049959846147344, "sm%": 1.5484488905443516, "mem%": 1.8773345719870715, "CPU%": 1.5484488905443516, "MainMem%": 2.771771743168202}, "workload2": {"Best shared with 100-100% MPS thread%": 83.40771949869675, "Random select collocation": 23.230843663465723, "stage1-shared 100-100% throughput of predicted pairs": 1.887885216578832, "_PCIe read bandwidth": 83.40771949869675, "_PCIe write bandwidth": 83.40771949869675, "_Long_Kernel": 3.1421541302185334, "_ave_Kernel_Length": 10.753004083791168, "_long/short_Ratio": 10.753004083791168, "_avg_Thread": 17.656191857108027, "sm%": 22.538107194401057, "mem%": 1.887885216578832, "CPU%": 22.538107194401057, "MainMem%": 10.753004083791168}, "workload1+workload2": {"Best shared with 100-100% MPS thread%": 84.91698260098705, "Random select collocation": 25.016282009663815, "stage1-shared 100-100% throughput of predicted pairs": 3.7652197885659033, "_PCIe read bandwidth": 84.91698260098705, "_PCIe write bandwidth": 84.91698260098705, "_Long_Kernel": 4.098006053269783, "_ave_Kernel_Length": 13.52477582695937, "_long/short_Ratio": 13.52477582695937, "_avg_Thread": 19.706151703255372, "sm%": 24.086556084945407, "mem%": 3.7652197885659033, "CPU%": 24.086556084945407, "MainMem%": 13.52477582695937}}