{"workload1": {"Best shared with 100-100% MPS thread%": 3.4848264846812835, "Random select collocation": 3.178138268075912, "stage1-shared 100-100% throughput of predicted pairs": 3.4848264846812835, "_PCIe read bandwidth": 2.907434189327918, "_PCIe write bandwidth": 2.907434189327918, "_Long_Kernel": 2.907434189327918, "_ave_Kernel_Length": 3.4848264846812835, "_long/short_Ratio": 3.1421541302185334, "_avg_Thread": 3.4848264846812835, "sm%": 2.907434189327918, "mem%": 3.4848264846812835, "CPU%": 2.907434189327918, "MainMem%": 3.4848264846812835}, "workload2": {"Best shared with 100-100% MPS thread%": 11.742956903038175, "Random select collocation": 5.316388111241024, "stage1-shared 100-100% throughput of predicted pairs": 11.742956903038175, "_PCIe read bandwidth": 3.2503555076336474, "_PCIe write bandwidth": 3.2503555076336474, "_Long_Kernel": 3.2503555076336474, "_ave_Kernel_Length": 11.742956903038175, "_long/short_Ratio": 0.95585192305125, "_avg_Thread": 11.742956903038175, "sm%": 3.2503555076336474, "mem%": 11.742956903038175, "CPU%": 3.2503555076336474, "MainMem%": 11.742956903038175}, "workload1+workload2": {"Best shared with 100-100% MPS thread%": 15.227783387719459, "Random select collocation": 8.494526379316936, "stage1-shared 100-100% throughput of predicted pairs": 15.227783387719459, "_PCIe read bandwidth": 6.157789696961565, "_PCIe write bandwidth": 6.157789696961565, "_Long_Kernel": 6.157789696961565, "_ave_Kernel_Length": 15.227783387719459, "_long/short_Ratio": 4.098006053269783, "_avg_Thread": 15.227783387719459, "sm%": 6.157789696961565, "mem%": 15.227783387719459, "CPU%": 6.157789696961565, "MainMem%": 15.227783387719459}}