{"workload1": {"Best shared with 100-100% MPS thread%": 59.77980791754509, "Random select collocation": 43.808328847056316, "stage1-shared 100-100% throughput of predicted pairs": 59.77980791754509, "_PCIe read bandwidth": 33.24263099339169, "_PCIe write bandwidth": 33.24263099339169, "_Long_Kernel": 61.62490371108795, "_ave_Kernel_Length": 61.62490371108795, "_long/short_Ratio": 61.62490371108795, "_avg_Thread": 61.62490371108795, "sm%": 33.24263099339169, "mem%": 61.62490371108795, "CPU%": 41.41184693342653, "MainMem%": 41.41184693342653}, "workload2": {"Best shared with 100-100% MPS thread%": 59.68318855390904, "Random select collocation": 39.09052263436144, "stage1-shared 100-100% throughput of predicted pairs": 59.68318855390904, "_PCIe read bandwidth": 65.3189050135615, "_PCIe write bandwidth": 65.3189050135615, "_Long_Kernel": 30.79519088799832, "_ave_Kernel_Length": 30.79519088799832, "_long/short_Ratio": 30.79519088799832, "_avg_Thread": 30.79519088799832, "sm%": 65.3189050135615, "mem%": 30.79519088799832, "CPU%": 53.84845900278924, "MainMem%": 53.84845900278924}, "workload1+workload2": {"Best shared with 100-100% MPS thread%": 119.46299647145413, "Random select collocation": 82.89885148141775, "stage1-shared 100-100% throughput of predicted pairs": 119.46299647145413, "_PCIe read bandwidth": 98.56153600695319, "_PCIe write bandwidth": 98.56153600695319, "_Long_Kernel": 92.42009459908627, "_ave_Kernel_Length": 92.42009459908627, "_long/short_Ratio": 92.42009459908627, "_avg_Thread": 92.42009459908627, "sm%": 98.56153600695319, "mem%": 92.42009459908627, "CPU%": 95.26030593621577, "MainMem%": 95.26030593621577}}