mse,r2
0.4227248254682062,0.486975510685101
