{"workload1": {"Best shared with 100-100% MPS thread%": 16.663697531963876, "Random select collocation": 22.838627241338422, "stage1-shared 100-100% throughput of predicted pairs": 30.519055142383724, "_PCIe read bandwidth": 17.07949566306, "_PCIe write bandwidth": 16.663697531963876, "_Long_Kernel": 29.404750213942, "_ave_Kernel_Length": 29.122782215310664, "_long/short_Ratio": 29.122782215310664, "_avg_Thread": 29.404750213942, "sm%": 22.005087777647937, "mem%": 28.055331347936207, "CPU%": 18.22475608883376, "MainMem%": 28.799499139145404}, "workload2": {"Best shared with 100-100% MPS thread%": 61.84720880051893, "Random select collocation": 17.58017762597762, "stage1-shared 100-100% throughput of predicted pairs": 45.71160205858756, "_PCIe read bandwidth": 18.529241459177765, "_PCIe write bandwidth": 61.84720880051893, "_Long_Kernel": 5.391672547635851, "_ave_Kernel_Length": 6.299368414109266, "_long/short_Ratio": 6.299368414109266, "_avg_Thread": 5.391672547635851, "sm%": 13.501095638651304, "mem%": 15.52579629728432, "CPU%": 18.444237940079752, "MainMem%": 21.35361439175107}, "workload1+workload2": {"Best shared with 100-100% MPS thread%": 78.5109063324828, "Random select collocation": 40.41880486731604, "stage1-shared 100-100% throughput of predicted pairs": 76.23065720097128, "_PCIe read bandwidth": 35.60873712223777, "_PCIe write bandwidth": 78.5109063324828, "_Long_Kernel": 34.79642276157785, "_ave_Kernel_Length": 35.42215062941993, "_long/short_Ratio": 35.42215062941993, "_avg_Thread": 34.79642276157785, "sm%": 35.50618341629924, "mem%": 43.581127645220526, "CPU%": 36.66899402891352, "MainMem%": 50.153113530896476}}