{"workload1": {"Best shared with 100-100% MPS thread%": 85.55836354979306, "Random select collocation": 67.4475517721655, "stage1-shared 100-100% throughput of predicted pairs": 40.54640445732734, "_PCIe read bandwidth": 42.5469911117587, "_PCIe write bandwidth": 40.41189042160482, "_Long_Kernel": 84.77282624473798, "_ave_Kernel_Length": 83.86888306466089, "_long/short_Ratio": 83.86888306466089, "_avg_Thread": 84.77282624473798, "sm%": 42.5469911117587, "mem%": 77.80701462212303, "CPU%": 55.580670489423966, "MainMem%": 84.82278097546198}, "workload2": {"Best shared with 100-100% MPS thread%": 65.43844508648831, "Random select collocation": 31.942771800405815, "stage1-shared 100-100% throughput of predicted pairs": 51.14776398571672, "_PCIe read bandwidth": 21.71277615937177, "_PCIe write bandwidth": 72.32534018607676, "_Long_Kernel": 7.892353473929357, "_ave_Kernel_Length": 9.729663156598312, "_long/short_Ratio": 9.729663156598312, "_avg_Thread": 7.892353473929357, "sm%": 21.71277615937177, "mem%": 21.4514896867838, "CPU%": 57.621744054360136, "MainMem%": 23.843547135916385}, "workload1+workload2": {"Best shared with 100-100% MPS thread%": 150.99680863628137, "Random select collocation": 99.3903235725713, "stage1-shared 100-100% throughput of predicted pairs": 91.69416844304406, "_PCIe read bandwidth": 64.25976727113047, "_PCIe write bandwidth": 112.73723060768157, "_Long_Kernel": 92.66517971866735, "_ave_Kernel_Length": 93.5985462212592, "_long/short_Ratio": 93.5985462212592, "_avg_Thread": 92.66517971866735, "sm%": 64.25976727113047, "mem%": 99.25850430890684, "CPU%": 113.2024145437841, "MainMem%": 108.66632811137836}}