{"workload1": {"Best shared with 100-100% MPS thread%": 6.143275740123269, "Random select collocation": 8.5307650932963, "stage1-shared 100-100% throughput of predicted pairs": 6.143275740123269, "_PCIe read bandwidth": 6.143275740123269, "_PCIe write bandwidth": 6.143275740123269, "_Long_Kernel": 9.824657160401172, "_ave_Kernel_Length": 9.358288770053475, "_long/short_Ratio": 9.358288770053475, "_avg_Thread": 9.824657160401172, "sm%": 7.791022064417955, "mem%": 9.358288770053475, "CPU%": 7.791022064417955, "MainMem%": 7.791022064417955}, "workload2": {"Best shared with 100-100% MPS thread%": 57.9242967132425, "Random select collocation": 31.25184682533964, "stage1-shared 100-100% throughput of predicted pairs": 57.9242967132425, "_PCIe read bandwidth": 57.9242967132425, "_PCIe write bandwidth": 57.9242967132425, "_Long_Kernel": 7.229508506974016, "_ave_Kernel_Length": 28.973963259819783, "_long/short_Ratio": 28.973963259819783, "_avg_Thread": 7.229508506974016, "sm%": 12.235060494687197, "mem%": 28.973963259819783, "CPU%": 12.235060494687197, "MainMem%": 12.235060494687197}, "workload1+workload2": {"Best shared with 100-100% MPS thread%": 64.06757245336577, "Random select collocation": 39.78261191863594, "stage1-shared 100-100% throughput of predicted pairs": 64.06757245336577, "_PCIe read bandwidth": 64.06757245336577, "_PCIe write bandwidth": 64.06757245336577, "_Long_Kernel": 17.054165667375187, "_ave_Kernel_Length": 38.33225202987326, "_long/short_Ratio": 38.33225202987326, "_avg_Thread": 17.054165667375187, "sm%": 20.026082559105152, "mem%": 38.33225202987326, "CPU%": 20.026082559105152, "MainMem%": 20.026082559105152}}