{"workload1": {"Best shared with 100-100% MPS thread%": 8.31286604949934, "Random select collocation": 6.519908546904748, "stage1-shared 100-100% throughput of predicted pairs": 4.978957975223757, "_PCIe read bandwidth": 4.609179950067217, "_PCIe write bandwidth": 4.609179950067217, "_Long_Kernel": 9.44138473642801, "_ave_Kernel_Length": 9.44138473642801, "_long/short_Ratio": 8.446108071791919, "_avg_Thread": 9.44138473642801, "sm%": 5.903306315146925, "mem%": 9.44138473642801, "CPU%": 4.978957975223757, "MainMem%": 8.446108071791919}, "workload2": {"Best shared with 100-100% MPS thread%": 61.9341154636442, "Random select collocation": 22.136500048791337, "stage1-shared 100-100% throughput of predicted pairs": 19.93034812892117, "_PCIe read bandwidth": 20.19948311532081, "_PCIe write bandwidth": 20.19948311532081, "_Long_Kernel": 45.5573757703409, "_ave_Kernel_Length": 45.5573757703409, "_long/short_Ratio": 13.81855013746202, "_avg_Thread": 45.5573757703409, "sm%": 15.587181034176812, "mem%": 45.5573757703409, "CPU%": 19.93034812892117, "MainMem%": 13.81855013746202}, "workload1+workload2": {"Best shared with 100-100% MPS thread%": 70.24698151314354, "Random select collocation": 28.65640859569609, "stage1-shared 100-100% throughput of predicted pairs": 24.909306104144928, "_PCIe read bandwidth": 24.808663065388025, "_PCIe write bandwidth": 24.808663065388025, "_Long_Kernel": 54.9987605067689, "_ave_Kernel_Length": 54.9987605067689, "_long/short_Ratio": 22.264658209253938, "_avg_Thread": 54.9987605067689, "sm%": 21.490487349323736, "mem%": 54.9987605067689, "CPU%": 24.909306104144928, "MainMem%": 22.264658209253938}}