{"workload1": {"Best shared with 100-100% MPS thread%": 62.87844288147885, "Random select collocation": 58.33462103760604, "stage1-shared 100-100% throughput of predicted pairs": 62.87844288147885, "_PCIe read bandwidth": 41.31169170922575, "_PCIe write bandwidth": 41.31169170922575, "_Long_Kernel": 64.92022848138664, "_ave_Kernel_Length": 64.92022848138664, "_long/short_Ratio": 61.38835783505834, "_avg_Thread": 64.92022848138664, "sm%": 62.271797135176335, "mem%": 64.92022848138664, "CPU%": 51.14776398571672, "MainMem%": 62.09865217698116}, "workload2": {"Best shared with 100-100% MPS thread%": 41.65255068380793, "Random select collocation": 26.495380972955026, "stage1-shared 100-100% throughput of predicted pairs": 41.65255068380793, "_PCIe read bandwidth": 54.48460040350325, "_PCIe write bandwidth": 54.48460040350325, "_Long_Kernel": 24.36175538127816, "_ave_Kernel_Length": 24.36175538127816, "_long/short_Ratio": 7.720493621401698, "_avg_Thread": 24.36175538127816, "sm%": 6.373776462554064, "mem%": 24.36175538127816, "CPU%": 40.54640445732734, "MainMem%": 21.73832123580868}, "workload1+workload2": {"Best shared with 100-100% MPS thread%": 104.53099356528678, "Random select collocation": 84.83000201056106, "stage1-shared 100-100% throughput of predicted pairs": 104.53099356528678, "_PCIe read bandwidth": 95.79629211272899, "_PCIe write bandwidth": 95.79629211272899, "_Long_Kernel": 89.2819838626648, "_ave_Kernel_Length": 89.2819838626648, "_long/short_Ratio": 69.10885145646004, "_avg_Thread": 89.2819838626648, "sm%": 68.6455735977304, "mem%": 89.2819838626648, "CPU%": 91.69416844304406, "MainMem%": 83.83697341278985}}