{"workload1": {"Best shared with 100-100% MPS thread%": 42.27573239522048, "Random select collocation": 27.41915065214976, "stage1-shared 100-100% throughput of predicted pairs": 15.085145537959098, "_PCIe read bandwidth": 14.876920324122594, "_PCIe write bandwidth": 14.920679292752814, "_Long_Kernel": 47.05317488896891, "_ave_Kernel_Length": 47.05317488896891, "_long/short_Ratio": 15.085145537959098, "_avg_Thread": 47.05317488896891, "sm%": 44.37666793747617, "mem%": 47.05317488896891, "CPU%": 21.4514896867838, "MainMem%": 14.876920324122594}, "workload2": {"Best shared with 100-100% MPS thread%": 76.87118482320615, "Random select collocation": 41.06985195578745, "stage1-shared 100-100% throughput of predicted pairs": 60.66003409582453, "_PCIe read bandwidth": 26.928355040004146, "_PCIe write bandwidth": 88.95150695885611, "_Long_Kernel": 45.66781357522677, "_ave_Kernel_Length": 45.66781357522677, "_long/short_Ratio": 60.66003409582453, "_avg_Thread": 45.66781357522677, "sm%": 6.896551724137932, "mem%": 45.66781357522677, "CPU%": 77.80701462212303, "MainMem%": 26.928355040004146}, "workload1+workload2": {"Best shared with 100-100% MPS thread%": 119.14691721842664, "Random select collocation": 68.48900260793722, "stage1-shared 100-100% throughput of predicted pairs": 75.74517963378362, "_PCIe read bandwidth": 41.80527536412674, "_PCIe write bandwidth": 103.87218625160892, "_Long_Kernel": 92.72098846419568, "_ave_Kernel_Length": 92.72098846419568, "_long/short_Ratio": 75.74517963378362, "_avg_Thread": 92.72098846419568, "sm%": 51.27321966161411, "mem%": 92.72098846419568, "CPU%": 99.25850430890684, "MainMem%": 41.80527536412674}}