mse,r2
0.5530320547788549,0.39954392663187643
