mse,r2
0.09587994750914607,0.902202453540671
