mse,r2
0.14842691068549163,0.8268849813487845
