mse,r2
0.17497812095721565,0.8205352605567019
