mse,r2
0.050723594764773006,0.9470710315498021
