{"workload1": {"Best shared with 100-100% MPS thread%": 5.135074793480688, "Random select collocation": 10.322052397602603, "stage1-shared 100-100% throughput of predicted pairs": 19.00976676833965, "_Threads": 14.496603544457516, "_Compute (SM) Throughput": 5.135074793480688, "_DRAM Throughput": 14.003044140030442, "_Memory Throughput": 13.576580398812048, "_Registers": 14.496603544457516, "_Static Shared Memory": 7.229508506974016, "exclusive_throughput": 5.135074793480688, "sm%": 14.496603544457516, "mem%": 13.576580398812048, "memcap": 14.003044140030442}, "workload2": {"Best shared with 100-100% MPS thread%": 94.45635032954593, "Random select collocation": 36.7831779722662, "stage1-shared 100-100% throughput of predicted pairs": 78.86696264285352, "_Threads": 5.056570381138992, "_Compute (SM) Throughput": 94.45635032954593, "_DRAM Throughput": 55.36069769646412, "_Memory Throughput": 36.025998142989785, "_Registers": 5.056570381138992, "_Static Shared Memory": 9.824657160401172, "exclusive_throughput": 94.45635032954593, "sm%": 5.056570381138992, "mem%": 36.025998142989785, "memcap": 55.36069769646412}, "workload1+workload2": {"Best shared with 100-100% MPS thread%": 99.59142512302661, "Random select collocation": 47.1052303698688, "stage1-shared 100-100% throughput of predicted pairs": 97.87672941119317, "_Threads": 19.553173925596507, "_Compute (SM) Throughput": 99.59142512302661, "_DRAM Throughput": 69.36374183649457, "_Memory Throughput": 49.60257854180183, "_Registers": 19.553173925596507, "_Static Shared Memory": 17.054165667375187, "exclusive_throughput": 99.59142512302661, "sm%": 19.553173925596507, "mem%": 49.60257854180183, "memcap": 69.36374183649457}}