{"workload1": {"Best shared with 100-100% MPS thread%": 6.143275740123269, "Random select collocation": 8.86497515387655, "stage1-shared 100-100% throughput of predicted pairs": 10.626992561105208, "_Threads": 10.626992561105208, "_Compute (SM) Throughput": 6.143275740123269, "_DRAM Throughput": 10.626992561105208, "_Memory Throughput": 10.626992561105208, "_Registers": 10.626992561105208, "_Static Shared Memory": 10.626992561105208, "exclusive_throughput": 6.143275740123269, "sm%": 9.824657160401172, "mem%": 10.626992561105208, "memcap": 6.143275740123269}, "workload2": {"Best shared with 100-100% MPS thread%": 57.9242967132425, "Random select collocation": 35.919924324639666, "stage1-shared 100-100% throughput of predicted pairs": 42.60596775370249, "_Threads": 42.60596775370249, "_Compute (SM) Throughput": 57.9242967132425, "_DRAM Throughput": 42.60596775370249, "_Memory Throughput": 42.60596775370249, "_Registers": 42.60596775370249, "_Static Shared Memory": 42.60596775370249, "exclusive_throughput": 57.9242967132425, "sm%": 7.229508506974016, "mem%": 42.60596775370249, "memcap": 57.9242967132425}, "workload1+workload2": {"Best shared with 100-100% MPS thread%": 64.06757245336577, "Random select collocation": 44.784899478516216, "stage1-shared 100-100% throughput of predicted pairs": 53.2329603148077, "_Threads": 53.2329603148077, "_Compute (SM) Throughput": 64.06757245336577, "_DRAM Throughput": 53.2329603148077, "_Memory Throughput": 53.2329603148077, "_Registers": 53.2329603148077, "_Static Shared Memory": 53.2329603148077, "exclusive_throughput": 64.06757245336577, "sm%": 17.054165667375187, "mem%": 53.2329603148077, "memcap": 64.06757245336577}}