mse,r2
0.2172287707376556,0.7570431593235042
