mse,r2
0.16529558553572415,0.8110907593877439
