mse,r2
0.5791056573675081,0.3629837768957409
