mse,r2
0.12293556811628167,0.8712103572115144
