mse,r2
0.1206632393636179,0.8707179578246951
