mse,r2
0.12261246437117838,0.8720565589170313
