mse,r2
0.12057566898564459,0.8747868052841383
