{"workload1": {"Best shared with 100-100% MPS thread%": 92.6984126984127, "Random select collocation": 79.56716966909607, "stage1-shared 100-100% throughput of predicted pairs": 92.6984126984127, "_PCIe read bandwidth": 59.896667991436, "_PCIe write bandwidth": 59.896667991436, "_Long_Kernel": 101.56742537881256, "_ave_Kernel_Length": 101.56742537881256, "_long/short_Ratio": 93.996459037502, "_avg_Thread": 101.56742537881256, "sm%": 73.45565460748706, "mem%": 101.56742537881256, "CPU%": 72.32534018607676, "MainMem%": 95.44626593806922}, "workload2": {"Best shared with 100-100% MPS thread%": 52.61810519682559, "Random select collocation": 20.08052812218557, "stage1-shared 100-100% throughput of predicted pairs": 52.61810519682559, "_PCIe read bandwidth": 16.371572525807245, "_PCIe write bandwidth": 16.371572525807245, "_Long_Kernel": 20.798668885191347, "_ave_Kernel_Length": 20.798668885191347, "_long/short_Ratio": 6.350704020902889, "_avg_Thread": 20.798668885191347, "sm%": 12.097491549546344, "mem%": 20.798668885191347, "CPU%": 40.41189042160482, "MainMem%": 13.794080827644848}, "workload1+workload2": {"Best shared with 100-100% MPS thread%": 145.3165178952383, "Random select collocation": 99.64769779128164, "stage1-shared 100-100% throughput of predicted pairs": 145.3165178952383, "_PCIe read bandwidth": 76.26824051724324, "_PCIe write bandwidth": 76.26824051724324, "_Long_Kernel": 122.3660942640039, "_ave_Kernel_Length": 122.3660942640039, "_long/short_Ratio": 100.3471630584049, "_avg_Thread": 122.3660942640039, "sm%": 85.55314615703341, "mem%": 122.3660942640039, "CPU%": 112.73723060768157, "MainMem%": 109.24034676571407}}