{"workload1": {"Best shared with 100-100% MPS thread%": 9.53658173148562, "Random select collocation": 9.573175887313424, "stage1-shared 100-100% throughput of predicted pairs": 9.53658173148562, "_PCIe read bandwidth": 9.53658173148562, "_PCIe write bandwidth": 9.53658173148562, "_Long_Kernel": 9.824657160401172, "_ave_Kernel_Length": 9.358288770053475, "_long/short_Ratio": 9.358288770053475, "_avg_Thread": 9.824657160401172, "sm%": 9.824657160401172, "mem%": 9.358288770053475, "CPU%": 9.824657160401172, "MainMem%": 9.824657160401172}, "workload2": {"Best shared with 100-100% MPS thread%": 49.89640515197471, "Random select collocation": 28.699958972922833, "stage1-shared 100-100% throughput of predicted pairs": 49.89640515197471, "_PCIe read bandwidth": 49.89640515197471, "_PCIe write bandwidth": 49.89640515197471, "_Long_Kernel": 7.229508506974016, "_ave_Kernel_Length": 28.973963259819783, "_long/short_Ratio": 28.973963259819783, "_avg_Thread": 7.229508506974016, "sm%": 7.229508506974016, "mem%": 28.973963259819783, "CPU%": 7.229508506974016, "MainMem%": 7.229508506974016}, "workload1+workload2": {"Best shared with 100-100% MPS thread%": 59.43298688346033, "Random select collocation": 38.27313486023626, "stage1-shared 100-100% throughput of predicted pairs": 59.43298688346033, "_PCIe read bandwidth": 59.43298688346033, "_PCIe write bandwidth": 59.43298688346033, "_Long_Kernel": 17.054165667375187, "_ave_Kernel_Length": 38.33225202987326, "_long/short_Ratio": 38.33225202987326, "_avg_Thread": 17.054165667375187, "sm%": 17.054165667375187, "mem%": 38.33225202987326, "CPU%": 17.054165667375187, "MainMem%": 17.054165667375187}}