{"workload1": {"Best shared with 100-100% MPS thread%": 1.5092631022903067, "Random select collocation": 1.857785088591142, "stage1-shared 100-100% throughput of predicted pairs": 2.9890744176458464, "_PCIe read bandwidth": 1.4333245495001836, "_PCIe write bandwidth": 1.5092631022903067, "_Long_Kernel": 1.561942283280508, "_ave_Kernel_Length": 2.771771743168202, "_long/short_Ratio": 2.771771743168202, "_avg_Thread": 2.9890744176458464, "sm%": 1.9338632074217816, "mem%": 2.717503191007535, "CPU%": 1.5484488905443516, "MainMem%": 2.771771743168202}, "workload2": {"Best shared with 100-100% MPS thread%": 83.40771949869675, "Random select collocation": 26.38115129080073, "stage1-shared 100-100% throughput of predicted pairs": 59.948161264659845, "_PCIe read bandwidth": 22.384642157132127, "_PCIe write bandwidth": 83.40771949869675, "_Long_Kernel": 6.278691561850259, "_ave_Kernel_Length": 10.753004083791168, "_long/short_Ratio": 10.753004083791168, "_avg_Thread": 59.948161264659845, "sm%": 18.106009718666986, "mem%": 67.33929086191986, "CPU%": 22.538107194401057, "MainMem%": 10.753004083791168}, "workload1+workload2": {"Best shared with 100-100% MPS thread%": 84.91698260098705, "Random select collocation": 28.238936379391877, "stage1-shared 100-100% throughput of predicted pairs": 62.93723568230569, "_PCIe read bandwidth": 23.817966706632312, "_PCIe write bandwidth": 84.91698260098705, "_Long_Kernel": 7.8406338451307676, "_ave_Kernel_Length": 13.52477582695937, "_long/short_Ratio": 13.52477582695937, "_avg_Thread": 62.93723568230569, "sm%": 20.03987292608877, "mem%": 70.0567940529274, "CPU%": 24.086556084945407, "MainMem%": 13.52477582695937}}