{"workload1": {"Best shared with 100-100% MPS thread%": 2.485012269748082, "Random select collocation": 3.230603971787384, "stage1-shared 100-100% throughput of predicted pairs": 3.589574397888485, "_PCIe read bandwidth": 2.485012269748082, "_PCIe write bandwidth": 2.485012269748082, "_Long_Kernel": 3.714731591494414, "_ave_Kernel_Length": 3.700801045380914, "_long/short_Ratio": 3.700801045380914, "_avg_Thread": 3.714731591494414, "sm%": 3.006807940142824, "mem%": 3.4848264846812835, "CPU%": 3.006807940142824, "MainMem%": 3.700801045380914}, "workload2": {"Best shared with 100-100% MPS thread%": 58.367897656289045, "Random select collocation": 17.56947255114046, "stage1-shared 100-100% throughput of predicted pairs": 41.77732471318328, "_PCIe read bandwidth": 58.367897656289045, "_PCIe write bandwidth": 58.367897656289045, "_Long_Kernel": 4.197695002352801, "_ave_Kernel_Length": 4.90239666139081, "_long/short_Ratio": 4.90239666139081, "_avg_Thread": 4.197695002352801, "sm%": 10.068943480493251, "mem%": 11.742956903038175, "CPU%": 10.068943480493251, "MainMem%": 4.90239666139081}, "workload1+workload2": {"Best shared with 100-100% MPS thread%": 60.85290992603713, "Random select collocation": 20.800076522927846, "stage1-shared 100-100% throughput of predicted pairs": 45.36689911107177, "_PCIe read bandwidth": 60.85290992603713, "_PCIe write bandwidth": 60.85290992603713, "_Long_Kernel": 7.912426593847215, "_ave_Kernel_Length": 8.603197706771724, "_long/short_Ratio": 8.603197706771724, "_avg_Thread": 7.912426593847215, "sm%": 13.075751420636076, "mem%": 15.227783387719459, "CPU%": 13.075751420636076, "MainMem%": 8.603197706771724}}