mse,r2
0.45105705840098526,0.49558774191955474
