mse,r2
0.1171182941563355,0.8759923944227036
