{"workload1": {"Best shared with 100-100% MPS thread%": 90.29066171923314, "Random select collocation": 67.5421946803621, "stage1-shared 100-100% throughput of predicted pairs": 55.580670489423966, "_Threads": 96.2425840474621, "_Compute (SM) Throughput": 90.29066171923314, "_DRAM Throughput": 96.2425840474621, "_Memory Throughput": 96.2425840474621, "_Registers": 96.2425840474621, "_Static Shared Memory": 96.2425840474621, "exclusive_throughput": 40.54640445732734, "sm%": 42.5469911117587, "mem%": 96.2425840474621, "memcap": 84.82278097546198}, "workload2": {"Best shared with 100-100% MPS thread%": 52.56636503585777, "Random select collocation": 30.40147757529777, "stage1-shared 100-100% throughput of predicted pairs": 57.621744054360136, "_Threads": 31.99121809699298, "_Compute (SM) Throughput": 52.56636503585777, "_DRAM Throughput": 31.99121809699298, "_Memory Throughput": 31.99121809699298, "_Registers": 31.99121809699298, "_Static Shared Memory": 31.99121809699298, "exclusive_throughput": 51.14776398571672, "sm%": 21.71277615937177, "mem%": 31.99121809699298, "memcap": 23.843547135916385}, "workload1+workload2": {"Best shared with 100-100% MPS thread%": 142.8570267550909, "Random select collocation": 97.94367225565988, "stage1-shared 100-100% throughput of predicted pairs": 113.2024145437841, "_Threads": 128.23380214445507, "_Compute (SM) Throughput": 142.8570267550909, "_DRAM Throughput": 128.23380214445507, "_Memory Throughput": 128.23380214445507, "_Registers": 128.23380214445507, "_Static Shared Memory": 128.23380214445507, "exclusive_throughput": 91.69416844304406, "sm%": 64.25976727113047, "mem%": 128.23380214445507, "memcap": 108.66632811137836}}