mse,r2
0.16089972509892558,0.8227273726370903
