{"workload1": {"Best shared with 100-100% MPS thread%": 7.033997655334115, "Random select collocation": 4.2617670209455545, "stage1-shared 100-100% throughput of predicted pairs": 6.707317073170732, "_Threads": 6.707317073170732, "_Compute (SM) Throughput": 2.062128222075347, "_DRAM Throughput": 6.707317073170732, "_Memory Throughput": 6.707317073170732, "_Registers": 6.707317073170732, "_Static Shared Memory": 6.707317073170732, "exclusive_throughput": 2.062128222075347, "sm%": 3.788667717972369, "mem%": 6.707317073170732, "memcap": 7.033997655334115}, "workload2": {"Best shared with 100-100% MPS thread%": 85.76883536495814, "Random select collocation": 42.51893817459336, "stage1-shared 100-100% throughput of predicted pairs": 56.58366437360721, "_Threads": 56.58366437360721, "_Compute (SM) Throughput": 87.77829967120714, "_DRAM Throughput": 56.58366437360721, "_Memory Throughput": 56.58366437360721, "_Registers": 56.58366437360721, "_Static Shared Memory": 56.58366437360721, "exclusive_throughput": 87.77829967120714, "sm%": 3.849762533491967, "mem%": 56.58366437360721, "memcap": 85.76883536495814}, "workload1+workload2": {"Best shared with 100-100% MPS thread%": 92.80283302029225, "Random select collocation": 46.78070519553892, "stage1-shared 100-100% throughput of predicted pairs": 63.29098144677795, "_Threads": 63.29098144677795, "_Compute (SM) Throughput": 89.84042789328248, "_DRAM Throughput": 63.29098144677795, "_Memory Throughput": 63.29098144677795, "_Registers": 63.29098144677795, "_Static Shared Memory": 63.29098144677795, "exclusive_throughput": 89.84042789328248, "sm%": 7.638430251464336, "mem%": 63.29098144677795, "memcap": 92.80283302029225}}