mse,r2
0.15244444653454392,0.8105398738856194
