mse,r2
0.06958224525755471,0.9287206268093342
