mse,r2
0.06120022761671975,0.9326797496216083
