mse,r2
0.3262242214592266,0.6465904267525046
