mse,r2
0.12323921257120354,0.8736008076192784
