{"workload1": {"Best shared with 100-100% MPS thread%": 2.439768222018908, "Random select collocation": 2.0451376300522552, "stage1-shared 100-100% throughput of predicted pairs": 2.439768222018908, "_Threads": 2.9890744176458464, "_Compute (SM) Throughput": 2.9890744176458464, "_DRAM Throughput": 2.9890744176458464, "_Memory Throughput": 2.9890744176458464, "_Registers": 2.9890744176458464, "_Static Shared Memory": 0.95585192305125, "exclusive_throughput": 1.5092631022903067, "sm%": 1.9338632074217816, "mem%": 2.717503191007535, "memcap": 2.439768222018908}, "workload2": {"Best shared with 100-100% MPS thread%": 82.98401420959148, "Random select collocation": 32.33597169778151, "stage1-shared 100-100% throughput of predicted pairs": 82.98401420959148, "_Threads": 59.948161264659845, "_Compute (SM) Throughput": 59.948161264659845, "_DRAM Throughput": 59.948161264659845, "_Memory Throughput": 59.948161264659845, "_Registers": 59.948161264659845, "_Static Shared Memory": 3.1421541302185334, "exclusive_throughput": 83.40771949869675, "sm%": 18.106009718666986, "mem%": 67.33929086191986, "memcap": 82.98401420959148}, "workload1+workload2": {"Best shared with 100-100% MPS thread%": 85.42378243161039, "Random select collocation": 34.38110932783378, "stage1-shared 100-100% throughput of predicted pairs": 85.42378243161039, "_Threads": 62.93723568230569, "_Compute (SM) Throughput": 62.93723568230569, "_DRAM Throughput": 62.93723568230569, "_Memory Throughput": 62.93723568230569, "_Registers": 62.93723568230569, "_Static Shared Memory": 4.098006053269783, "exclusive_throughput": 84.91698260098705, "sm%": 20.03987292608877, "mem%": 70.0567940529274, "memcap": 85.42378243161039}}