mse,r2
0.23736643299054047,0.7406259672158866
