{"workload1": {"Best shared with 100-100% MPS thread%": 21.32138453673353, "Random select collocation": 14.29460321032626, "stage1-shared 100-100% throughput of predicted pairs": 22.196555014312256, "_PCIe read bandwidth": 9.729663156598312, "_PCIe write bandwidth": 9.729663156598312, "_Long_Kernel": 21.32138453673353, "_ave_Kernel_Length": 15.066061920725694, "_long/short_Ratio": 15.066061920725694, "_avg_Thread": 22.196555014312256, "sm%": 15.066061920725694, "mem%": 21.32138453673353, "CPU%": 9.729663156598312, "MainMem%": 17.477500978218337}, "workload2": {"Best shared with 100-100% MPS thread%": 78.23043820431674, "Random select collocation": 51.067225628069195, "stage1-shared 100-100% throughput of predicted pairs": 69.30105612910882, "_PCIe read bandwidth": 83.86888306466089, "_PCIe write bandwidth": 83.86888306466089, "_Long_Kernel": 78.23043820431674, "_ave_Kernel_Length": 15.934507711424605, "_long/short_Ratio": 15.934507711424605, "_avg_Thread": 69.30105612910882, "sm%": 15.934507711424605, "mem%": 78.23043820431674, "CPU%": 83.86888306466089, "MainMem%": 51.58099275746335}, "workload1+workload2": {"Best shared with 100-100% MPS thread%": 99.55182274105027, "Random select collocation": 65.36182883839545, "stage1-shared 100-100% throughput of predicted pairs": 91.49761114342107, "_PCIe read bandwidth": 93.5985462212592, "_PCIe write bandwidth": 93.5985462212592, "_Long_Kernel": 99.55182274105027, "_ave_Kernel_Length": 31.0005696321503, "_long/short_Ratio": 31.0005696321503, "_avg_Thread": 91.49761114342107, "sm%": 31.0005696321503, "mem%": 99.55182274105027, "CPU%": 93.5985462212592, "MainMem%": 69.05849373568168}}