{"workload1": {"Best shared with 100-100% MPS thread%": 12.097491549546344, "Random select collocation": 19.872749898819745, "stage1-shared 100-100% throughput of predicted pairs": 27.516737301148577, "_PCIe read bandwidth": 12.097491549546344, "_PCIe write bandwidth": 12.097491549546344, "_Long_Kernel": 16.967408805729832, "_ave_Kernel_Length": 16.828889593802696, "_long/short_Ratio": 18.106009718666986, "_avg_Thread": 27.516737301148577, "sm%": 22.78488562822463, "mem%": 27.516737301148577, "CPU%": 16.967408805729832, "MainMem%": 24.80782669461915}, "workload2": {"Best shared with 100-100% MPS thread%": 73.45565460748706, "Random select collocation": 31.083988420284925, "stage1-shared 100-100% throughput of predicted pairs": 52.483767327956144, "_PCIe read bandwidth": 73.45565460748706, "_PCIe write bandwidth": 73.45565460748706, "_Long_Kernel": 17.223943891697928, "_ave_Kernel_Length": 40.763438977412015, "_long/short_Ratio": 1.9338632074217816, "_avg_Thread": 52.483767327956144, "sm%": 2.920463577383043, "mem%": 52.483767327956144, "CPU%": 17.223943891697928, "MainMem%": 28.806787352636512}, "workload1+workload2": {"Best shared with 100-100% MPS thread%": 85.55314615703341, "Random select collocation": 50.956738319104666, "stage1-shared 100-100% throughput of predicted pairs": 80.00050462910473, "_PCIe read bandwidth": 85.55314615703341, "_PCIe write bandwidth": 85.55314615703341, "_Long_Kernel": 34.19135269742776, "_ave_Kernel_Length": 57.59232857121471, "_long/short_Ratio": 20.03987292608877, "_avg_Thread": 80.00050462910473, "sm%": 25.70534920560767, "mem%": 80.00050462910473, "CPU%": 34.19135269742776, "MainMem%": 53.61461404725566}}