{"workload1": {"Best shared with 100-100% MPS thread%": 28.799499139145404, "Random select collocation": 21.314441242872274, "stage1-shared 100-100% throughput of predicted pairs": 22.538107194401057, "_PCIe read bandwidth": 17.07949566306, "_PCIe write bandwidth": 17.07949566306, "_Long_Kernel": 19.93034812892117, "_ave_Kernel_Length": 22.538107194401057, "_long/short_Ratio": 22.538107194401057, "_avg_Thread": 28.799499139145404, "sm%": 17.07949566306, "mem%": 22.538107194401057, "CPU%": 18.22475608883376, "MainMem%": 28.799499139145404}, "workload2": {"Best shared with 100-100% MPS thread%": 21.35361439175107, "Random select collocation": 12.97090013135534, "stage1-shared 100-100% throughput of predicted pairs": 1.5484488905443516, "_PCIe read bandwidth": 18.529241459177765, "_PCIe write bandwidth": 18.529241459177765, "_Long_Kernel": 4.978957975223757, "_ave_Kernel_Length": 1.5484488905443516, "_long/short_Ratio": 1.5484488905443516, "_avg_Thread": 21.35361439175107, "sm%": 18.529241459177765, "mem%": 1.5484488905443516, "CPU%": 18.444237940079752, "MainMem%": 21.35361439175107}, "workload1+workload2": {"Best shared with 100-100% MPS thread%": 50.153113530896476, "Random select collocation": 34.28534137422762, "stage1-shared 100-100% throughput of predicted pairs": 24.086556084945407, "_PCIe read bandwidth": 35.60873712223777, "_PCIe write bandwidth": 35.60873712223777, "_Long_Kernel": 24.909306104144928, "_ave_Kernel_Length": 24.086556084945407, "_long/short_Ratio": 24.086556084945407, "_avg_Thread": 50.153113530896476, "sm%": 35.60873712223777, "mem%": 24.086556084945407, "CPU%": 36.66899402891352, "MainMem%": 50.153113530896476}}