{"workload1": {"Best shared with 100-100% MPS thread%": 25.89140610892726, "Random select collocation": 18.125707248988327, "stage1-shared 100-100% throughput of predicted pairs": 25.89140610892726, "_PCIe read bandwidth": 11.38203404798116, "_PCIe write bandwidth": 11.38203404798116, "_Long_Kernel": 25.095406501628403, "_ave_Kernel_Length": 7.380307886253097, "_long/short_Ratio": 17.656191857108027, "_avg_Thread": 25.095406501628403, "sm%": 25.095406501628403, "mem%": 23.56271277206136, "CPU%": 16.548157724628314, "MainMem%": 16.548157724628314}, "workload2": {"Best shared with 100-100% MPS thread%": 68.67356538099718, "Random select collocation": 32.46250497481232, "stage1-shared 100-100% throughput of predicted pairs": 68.67356538099718, "_PCIe read bandwidth": 76.38854825787675, "_PCIe write bandwidth": 76.38854825787675, "_Long_Kernel": 7.833808420318684, "_ave_Kernel_Length": 3.2853305334640126, "_long/short_Ratio": 2.049959846147344, "_avg_Thread": 7.833808420318684, "sm%": 7.833808420318684, "mem%": 22.808323862523025, "CPU%": 60.86344806023814, "MainMem%": 60.86344806023814}, "workload1+workload2": {"Best shared with 100-100% MPS thread%": 94.56497148992443, "Random select collocation": 50.58821222380064, "stage1-shared 100-100% throughput of predicted pairs": 94.56497148992443, "_PCIe read bandwidth": 87.77058230585791, "_PCIe write bandwidth": 87.77058230585791, "_Long_Kernel": 32.929214921947086, "_ave_Kernel_Length": 10.665638419717109, "_long/short_Ratio": 19.706151703255372, "_avg_Thread": 32.929214921947086, "sm%": 32.929214921947086, "mem%": 46.371036634584385, "CPU%": 77.41160578486645, "MainMem%": 77.41160578486645}}