{"workload1": {"Best shared with 100-100% MPS thread%": 19.834622849698228, "Random select collocation": 11.82755308606519, "stage1-shared 100-100% throughput of predicted pairs": 19.834622849698228, "_PCIe read bandwidth": 7.833808420318684, "_PCIe write bandwidth": 7.833808420318684, "_Long_Kernel": 21.2018567306486, "_ave_Kernel_Length": 21.2018567306486, "_long/short_Ratio": 9.260726722893526, "_avg_Thread": 21.2018567306486, "sm%": 14.496603544457516, "mem%": 21.2018567306486, "CPU%": 7.833808420318684, "MainMem%": 13.776190991380863}, "workload2": {"Best shared with 100-100% MPS thread%": 70.7450030284676, "Random select collocation": 32.57748727171598, "stage1-shared 100-100% throughput of predicted pairs": 70.7450030284676, "_PCIe read bandwidth": 25.095406501628403, "_PCIe write bandwidth": 25.095406501628403, "_Long_Kernel": 49.6261046906866, "_ave_Kernel_Length": 49.6261046906866, "_long/short_Ratio": 2.8225571786067625, "_avg_Thread": 49.6261046906866, "sm%": 5.056570381138992, "mem%": 49.6261046906866, "CPU%": 25.095406501628403, "MainMem%": 14.485949969820938}, "workload1+workload2": {"Best shared with 100-100% MPS thread%": 90.57962587816581, "Random select collocation": 44.405040357781175, "stage1-shared 100-100% throughput of predicted pairs": 90.57962587816581, "_PCIe read bandwidth": 32.929214921947086, "_PCIe write bandwidth": 32.929214921947086, "_Long_Kernel": 70.8279614213352, "_ave_Kernel_Length": 70.8279614213352, "_long/short_Ratio": 12.08328390150029, "_avg_Thread": 70.8279614213352, "sm%": 19.553173925596507, "mem%": 70.8279614213352, "CPU%": 32.929214921947086, "MainMem%": 28.2621409612018}}