{"workload1": {"Best shared with 100-100% MPS thread%": 2.062128222075347, "Random select collocation": 4.4330334444366315, "stage1-shared 100-100% throughput of predicted pairs": 5.873819043912105, "_PCIe read bandwidth": 2.062128222075347, "_PCIe write bandwidth": 2.062128222075347, "_Long_Kernel": 5.056570381138992, "_ave_Kernel_Length": 6.896551724137932, "_long/short_Ratio": 6.896551724137932, "_avg_Thread": 5.056570381138992, "sm%": 3.788667717972369, "mem%": 6.896551724137932, "CPU%": 2.920463577383043, "MainMem%": 2.920463577383043}, "workload2": {"Best shared with 100-100% MPS thread%": 87.77829967120714, "Random select collocation": 39.78703765428114, "stage1-shared 100-100% throughput of predicted pairs": 65.43600661082944, "_PCIe read bandwidth": 87.77829967120714, "_PCIe write bandwidth": 87.77829967120714, "_Long_Kernel": 14.496603544457516, "_ave_Kernel_Length": 44.37666793747617, "_long/short_Ratio": 44.37666793747617, "_avg_Thread": 14.496603544457516, "sm%": 3.849762533491967, "mem%": 44.37666793747617, "CPU%": 22.78488562822463, "MainMem%": 22.78488562822463}, "workload1+workload2": {"Best shared with 100-100% MPS thread%": 89.84042789328248, "Random select collocation": 44.220071098717774, "stage1-shared 100-100% throughput of predicted pairs": 71.30982565474154, "_PCIe read bandwidth": 89.84042789328248, "_PCIe write bandwidth": 89.84042789328248, "_Long_Kernel": 19.553173925596507, "_ave_Kernel_Length": 51.27321966161411, "_long/short_Ratio": 51.27321966161411, "_avg_Thread": 19.553173925596507, "sm%": 7.638430251464336, "mem%": 51.27321966161411, "CPU%": 25.70534920560767, "MainMem%": 25.70534920560767}}