{"workload1": {"Best shared with 100-100% MPS thread%": 8.31286604949934, "Random select collocation": 6.389794975137618, "stage1-shared 100-100% throughput of predicted pairs": 8.31286604949934, "_PCIe read bandwidth": 4.978957975223757, "_PCIe write bandwidth": 4.978957975223757, "_Long_Kernel": 8.31286604949934, "_ave_Kernel_Length": 6.278691561850259, "_long/short_Ratio": 6.278691561850259, "_avg_Thread": 8.31286604949934, "sm%": 4.978957975223757, "mem%": 8.31286604949934, "CPU%": 5.9886643139771145, "MainMem%": 5.9886643139771145}, "workload2": {"Best shared with 100-100% MPS thread%": 61.9341154636442, "Random select collocation": 36.173830729065855, "stage1-shared 100-100% throughput of predicted pairs": 61.9341154636442, "_PCIe read bandwidth": 19.93034812892117, "_PCIe write bandwidth": 19.93034812892117, "_Long_Kernel": 61.9341154636442, "_ave_Kernel_Length": 1.561942283280508, "_long/short_Ratio": 1.561942283280508, "_avg_Thread": 61.9341154636442, "sm%": 19.93034812892117, "mem%": 61.9341154636442, "CPU%": 61.26891704041755, "MainMem%": 61.26891704041755}, "workload1+workload2": {"Best shared with 100-100% MPS thread%": 70.24698151314354, "Random select collocation": 42.563625704203474, "stage1-shared 100-100% throughput of predicted pairs": 70.24698151314354, "_PCIe read bandwidth": 24.909306104144928, "_PCIe write bandwidth": 24.909306104144928, "_Long_Kernel": 70.24698151314354, "_ave_Kernel_Length": 7.8406338451307676, "_long/short_Ratio": 7.8406338451307676, "_avg_Thread": 70.24698151314354, "sm%": 24.909306104144928, "mem%": 70.24698151314354, "CPU%": 67.25758135439466, "MainMem%": 67.25758135439466}}