mse,r2
0.5587791933934979,0.3073013008848175
