mse,r2
0.054229581450619437,0.943761915532691
