{"workload1": {"Best shared with 100-100% MPS thread%": 92.6984126984127, "Random select collocation": 80.00031134737992, "stage1-shared 100-100% throughput of predicted pairs": 92.6984126984127, "_PCIe read bandwidth": 72.32534018607676, "_PCIe write bandwidth": 72.32534018607676, "_Long_Kernel": 92.6984126984127, "_ave_Kernel_Length": 43.00639756984397, "_long/short_Ratio": 83.40771949869675, "_avg_Thread": 95.44626593806922, "sm%": 87.77829967120714, "mem%": 88.95150695885611, "CPU%": 72.32534018607676, "MainMem%": 95.44626593806922}, "workload2": {"Best shared with 100-100% MPS thread%": 52.61810519682559, "Random select collocation": 17.47584850833537, "stage1-shared 100-100% throughput of predicted pairs": 52.61810519682559, "_PCIe read bandwidth": 40.41189042160482, "_PCIe write bandwidth": 40.41189042160482, "_Long_Kernel": 52.61810519682559, "_ave_Kernel_Length": 3.108606955508063, "_long/short_Ratio": 1.5092631022903067, "_avg_Thread": 13.794080827644848, "sm%": 2.062128222075347, "mem%": 14.920679292752814, "CPU%": 40.41189042160482, "MainMem%": 13.794080827644848}, "workload1+workload2": {"Best shared with 100-100% MPS thread%": 145.3165178952383, "Random select collocation": 97.47615985571528, "stage1-shared 100-100% throughput of predicted pairs": 145.3165178952383, "_PCIe read bandwidth": 112.73723060768157, "_PCIe write bandwidth": 112.73723060768157, "_Long_Kernel": 145.3165178952383, "_ave_Kernel_Length": 46.115004525352035, "_long/short_Ratio": 84.91698260098705, "_avg_Thread": 109.24034676571407, "sm%": 89.84042789328248, "mem%": 103.87218625160892, "CPU%": 112.73723060768157, "MainMem%": 109.24034676571407}}