{"workload1": {"Best shared with 100-100% MPS thread%": 85.55836354979306, "Random select collocation": 60.493452842585796, "stage1-shared 100-100% throughput of predicted pairs": 85.55836354979306, "_PCIe read bandwidth": 42.5469911117587, "_PCIe write bandwidth": 40.41189042160482, "_Long_Kernel": 61.26891704041755, "_ave_Kernel_Length": 83.86888306466089, "_long/short_Ratio": 83.86888306466089, "_avg_Thread": 60.86344806023814, "sm%": 42.5469911117587, "mem%": 85.55836354979306, "CPU%": 55.580670489423966, "MainMem%": 83.86888306466089}, "workload2": {"Best shared with 100-100% MPS thread%": 65.43844508648831, "Random select collocation": 36.34707970186591, "stage1-shared 100-100% throughput of predicted pairs": 65.43844508648831, "_PCIe read bandwidth": 21.71277615937177, "_PCIe write bandwidth": 72.32534018607676, "_Long_Kernel": 5.9886643139771145, "_ave_Kernel_Length": 9.729663156598312, "_long/short_Ratio": 9.729663156598312, "_avg_Thread": 16.548157724628314, "sm%": 21.71277615937177, "mem%": 65.43844508648831, "CPU%": 57.621744054360136, "MainMem%": 9.729663156598312}, "workload1+workload2": {"Best shared with 100-100% MPS thread%": 150.99680863628137, "Random select collocation": 96.8405325444517, "stage1-shared 100-100% throughput of predicted pairs": 150.99680863628137, "_PCIe read bandwidth": 64.25976727113047, "_PCIe write bandwidth": 112.73723060768157, "_Long_Kernel": 67.25758135439466, "_ave_Kernel_Length": 93.5985462212592, "_long/short_Ratio": 93.5985462212592, "_avg_Thread": 77.41160578486645, "sm%": 64.25976727113047, "mem%": 150.99680863628137, "CPU%": 113.2024145437841, "MainMem%": 93.5985462212592}}