{"workload1": {"Best shared with 100-100% MPS thread%": 11.38203404798116, "Random select collocation": 18.252047236848835, "stage1-shared 100-100% throughput of predicted pairs": 30.13044277053096, "_PCIe read bandwidth": 11.862646213136223, "_PCIe write bandwidth": 11.38203404798116, "_Long_Kernel": 30.13044277053096, "_ave_Kernel_Length": 30.13044277053096, "_long/short_Ratio": 17.656191857108027, "_avg_Thread": 30.13044277053096, "sm%": 11.862646213136223, "mem%": 30.13044277053096, "CPU%": 16.548157724628314, "MainMem%": 11.862646213136223}, "workload2": {"Best shared with 100-100% MPS thread%": 76.38854825787675, "Random select collocation": 27.096524629242793, "stage1-shared 100-100% throughput of predicted pairs": 30.084483824438493, "_PCIe read bandwidth": 23.108624144580133, "_PCIe write bandwidth": 76.38854825787675, "_Long_Kernel": 30.084483824438493, "_ave_Kernel_Length": 30.084483824438493, "_long/short_Ratio": 2.049959846147344, "_avg_Thread": 30.084483824438493, "sm%": 23.108624144580133, "mem%": 30.084483824438493, "CPU%": 60.86344806023814, "MainMem%": 23.108624144580133}, "workload1+workload2": {"Best shared with 100-100% MPS thread%": 87.77058230585791, "Random select collocation": 45.348571866091625, "stage1-shared 100-100% throughput of predicted pairs": 60.214926594969455, "_PCIe read bandwidth": 34.97127035771636, "_PCIe write bandwidth": 87.77058230585791, "_Long_Kernel": 60.214926594969455, "_ave_Kernel_Length": 60.214926594969455, "_long/short_Ratio": 19.706151703255372, "_avg_Thread": 60.214926594969455, "sm%": 34.97127035771636, "mem%": 60.214926594969455, "CPU%": 77.41160578486645, "MainMem%": 34.97127035771636}}