{"workload1": {"Best shared with 100-100% MPS thread%": 79.89192701653585, "Random select collocation": 67.67684276515999, "stage1-shared 100-100% throughput of predicted pairs": 79.89192701653585, "_PCIe read bandwidth": 52.61810519682559, "_PCIe write bandwidth": 52.61810519682559, "_Long_Kernel": 78.86696264285352, "_ave_Kernel_Length": 62.26737884110588, "_long/short_Ratio": 62.26737884110588, "_avg_Thread": 78.86696264285352, "sm%": 66.97823780715083, "mem%": 79.89192701653585, "CPU%": 65.43844508648831, "MainMem%": 66.97823780715083}, "workload2": {"Best shared with 100-100% MPS thread%": 80.02237467713012, "Random select collocation": 60.73068921991963, "stage1-shared 100-100% throughput of predicted pairs": 80.02237467713012, "_PCIe read bandwidth": 92.6984126984127, "_PCIe write bandwidth": 92.6984126984127, "_Long_Kernel": 19.00976676833965, "_ave_Kernel_Length": 61.571012959534514, "_long/short_Ratio": 61.571012959534514, "_avg_Thread": 19.00976676833965, "sm%": 25.52420466630779, "mem%": 80.02237467713012, "CPU%": 85.55836354979306, "MainMem%": 25.52420466630779}, "workload1+workload2": {"Best shared with 100-100% MPS thread%": 159.91430169366595, "Random select collocation": 128.40753198507963, "stage1-shared 100-100% throughput of predicted pairs": 159.91430169366595, "_PCIe read bandwidth": 145.3165178952383, "_PCIe write bandwidth": 145.3165178952383, "_Long_Kernel": 97.87672941119317, "_ave_Kernel_Length": 123.8383918006404, "_long/short_Ratio": 123.8383918006404, "_avg_Thread": 97.87672941119317, "sm%": 92.50244247345861, "mem%": 159.91430169366595, "CPU%": 150.99680863628137, "MainMem%": 92.50244247345861}}