{"workload1": {"Best shared with 100-100% MPS thread%": 59.77980791754509, "Random select collocation": 45.11945967792218, "stage1-shared 100-100% throughput of predicted pairs": 59.77980791754509, "_PCIe read bandwidth": 31.13131853436748, "_PCIe write bandwidth": 31.13131853436748, "_Long_Kernel": 53.82806375751241, "_ave_Kernel_Length": 39.446261246759406, "_long/short_Ratio": 39.446261246759406, "_avg_Thread": 59.77980791754509, "sm%": 31.13131853436748, "mem%": 53.82806375751241, "CPU%": 41.41184693342653, "MainMem%": 31.13131853436748}, "workload2": {"Best shared with 100-100% MPS thread%": 59.68318855390904, "Random select collocation": 39.045423934185564, "stage1-shared 100-100% throughput of predicted pairs": 59.68318855390904, "_PCIe read bandwidth": 21.13183382694309, "_PCIe write bandwidth": 21.13183382694309, "_Long_Kernel": 20.1300498063088, "_ave_Kernel_Length": 40.43358848097768, "_long/short_Ratio": 40.43358848097768, "_avg_Thread": 59.68318855390904, "sm%": 21.13183382694309, "mem%": 20.1300498063088, "CPU%": 53.84845900278924, "MainMem%": 21.13183382694309}, "workload1+workload2": {"Best shared with 100-100% MPS thread%": 119.46299647145413, "Random select collocation": 84.16488361210774, "stage1-shared 100-100% throughput of predicted pairs": 119.46299647145413, "_PCIe read bandwidth": 52.263152361310574, "_PCIe write bandwidth": 52.263152361310574, "_Long_Kernel": 73.95811356382121, "_ave_Kernel_Length": 79.87984972773708, "_long/short_Ratio": 79.87984972773708, "_avg_Thread": 119.46299647145413, "sm%": 52.263152361310574, "mem%": 73.95811356382121, "CPU%": 95.26030593621577, "MainMem%": 52.263152361310574}}