mse,r2
0.5587862140636013,0.32649749333671485
