mse,r2
0.09852908373213422,0.8969923215527688
