mse,r2
0.07386044660683914,0.9229282296276461
