mse,r2
0.4885189257045768,0.49926810115280873
