mse,r2
0.13479714242061958,0.8382434290952565
