{"workload1": {"Best shared with 100-100% MPS thread%": 21.32138453673353, "Random select collocation": 13.36137471455094, "stage1-shared 100-100% throughput of predicted pairs": 21.32138453673353, "_Threads": 22.196555014312256, "_Compute (SM) Throughput": 22.196555014312256, "_DRAM Throughput": 22.196555014312256, "_Memory Throughput": 22.196555014312256, "_Registers": 22.196555014312256, "_Static Shared Memory": 4.90239666139081, "exclusive_throughput": 9.729663156598312, "sm%": 19.05522023245373, "mem%": 21.32138453673353, "memcap": 9.729663156598312}, "workload2": {"Best shared with 100-100% MPS thread%": 78.23043820431674, "Random select collocation": 33.22577231452518, "stage1-shared 100-100% throughput of predicted pairs": 78.23043820431674, "_Threads": 69.30105612910882, "_Compute (SM) Throughput": 69.30105612910882, "_DRAM Throughput": 69.30105612910882, "_Memory Throughput": 69.30105612910882, "_Registers": 69.30105612910882, "_Static Shared Memory": 3.700801045380914, "exclusive_throughput": 83.86888306466089, "sm%": 5.126327352618089, "mem%": 78.23043820431674, "memcap": 83.86888306466089}, "workload1+workload2": {"Best shared with 100-100% MPS thread%": 99.55182274105027, "Random select collocation": 46.58714702907612, "stage1-shared 100-100% throughput of predicted pairs": 99.55182274105027, "_Threads": 91.49761114342107, "_Compute (SM) Throughput": 91.49761114342107, "_DRAM Throughput": 91.49761114342107, "_Memory Throughput": 91.49761114342107, "_Registers": 91.49761114342107, "_Static Shared Memory": 8.603197706771724, "exclusive_throughput": 93.5985462212592, "sm%": 24.18154758507182, "mem%": 99.55182274105027, "memcap": 93.5985462212592}}