{"workload1": {"Best shared with 100-100% MPS thread%": 52.875381312846, "Random select collocation": 41.69341286340836, "stage1-shared 100-100% throughput of predicted pairs": 31.99121809699298, "_Threads": 60.13179571663921, "_Compute (SM) Throughput": 52.875381312846, "_DRAM Throughput": 60.13179571663921, "_Memory Throughput": 60.13179571663921, "_Registers": 60.13179571663921, "_Static Shared Memory": 60.13179571663921, "exclusive_throughput": 31.99121809699298, "sm%": 56.58366437360721, "mem%": 60.13179571663921, "memcap": 52.875381312846}, "workload2": {"Best shared with 100-100% MPS thread%": 75.46194598785372, "Random select collocation": 46.4300334224864, "stage1-shared 100-100% throughput of predicted pairs": 96.2425840474621, "_Threads": 60.17783423308987, "_Compute (SM) Throughput": 75.46194598785372, "_DRAM Throughput": 60.17783423308987, "_Memory Throughput": 60.17783423308987, "_Registers": 60.17783423308987, "_Static Shared Memory": 60.17783423308987, "exclusive_throughput": 96.2425840474621, "sm%": 6.707317073170732, "mem%": 60.17783423308987, "memcap": 75.46194598785372}, "workload1+workload2": {"Best shared with 100-100% MPS thread%": 128.3373273006997, "Random select collocation": 88.12344628589476, "stage1-shared 100-100% throughput of predicted pairs": 128.23380214445507, "_Threads": 120.30962994972907, "_Compute (SM) Throughput": 128.3373273006997, "_DRAM Throughput": 120.30962994972907, "_Memory Throughput": 120.30962994972907, "_Registers": 120.30962994972907, "_Static Shared Memory": 120.30962994972907, "exclusive_throughput": 128.23380214445507, "sm%": 63.29098144677795, "mem%": 120.30962994972907, "memcap": 128.3373273006997}}