{"workload1": {"Best shared with 100-100% MPS thread%": 1.5092631022903067, "Random select collocation": 1.8120194754783299, "stage1-shared 100-100% throughput of predicted pairs": 1.5092631022903067, "_Threads": 2.4402924996645643, "_Compute (SM) Throughput": 1.5092631022903067, "_DRAM Throughput": 1.8773345719870715, "_Memory Throughput": 1.8773345719870715, "_Registers": 2.4402924996645643, "_Static Shared Memory": 1.561942283280508, "exclusive_throughput": 1.5092631022903067, "sm%": 2.4402924996645643, "mem%": 1.8773345719870715, "memcap": 1.5092631022903067}, "workload2": {"Best shared with 100-100% MPS thread%": 83.40771949869675, "Random select collocation": 22.455187797318782, "stage1-shared 100-100% throughput of predicted pairs": 83.40771949869675, "_Threads": 3.1159964925466617, "_Compute (SM) Throughput": 83.40771949869675, "_DRAM Throughput": 1.887885216578832, "_Memory Throughput": 1.887885216578832, "_Registers": 3.1159964925466617, "_Static Shared Memory": 6.278691561850259, "exclusive_throughput": 83.40771949869675, "sm%": 3.1159964925466617, "mem%": 1.887885216578832, "memcap": 83.40771949869675}, "workload1+workload2": {"Best shared with 100-100% MPS thread%": 84.91698260098705, "Random select collocation": 24.267207272797105, "stage1-shared 100-100% throughput of predicted pairs": 84.91698260098705, "_Threads": 5.5562889922112255, "_Compute (SM) Throughput": 84.91698260098705, "_DRAM Throughput": 3.7652197885659033, "_Memory Throughput": 3.7652197885659033, "_Registers": 5.5562889922112255, "_Static Shared Memory": 7.8406338451307676, "exclusive_throughput": 84.91698260098705, "sm%": 5.5562889922112255, "mem%": 3.7652197885659033, "memcap": 84.91698260098705}}