mse,r2
0.03805072666759743,0.9605903188085598
