{"workload1": {"Best shared with 100-100% MPS thread%": 21.13183382694309, "Random select collocation": 20.95547284258063, "stage1-shared 100-100% throughput of predicted pairs": 21.13183382694309, "_PCIe read bandwidth": 17.335072891258722, "_PCIe write bandwidth": 17.335072891258722, "_Long_Kernel": 28.53008448863371, "_ave_Kernel_Length": 21.13183382694309, "_long/short_Ratio": 21.13183382694309, "_avg_Thread": 28.53008448863371, "sm%": 26.24167067390259, "mem%": 21.13183382694309, "CPU%": 18.529241459177765, "MainMem%": 17.335072891258722}, "workload2": {"Best shared with 100-100% MPS thread%": 31.13131853436748, "Random select collocation": 12.487429134313162, "stage1-shared 100-100% throughput of predicted pairs": 31.13131853436748, "_PCIe read bandwidth": 17.449377691330405, "_PCIe write bandwidth": 17.449377691330405, "_Long_Kernel": 5.127782508767592, "_ave_Kernel_Length": 31.13131853436748, "_long/short_Ratio": 31.13131853436748, "_avg_Thread": 5.127782508767592, "sm%": 1.9816984321268287, "mem%": 31.13131853436748, "CPU%": 17.07949566306, "MainMem%": 17.449377691330405}, "workload1+workload2": {"Best shared with 100-100% MPS thread%": 52.263152361310574, "Random select collocation": 33.44290197689379, "stage1-shared 100-100% throughput of predicted pairs": 52.263152361310574, "_PCIe read bandwidth": 34.78445058258913, "_PCIe write bandwidth": 34.78445058258913, "_Long_Kernel": 33.65786699740131, "_ave_Kernel_Length": 52.263152361310574, "_long/short_Ratio": 52.263152361310574, "_avg_Thread": 33.65786699740131, "sm%": 28.22336910602942, "mem%": 52.263152361310574, "CPU%": 35.60873712223777, "MainMem%": 34.78445058258913}}