{"workload1": {"Best shared with 100-100% MPS thread%": 55.580670489423966, "Random select collocation": 63.08942033953054, "stage1-shared 100-100% throughput of predicted pairs": 84.82278097546198, "_PCIe read bandwidth": 40.41189042160482, "_PCIe write bandwidth": 40.41189042160482, "_Long_Kernel": 84.77282624473798, "_ave_Kernel_Length": 83.86888306466089, "_long/short_Ratio": 83.86888306466089, "_avg_Thread": 84.77282624473798, "sm%": 84.77282624473798, "mem%": 53.84845900278924, "CPU%": 55.580670489423966, "MainMem%": 84.82278097546198}, "workload2": {"Best shared with 100-100% MPS thread%": 57.621744054360136, "Random select collocation": 35.065052081331565, "stage1-shared 100-100% throughput of predicted pairs": 23.843547135916385, "_PCIe read bandwidth": 72.32534018607676, "_PCIe write bandwidth": 72.32534018607676, "_Long_Kernel": 7.892353473929357, "_ave_Kernel_Length": 9.729663156598312, "_long/short_Ratio": 9.729663156598312, "_avg_Thread": 7.892353473929357, "sm%": 7.892353473929357, "mem%": 41.41184693342653, "CPU%": 57.621744054360136, "MainMem%": 23.843547135916385}, "workload1+workload2": {"Best shared with 100-100% MPS thread%": 113.2024145437841, "Random select collocation": 98.1544724208621, "stage1-shared 100-100% throughput of predicted pairs": 108.66632811137836, "_PCIe read bandwidth": 112.73723060768157, "_PCIe write bandwidth": 112.73723060768157, "_Long_Kernel": 92.66517971866735, "_ave_Kernel_Length": 93.5985462212592, "_long/short_Ratio": 93.5985462212592, "_avg_Thread": 92.66517971866735, "sm%": 92.66517971866735, "mem%": 95.26030593621577, "CPU%": 113.2024145437841, "MainMem%": 108.66632811137836}}