{"workload1": {"Best shared with 100-100% MPS thread%": 23.843547135916385, "Random select collocation": 44.294271601018586, "stage1-shared 100-100% throughput of predicted pairs": 49.52090223013653, "_PCIe read bandwidth": 21.35361439175107, "_PCIe write bandwidth": 21.35361439175107, "_Long_Kernel": 55.36069769646412, "_ave_Kernel_Length": 29.918032786885245, "_long/short_Ratio": 29.918032786885245, "_avg_Thread": 55.36069769646412, "sm%": 85.76883536495814, "mem%": 29.918032786885245, "CPU%": 23.843547135916385, "MainMem%": 49.52090223013653}, "workload2": {"Best shared with 100-100% MPS thread%": 84.82278097546198, "Random select collocation": 40.80156830350839, "stage1-shared 100-100% throughput of predicted pairs": 54.79849231661351, "_PCIe read bandwidth": 28.799499139145404, "_PCIe write bandwidth": 28.799499139145404, "_Long_Kernel": 14.003044140030442, "_ave_Kernel_Length": 55.35159559446485, "_long/short_Ratio": 55.35159559446485, "_avg_Thread": 14.003044140030442, "sm%": 7.033997655334115, "mem%": 55.35159559446485, "CPU%": 84.82278097546198, "MainMem%": 54.79849231661351}, "workload1+workload2": {"Best shared with 100-100% MPS thread%": 108.66632811137836, "Random select collocation": 85.09583990452695, "stage1-shared 100-100% throughput of predicted pairs": 104.31939454675003, "_PCIe read bandwidth": 50.153113530896476, "_PCIe write bandwidth": 50.153113530896476, "_Long_Kernel": 69.36374183649457, "_ave_Kernel_Length": 85.26962838135009, "_long/short_Ratio": 85.26962838135009, "_avg_Thread": 69.36374183649457, "sm%": 92.80283302029225, "mem%": 85.26962838135009, "CPU%": 108.66632811137836, "MainMem%": 104.31939454675003}}