{"workload1": {"Best shared with 100-100% MPS thread%": 8.31286604949934, "Random select collocation": 6.605967385473453, "stage1-shared 100-100% throughput of predicted pairs": 8.31286604949934, "_PCIe read bandwidth": 7.328642618359017, "_PCIe write bandwidth": 8.31286604949934, "_Long_Kernel": 8.234666436728338, "_ave_Kernel_Length": 3.2503555076336474, "_long/short_Ratio": 3.2503555076336474, "_avg_Thread": 8.234666436728338, "sm%": 7.328642618359017, "mem%": 8.31286604949934, "CPU%": 5.903306315146925, "MainMem%": 5.903306315146925}, "workload2": {"Best shared with 100-100% MPS thread%": 61.9341154636442, "Random select collocation": 17.982290459196626, "stage1-shared 100-100% throughput of predicted pairs": 61.9341154636442, "_PCIe read bandwidth": 2.4118720856545632, "_PCIe write bandwidth": 61.9341154636442, "_Long_Kernel": 7.070849523179645, "_ave_Kernel_Length": 2.907434189327918, "_long/short_Ratio": 2.907434189327918, "_avg_Thread": 7.070849523179645, "sm%": 2.4118720856545632, "mem%": 61.9341154636442, "CPU%": 15.587181034176812, "MainMem%": 15.587181034176812}, "workload1+workload2": {"Best shared with 100-100% MPS thread%": 70.24698151314354, "Random select collocation": 24.58825784467008, "stage1-shared 100-100% throughput of predicted pairs": 70.24698151314354, "_PCIe read bandwidth": 9.74051470401358, "_PCIe write bandwidth": 70.24698151314354, "_Long_Kernel": 15.305515959907982, "_ave_Kernel_Length": 6.157789696961565, "_long/short_Ratio": 6.157789696961565, "_avg_Thread": 15.305515959907982, "sm%": 9.74051470401358, "mem%": 70.24698151314354, "CPU%": 21.490487349323736, "MainMem%": 21.490487349323736}}