{"workload1": {"Best shared with 100-100% MPS thread%": 7.033997655334115, "Random select collocation": 4.532673933229465, "stage1-shared 100-100% throughput of predicted pairs": 5.873819043912105, "_PCIe read bandwidth": 1.9816984321268287, "_PCIe write bandwidth": 2.062128222075347, "_Long_Kernel": 6.707317073170732, "_ave_Kernel_Length": 6.707317073170732, "_long/short_Ratio": 5.126327352618089, "_avg_Thread": 6.707317073170732, "sm%": 3.788667717972369, "mem%": 6.707317073170732, "CPU%": 1.9816984321268287, "MainMem%": 7.033997655334115}, "workload2": {"Best shared with 100-100% MPS thread%": 85.76883536495814, "Random select collocation": 39.427296289906145, "stage1-shared 100-100% throughput of predicted pairs": 65.43600661082944, "_PCIe read bandwidth": 26.24167067390259, "_PCIe write bandwidth": 87.77829967120714, "_Long_Kernel": 56.58366437360721, "_ave_Kernel_Length": 56.58366437360721, "_long/short_Ratio": 19.05522023245373, "_avg_Thread": 56.58366437360721, "sm%": 3.849762533491967, "mem%": 56.58366437360721, "CPU%": 26.24167067390259, "MainMem%": 85.76883536495814}, "workload1+workload2": {"Best shared with 100-100% MPS thread%": 92.80283302029225, "Random select collocation": 43.959970223135606, "stage1-shared 100-100% throughput of predicted pairs": 71.30982565474154, "_PCIe read bandwidth": 28.22336910602942, "_PCIe write bandwidth": 89.84042789328248, "_Long_Kernel": 63.29098144677795, "_ave_Kernel_Length": 63.29098144677795, "_long/short_Ratio": 24.18154758507182, "_avg_Thread": 63.29098144677795, "sm%": 7.638430251464336, "mem%": 63.29098144677795, "CPU%": 28.22336910602942, "MainMem%": 92.80283302029225}}