{"workload1": {"Best shared with 100-100% MPS thread%": 62.87844288147885, "Random select collocation": 57.013103433597784, "stage1-shared 100-100% throughput of predicted pairs": 51.14776398571672, "_PCIe read bandwidth": 51.14776398571672, "_PCIe write bandwidth": 51.14776398571672, "_Long_Kernel": 62.87844288147885, "_ave_Kernel_Length": 62.87844288147885, "_long/short_Ratio": 62.87844288147885, "_avg_Thread": 62.87844288147885, "sm%": 51.14776398571672, "mem%": 62.87844288147885, "CPU%": 51.14776398571672, "MainMem%": 51.14776398571672}, "workload2": {"Best shared with 100-100% MPS thread%": 41.65255068380793, "Random select collocation": 41.099477570567636, "stage1-shared 100-100% throughput of predicted pairs": 40.54640445732734, "_PCIe read bandwidth": 40.54640445732734, "_PCIe write bandwidth": 40.54640445732734, "_Long_Kernel": 41.65255068380793, "_ave_Kernel_Length": 41.65255068380793, "_long/short_Ratio": 41.65255068380793, "_avg_Thread": 41.65255068380793, "sm%": 40.54640445732734, "mem%": 41.65255068380793, "CPU%": 40.54640445732734, "MainMem%": 40.54640445732734}, "workload1+workload2": {"Best shared with 100-100% MPS thread%": 104.53099356528678, "Random select collocation": 98.11258100416542, "stage1-shared 100-100% throughput of predicted pairs": 91.69416844304406, "_PCIe read bandwidth": 91.69416844304406, "_PCIe write bandwidth": 91.69416844304406, "_Long_Kernel": 104.53099356528678, "_ave_Kernel_Length": 104.53099356528678, "_long/short_Ratio": 104.53099356528678, "_avg_Thread": 104.53099356528678, "sm%": 91.69416844304406, "mem%": 104.53099356528678, "CPU%": 91.69416844304406, "MainMem%": 91.69416844304406}}