mse,r2
0.5130131328876272,0.3747745984174524
