{"workload1": {"Best shared with 100-100% MPS thread%": 80.92285308483736, "stage1-shared 100-100% throughput of predicted pairs": 72.20216606498194}, "workload2": {"Best shared with 100-100% MPS thread%": 80.82296944572394, "stage1-shared 100-100% throughput of predicted pairs": 71.39364303178485}, "workload1+workload2": {"Best shared with 100-100% MPS thread%": 161.7458225305613, "stage1-shared 100-100% throughput of predicted pairs": 143.59580909676677}}