mse,r2
0.0654050417095775,0.9295638012358396
