mse,r2
0.10027559753633662,0.895546252566316
