{"workload1": {"Best shared with 100-100% MPS thread%": 16.371572525807245, "Random select collocation": 21.221457863280925, "stage1-shared 100-100% throughput of predicted pairs": 21.13183382694309, "_PCIe read bandwidth": 17.335072891258722, "_PCIe write bandwidth": 16.371572525807245, "_Long_Kernel": 20.19948311532081, "_ave_Kernel_Length": 28.69084237968468, "_long/short_Ratio": 28.69084237968468, "_avg_Thread": 23.108624144580133, "sm%": 17.335072891258722, "mem%": 21.13183382694309, "CPU%": 21.71277615937177, "MainMem%": 28.69084237968468}, "workload2": {"Best shared with 100-100% MPS thread%": 59.896667991436, "Random select collocation": 24.68395711791518, "stage1-shared 100-100% throughput of predicted pairs": 31.13131853436748, "_PCIe read bandwidth": 17.449377691330405, "_PCIe write bandwidth": 59.896667991436, "_Long_Kernel": 4.609179950067217, "_ave_Kernel_Length": 5.291518333310246, "_long/short_Ratio": 5.291518333310246, "_avg_Thread": 11.862646213136223, "sm%": 17.449377691330405, "mem%": 31.13131853436748, "CPU%": 42.5469911117587, "MainMem%": 5.291518333310246}, "workload1+workload2": {"Best shared with 100-100% MPS thread%": 76.26824051724324, "Random select collocation": 45.905414981196095, "stage1-shared 100-100% throughput of predicted pairs": 52.263152361310574, "_PCIe read bandwidth": 34.78445058258913, "_PCIe write bandwidth": 76.26824051724324, "_Long_Kernel": 24.808663065388025, "_ave_Kernel_Length": 33.982360712994925, "_long/short_Ratio": 33.982360712994925, "_avg_Thread": 34.97127035771636, "sm%": 34.78445058258913, "mem%": 52.263152361310574, "CPU%": 64.25976727113047, "MainMem%": 33.982360712994925}}