{"workload1": {"Best shared with 100-100% MPS thread%": 25.89140610892726, "Random select collocation": 18.780599693189117, "stage1-shared 100-100% throughput of predicted pairs": 30.13044277053096, "_PCIe read bandwidth": 11.862646213136223, "_PCIe write bandwidth": 11.862646213136223, "_Long_Kernel": 30.13044277053096, "_ave_Kernel_Length": 30.13044277053096, "_long/short_Ratio": 17.656191857108027, "_avg_Thread": 30.13044277053096, "sm%": 16.27164884417704, "mem%": 30.13044277053096, "CPU%": 11.862646213136223, "MainMem%": 16.27164884417704}, "workload2": {"Best shared with 100-100% MPS thread%": 68.67356538099718, "Random select collocation": 23.287231212856195, "stage1-shared 100-100% throughput of predicted pairs": 30.084483824438493, "_PCIe read bandwidth": 23.108624144580133, "_PCIe write bandwidth": 23.108624144580133, "_Long_Kernel": 30.084483824438493, "_ave_Kernel_Length": 30.084483824438493, "_long/short_Ratio": 2.049959846147344, "_avg_Thread": 30.084483824438493, "sm%": 18.49050667376599, "mem%": 30.084483824438493, "CPU%": 23.108624144580133, "MainMem%": 18.49050667376599}, "workload1+workload2": {"Best shared with 100-100% MPS thread%": 94.56497148992443, "Random select collocation": 42.06783090604531, "stage1-shared 100-100% throughput of predicted pairs": 60.214926594969455, "_PCIe read bandwidth": 34.97127035771636, "_PCIe write bandwidth": 34.97127035771636, "_Long_Kernel": 60.214926594969455, "_ave_Kernel_Length": 60.214926594969455, "_long/short_Ratio": 19.706151703255372, "_avg_Thread": 60.214926594969455, "sm%": 34.76215551794303, "mem%": 60.214926594969455, "CPU%": 34.97127035771636, "MainMem%": 34.76215551794303}}