{"workload1": {"Best shared with 100-100% MPS thread%": 30.519055142383724, "Random select collocation": 25.02363944839135, "stage1-shared 100-100% throughput of predicted pairs": 30.519055142383724, "_PCIe read bandwidth": 18.22475608883376, "_PCIe write bandwidth": 18.22475608883376, "_Long_Kernel": 22.005087777647937, "_ave_Kernel_Length": 28.055331347936207, "_long/short_Ratio": 22.538107194401057, "_avg_Thread": 30.519055142383724, "sm%": 22.005087777647937, "mem%": 28.055331347936207, "CPU%": 18.22475608883376, "MainMem%": 28.799499139145404}, "workload2": {"Best shared with 100-100% MPS thread%": 45.71160205858756, "Random select collocation": 19.34746586948306, "stage1-shared 100-100% throughput of predicted pairs": 45.71160205858756, "_PCIe read bandwidth": 18.444237940079752, "_PCIe write bandwidth": 18.444237940079752, "_Long_Kernel": 13.501095638651304, "_ave_Kernel_Length": 15.52579629728432, "_long/short_Ratio": 1.5484488905443516, "_avg_Thread": 45.71160205858756, "sm%": 13.501095638651304, "mem%": 15.52579629728432, "CPU%": 18.444237940079752, "MainMem%": 21.35361439175107}, "workload1+workload2": {"Best shared with 100-100% MPS thread%": 76.23065720097128, "Random select collocation": 44.3711053178744, "stage1-shared 100-100% throughput of predicted pairs": 76.23065720097128, "_PCIe read bandwidth": 36.66899402891352, "_PCIe write bandwidth": 36.66899402891352, "_Long_Kernel": 35.50618341629924, "_ave_Kernel_Length": 43.581127645220526, "_long/short_Ratio": 24.086556084945407, "_avg_Thread": 76.23065720097128, "sm%": 35.50618341629924, "mem%": 43.581127645220526, "CPU%": 36.66899402891352, "MainMem%": 50.153113530896476}}