{"workload1": {"Best shared with 100-100% MPS thread%": 92.6984126984127, "Random select collocation": 83.02243132483962, "stage1-shared 100-100% throughput of predicted pairs": 92.6984126984127, "_PCIe read bandwidth": 59.896667991436, "_PCIe write bandwidth": 59.896667991436, "_Long_Kernel": 101.56742537881256, "_ave_Kernel_Length": 101.56742537881256, "_long/short_Ratio": 93.996459037502, "_avg_Thread": 101.56742537881256, "sm%": 59.896667991436, "mem%": 101.56742537881256, "CPU%": 59.896667991436, "MainMem%": 95.44626593806922}, "workload2": {"Best shared with 100-100% MPS thread%": 52.61810519682559, "Random select collocation": 20.605247134751316, "stage1-shared 100-100% throughput of predicted pairs": 52.61810519682559, "_PCIe read bandwidth": 16.371572525807245, "_PCIe write bandwidth": 16.371572525807245, "_Long_Kernel": 20.798668885191347, "_ave_Kernel_Length": 20.798668885191347, "_long/short_Ratio": 6.350704020902889, "_avg_Thread": 20.798668885191347, "sm%": 16.371572525807245, "mem%": 20.798668885191347, "CPU%": 16.371572525807245, "MainMem%": 13.794080827644848}, "workload1+workload2": {"Best shared with 100-100% MPS thread%": 145.3165178952383, "Random select collocation": 103.62767845959092, "stage1-shared 100-100% throughput of predicted pairs": 145.3165178952383, "_PCIe read bandwidth": 76.26824051724324, "_PCIe write bandwidth": 76.26824051724324, "_Long_Kernel": 122.3660942640039, "_ave_Kernel_Length": 122.3660942640039, "_long/short_Ratio": 100.3471630584049, "_avg_Thread": 122.3660942640039, "sm%": 76.26824051724324, "mem%": 122.3660942640039, "CPU%": 76.26824051724324, "MainMem%": 109.24034676571407}}