{"workload1": {"Best shared with 100-100% MPS thread%": 5.135074793480688, "Random select collocation": 14.450451789471387, "stage1-shared 100-100% throughput of predicted pairs": 19.834622849698228, "_PCIe read bandwidth": 5.135074793480688, "_PCIe write bandwidth": 5.135074793480688, "_Long_Kernel": 13.776190991380863, "_ave_Kernel_Length": 13.776190991380863, "_long/short_Ratio": 19.834622849698228, "_avg_Thread": 13.776190991380863, "sm%": 14.496603544457516, "mem%": 19.00976676833965, "CPU%": 5.135074793480688, "MainMem%": 13.776190991380863}, "workload2": {"Best shared with 100-100% MPS thread%": 94.45635032954593, "Random select collocation": 52.72216727036539, "stage1-shared 100-100% throughput of predicted pairs": 70.7450030284676, "_PCIe read bandwidth": 94.45635032954593, "_PCIe write bandwidth": 94.45635032954593, "_Long_Kernel": 14.485949969820938, "_ave_Kernel_Length": 14.485949969820938, "_long/short_Ratio": 70.7450030284676, "_avg_Thread": 14.485949969820938, "sm%": 5.056570381138992, "mem%": 78.86696264285352, "CPU%": 94.45635032954593, "MainMem%": 14.485949969820938}, "workload1+workload2": {"Best shared with 100-100% MPS thread%": 99.59142512302661, "Random select collocation": 67.17261905983678, "stage1-shared 100-100% throughput of predicted pairs": 90.57962587816581, "_PCIe read bandwidth": 99.59142512302661, "_PCIe write bandwidth": 99.59142512302661, "_Long_Kernel": 28.2621409612018, "_ave_Kernel_Length": 28.2621409612018, "_long/short_Ratio": 90.57962587816581, "_avg_Thread": 28.2621409612018, "sm%": 19.553173925596507, "mem%": 97.87672941119317, "CPU%": 99.59142512302661, "MainMem%": 28.2621409612018}}