{"workload1": {"Best shared with 100-100% MPS thread%": 90.29066171923314, "Random select collocation": 68.49307439388798, "stage1-shared 100-100% throughput of predicted pairs": 90.29066171923314, "_PCIe read bandwidth": 42.5469911117587, "_PCIe write bandwidth": 42.5469911117587, "_Long_Kernel": 84.82278097546198, "_ave_Kernel_Length": 83.86888306466089, "_long/short_Ratio": 83.86888306466089, "_avg_Thread": 90.29066171923314, "sm%": 42.5469911117587, "mem%": 90.29066171923314, "CPU%": 55.580670489423966, "MainMem%": 84.82278097546198}, "workload2": {"Best shared with 100-100% MPS thread%": 52.56636503585777, "Random select collocation": 34.48099041258848, "stage1-shared 100-100% throughput of predicted pairs": 52.56636503585777, "_PCIe read bandwidth": 21.71277615937177, "_PCIe write bandwidth": 21.71277615937177, "_Long_Kernel": 23.843547135916385, "_ave_Kernel_Length": 9.729663156598312, "_long/short_Ratio": 9.729663156598312, "_avg_Thread": 52.56636503585777, "sm%": 21.71277615937177, "mem%": 52.56636503585777, "CPU%": 57.621744054360136, "MainMem%": 23.843547135916385}, "workload1+workload2": {"Best shared with 100-100% MPS thread%": 142.8570267550909, "Random select collocation": 102.97406480647648, "stage1-shared 100-100% throughput of predicted pairs": 142.8570267550909, "_PCIe read bandwidth": 64.25976727113047, "_PCIe write bandwidth": 64.25976727113047, "_Long_Kernel": 108.66632811137836, "_ave_Kernel_Length": 93.5985462212592, "_long/short_Ratio": 93.5985462212592, "_avg_Thread": 142.8570267550909, "sm%": 64.25976727113047, "mem%": 142.8570267550909, "CPU%": 113.2024145437841, "MainMem%": 108.66632811137836}}