{"workload1": {"Best shared with 100-100% MPS thread%": 20.798668885191347, "Random select collocation": 34.36169876057194, "stage1-shared 100-100% throughput of predicted pairs": 60.13179571663921, "_PCIe read bandwidth": 20.798668885191347, "_PCIe write bandwidth": 20.798668885191347, "_Long_Kernel": 60.13179571663921, "_ave_Kernel_Length": 60.13179571663921, "_long/short_Ratio": 47.0360824742268, "_avg_Thread": 60.13179571663921, "sm%": 28.829540405785654, "mem%": 60.13179571663921, "CPU%": 28.829540405785654, "MainMem%": 47.0360824742268}, "workload2": {"Best shared with 100-100% MPS thread%": 101.56742537881256, "Random select collocation": 39.94213759616226, "stage1-shared 100-100% throughput of predicted pairs": 60.17783423308987, "_PCIe read bandwidth": 101.56742537881256, "_PCIe write bandwidth": 101.56742537881256, "_Long_Kernel": 60.17783423308987, "_ave_Kernel_Length": 60.17783423308987, "_long/short_Ratio": 23.80952380952381, "_avg_Thread": 60.17783423308987, "sm%": 28.99527983816588, "mem%": 60.17783423308987, "CPU%": 28.99527983816588, "MainMem%": 23.80952380952381}, "workload1+workload2": {"Best shared with 100-100% MPS thread%": 122.3660942640039, "Random select collocation": 74.3038363567342, "stage1-shared 100-100% throughput of predicted pairs": 120.30962994972907, "_PCIe read bandwidth": 122.3660942640039, "_PCIe write bandwidth": 122.3660942640039, "_Long_Kernel": 120.30962994972907, "_ave_Kernel_Length": 120.30962994972907, "_long/short_Ratio": 70.84560628375061, "_avg_Thread": 120.30962994972907, "sm%": 57.824820243951535, "mem%": 120.30962994972907, "CPU%": 57.824820243951535, "MainMem%": 70.84560628375061}}