{"workload1": {"Best shared with 100-100% MPS thread%": 5.873819043912105, "Random select collocation": 4.409880180101627, "stage1-shared 100-100% throughput of predicted pairs": 5.873819043912105, "_PCIe read bandwidth": 5.873819043912105, "_PCIe write bandwidth": 5.873819043912105, "_Long_Kernel": 5.056570381138992, "_ave_Kernel_Length": 5.056570381138992, "_long/short_Ratio": 5.873819043912105, "_avg_Thread": 5.056570381138992, "sm%": 3.788667717972369, "mem%": 5.873819043912105, "CPU%": 2.920463577383043, "MainMem%": 2.920463577383043}, "workload2": {"Best shared with 100-100% MPS thread%": 65.43600661082944, "Random select collocation": 26.641814579250887, "stage1-shared 100-100% throughput of predicted pairs": 65.43600661082944, "_PCIe read bandwidth": 65.43600661082944, "_PCIe write bandwidth": 65.43600661082944, "_Long_Kernel": 14.496603544457516, "_ave_Kernel_Length": 14.496603544457516, "_long/short_Ratio": 65.43600661082944, "_avg_Thread": 14.496603544457516, "sm%": 3.849762533491967, "mem%": 65.43600661082944, "CPU%": 22.78488562822463, "MainMem%": 22.78488562822463}, "workload1+workload2": {"Best shared with 100-100% MPS thread%": 71.30982565474154, "Random select collocation": 31.051694759352515, "stage1-shared 100-100% throughput of predicted pairs": 71.30982565474154, "_PCIe read bandwidth": 71.30982565474154, "_PCIe write bandwidth": 71.30982565474154, "_Long_Kernel": 19.553173925596507, "_ave_Kernel_Length": 19.553173925596507, "_long/short_Ratio": 71.30982565474154, "_avg_Thread": 19.553173925596507, "sm%": 7.638430251464336, "mem%": 71.30982565474154, "CPU%": 25.70534920560767, "MainMem%": 25.70534920560767}}