{"workload1": {"Best shared with 100-100% MPS thread%": 79.89192701653585, "Random select collocation": 70.64999714459485, "stage1-shared 100-100% throughput of predicted pairs": 76.87118482320615, "_PCIe read bandwidth": 52.61810519682559, "_PCIe write bandwidth": 52.61810519682559, "_Long_Kernel": 78.86696264285352, "_ave_Kernel_Length": 76.87118482320615, "_long/short_Ratio": 76.87118482320615, "_avg_Thread": 78.86696264285352, "sm%": 66.97823780715083, "mem%": 76.87118482320615, "CPU%": 66.97823780715083, "MainMem%": 66.97823780715083}, "workload2": {"Best shared with 100-100% MPS thread%": 80.02237467713012, "Random select collocation": 47.57031621905634, "stage1-shared 100-100% throughput of predicted pairs": 42.27573239522048, "_PCIe read bandwidth": 92.6984126984127, "_PCIe write bandwidth": 92.6984126984127, "_Long_Kernel": 19.00976676833965, "_ave_Kernel_Length": 42.27573239522048, "_long/short_Ratio": 42.27573239522048, "_avg_Thread": 19.00976676833965, "sm%": 25.52420466630779, "mem%": 42.27573239522048, "CPU%": 25.52420466630779, "MainMem%": 25.52420466630779}, "workload1+workload2": {"Best shared with 100-100% MPS thread%": 159.91430169366595, "Random select collocation": 118.22031336365119, "stage1-shared 100-100% throughput of predicted pairs": 119.14691721842664, "_PCIe read bandwidth": 145.3165178952383, "_PCIe write bandwidth": 145.3165178952383, "_Long_Kernel": 97.87672941119317, "_ave_Kernel_Length": 119.14691721842664, "_long/short_Ratio": 119.14691721842664, "_avg_Thread": 97.87672941119317, "sm%": 92.50244247345861, "mem%": 119.14691721842664, "CPU%": 92.50244247345861, "MainMem%": 92.50244247345861}}