{"workload1": {"Best shared with 100-100% MPS thread%": 3.424276694985491, "Random select collocation": 3.2668571253371654, "stage1-shared 100-100% throughput of predicted pairs": 3.7903062916590815, "_PCIe read bandwidth": 3.2853305334640126, "_PCIe write bandwidth": 3.2853305334640126, "_Long_Kernel": 3.7903062916590815, "_ave_Kernel_Length": 3.7903062916590815, "_long/short_Ratio": 3.693033998756298, "_avg_Thread": 3.7903062916590815, "sm%": 3.693033998756298, "mem%": 3.7903062916590815, "CPU%": 3.2853305334640126, "MainMem%": 3.693033998756298}, "workload2": {"Best shared with 100-100% MPS thread%": 17.324787369671142, "Random select collocation": 8.527732806330746, "stage1-shared 100-100% throughput of predicted pairs": 11.660452119954767, "_PCIe read bandwidth": 7.380307886253097, "_PCIe write bandwidth": 7.380307886253097, "_Long_Kernel": 11.660452119954767, "_ave_Kernel_Length": 11.660452119954767, "_long/short_Ratio": 3.8838592978200177, "_avg_Thread": 11.660452119954767, "sm%": 3.8838592978200177, "mem%": 11.660452119954767, "CPU%": 7.380307886253097, "MainMem%": 3.8838592978200177}, "workload1+workload2": {"Best shared with 100-100% MPS thread%": 20.749064064656633, "Random select collocation": 11.794589931667911, "stage1-shared 100-100% throughput of predicted pairs": 15.45075841161385, "_PCIe read bandwidth": 10.665638419717109, "_PCIe write bandwidth": 10.665638419717109, "_Long_Kernel": 15.45075841161385, "_ave_Kernel_Length": 15.45075841161385, "_long/short_Ratio": 7.576893296576316, "_avg_Thread": 15.45075841161385, "sm%": 7.576893296576316, "mem%": 15.45075841161385, "CPU%": 10.665638419717109, "MainMem%": 7.576893296576316}}