{"workload1": {"Best shared with 100-100% MPS thread%": 59.77980791754509, "Random select collocation": 42.223702557970206, "stage1-shared 100-100% throughput of predicted pairs": 59.77980791754509, "_PCIe read bandwidth": 31.13131853436748, "_PCIe write bandwidth": 33.24263099339169, "_Long_Kernel": 61.62490371108795, "_ave_Kernel_Length": 61.62490371108795, "_long/short_Ratio": 61.62490371108795, "_avg_Thread": 61.62490371108795, "sm%": 31.13131853436748, "mem%": 61.62490371108795, "CPU%": 41.41184693342653, "MainMem%": 31.13131853436748}, "workload2": {"Best shared with 100-100% MPS thread%": 59.68318855390904, "Random select collocation": 36.84568653343415, "stage1-shared 100-100% throughput of predicted pairs": 59.68318855390904, "_PCIe read bandwidth": 21.13183382694309, "_PCIe write bandwidth": 65.3189050135615, "_Long_Kernel": 30.79519088799832, "_ave_Kernel_Length": 30.79519088799832, "_long/short_Ratio": 30.79519088799832, "_avg_Thread": 30.79519088799832, "sm%": 21.13183382694309, "mem%": 30.79519088799832, "CPU%": 53.84845900278924, "MainMem%": 21.13183382694309}, "workload1+workload2": {"Best shared with 100-100% MPS thread%": 119.46299647145413, "Random select collocation": 79.06938909140436, "stage1-shared 100-100% throughput of predicted pairs": 119.46299647145413, "_PCIe read bandwidth": 52.263152361310574, "_PCIe write bandwidth": 98.56153600695319, "_Long_Kernel": 92.42009459908627, "_ave_Kernel_Length": 92.42009459908627, "_long/short_Ratio": 92.42009459908627, "_avg_Thread": 92.42009459908627, "sm%": 52.263152361310574, "mem%": 92.42009459908627, "CPU%": 95.26030593621577, "MainMem%": 52.263152361310574}}