mse,r2
0.46406573546896135,0.4473148592366798
