{"workload1": {"Best shared with 100-100% MPS thread%": 101.56742537881256, "Random select collocation": 75.86350006221708, "stage1-shared 100-100% throughput of predicted pairs": 101.56742537881256, "_Threads": 101.56742537881256, "_Compute (SM) Throughput": 101.56742537881256, "_DRAM Throughput": 101.56742537881256, "_Memory Throughput": 101.56742537881256, "_Registers": 101.56742537881256, "_Static Shared Memory": 43.00639756984397, "exclusive_throughput": 101.56742537881256, "sm%": 87.77829967120714, "mem%": 101.56742537881256, "memcap": 101.56742537881256}, "workload2": {"Best shared with 100-100% MPS thread%": 20.798668885191347, "Random select collocation": 11.534454496980333, "stage1-shared 100-100% throughput of predicted pairs": 20.798668885191347, "_Threads": 20.798668885191347, "_Compute (SM) Throughput": 20.798668885191347, "_DRAM Throughput": 20.798668885191347, "_Memory Throughput": 20.798668885191347, "_Registers": 20.798668885191347, "_Static Shared Memory": 3.108606955508063, "exclusive_throughput": 20.798668885191347, "sm%": 2.062128222075347, "mem%": 20.798668885191347, "memcap": 20.798668885191347}, "workload1+workload2": {"Best shared with 100-100% MPS thread%": 122.3660942640039, "Random select collocation": 87.39795455919742, "stage1-shared 100-100% throughput of predicted pairs": 122.3660942640039, "_Threads": 122.3660942640039, "_Compute (SM) Throughput": 122.3660942640039, "_DRAM Throughput": 122.3660942640039, "_Memory Throughput": 122.3660942640039, "_Registers": 122.3660942640039, "_Static Shared Memory": 46.115004525352035, "exclusive_throughput": 122.3660942640039, "sm%": 89.84042789328248, "mem%": 122.3660942640039, "memcap": 122.3660942640039}}