mse,r2
0.17404338925490528,0.78598556486282
