mse,r2
0.4628944142613066,0.5249241537844485
