{"workload1": {"Best shared with 100-100% MPS thread%": 62.26737884110588, "stage1-shared 100-100% throughput of predicted pairs": 62.26737884110588}, "workload2": {"Best shared with 100-100% MPS thread%": 61.571012959534514, "stage1-shared 100-100% throughput of predicted pairs": 61.571012959534514}, "workload1+workload2": {"Best shared with 100-100% MPS thread%": 123.83839180064038, "stage1-shared 100-100% throughput of predicted pairs": 123.83839180064038}}