mse,r2
0.12608635722382994,0.8712868436673402
