{"workload1": {"Best shared with 100-100% MPS thread%": 80.92285308483736, "stage1-shared 100-100% throughput of predicted pairs": 85.55836354979306}, "workload2": {"Best shared with 100-100% MPS thread%": 80.82296944572394, "stage1-shared 100-100% throughput of predicted pairs": 65.43844508648831}, "workload1+workload2": {"Best shared with 100-100% MPS thread%": 161.7458225305613, "stage1-shared 100-100% throughput of predicted pairs": 150.99680863628137}}