{"workload1": {"Best shared with 100-100% MPS thread%": 25.52420466630779, "Random select collocation": 20.291112723787222, "stage1-shared 100-100% throughput of predicted pairs": 12.097491549546344, "_Threads": 28.99527983816588, "_Compute (SM) Throughput": 27.516737301148577, "_DRAM Throughput": 28.99527983816588, "_Memory Throughput": 28.99527983816588, "_Registers": 28.99527983816588, "_Static Shared Memory": 10.068943480493251, "exclusive_throughput": 12.097491549546344, "sm%": 22.78488562822463, "mem%": 28.99527983816588, "memcap": 12.097491549546344}, "workload2": {"Best shared with 100-100% MPS thread%": 66.97823780715083, "Random select collocation": 26.077092374235143, "stage1-shared 100-100% throughput of predicted pairs": 73.45565460748706, "_Threads": 28.829540405785654, "_Compute (SM) Throughput": 52.483767327956144, "_DRAM Throughput": 28.829540405785654, "_Memory Throughput": 28.829540405785654, "_Registers": 28.829540405785654, "_Static Shared Memory": 3.006807940142824, "exclusive_throughput": 73.45565460748706, "sm%": 2.920463577383043, "mem%": 28.829540405785654, "memcap": 73.45565460748706}, "workload1+workload2": {"Best shared with 100-100% MPS thread%": 92.50244247345861, "Random select collocation": 46.36820509802236, "stage1-shared 100-100% throughput of predicted pairs": 85.55314615703341, "_Threads": 57.824820243951535, "_Compute (SM) Throughput": 80.00050462910473, "_DRAM Throughput": 57.824820243951535, "_Memory Throughput": 57.824820243951535, "_Registers": 57.824820243951535, "_Static Shared Memory": 13.075751420636076, "exclusive_throughput": 85.55314615703341, "sm%": 25.70534920560767, "mem%": 57.824820243951535, "memcap": 85.55314615703341}}