{"workload1": {"Best shared with 100-100% MPS thread%": 29.28171366807507, "Random select collocation": 22.49298776173763, "stage1-shared 100-100% throughput of predicted pairs": 16.663697531963876, "_Threads": 29.404750213942, "_Compute (SM) Throughput": 16.663697531963876, "_DRAM Throughput": 29.28171366807507, "_Memory Throughput": 28.055331347936207, "_Registers": 29.404750213942, "_Static Shared Memory": 11.104234944275774, "exclusive_throughput": 16.663697531963876, "sm%": 17.07949566306, "mem%": 28.055331347936207, "memcap": 16.663697531963876}, "workload2": {"Best shared with 100-100% MPS thread%": 58.51630114853271, "Random select collocation": 20.151334022202807, "stage1-shared 100-100% throughput of predicted pairs": 61.84720880051893, "_Threads": 5.391672547635851, "_Compute (SM) Throughput": 61.84720880051893, "_DRAM Throughput": 58.51630114853271, "_Memory Throughput": 15.52579629728432, "_Registers": 5.391672547635851, "_Static Shared Memory": 2.9377099490948373, "exclusive_throughput": 61.84720880051893, "sm%": 18.529241459177765, "mem%": 15.52579629728432, "memcap": 61.84720880051893}, "workload1+workload2": {"Best shared with 100-100% MPS thread%": 87.79801481660778, "Random select collocation": 42.644321783940434, "stage1-shared 100-100% throughput of predicted pairs": 78.5109063324828, "_Threads": 34.79642276157785, "_Compute (SM) Throughput": 78.5109063324828, "_DRAM Throughput": 87.79801481660778, "_Memory Throughput": 43.581127645220526, "_Registers": 34.79642276157785, "_Static Shared Memory": 14.041944893370612, "exclusive_throughput": 78.5109063324828, "sm%": 35.60873712223777, "mem%": 43.581127645220526, "memcap": 78.5109063324828}}