mse,r2
0.2125996414342299,0.7548453528429554
