mse,r2
0.3276203496497123,0.6664229167202931
