{"workload1": {"Best shared with 100-100% MPS thread%": 6.350704020902889, "Random select collocation": 11.50494273501732, "stage1-shared 100-100% throughput of predicted pairs": 9.729663156598312, "_Threads": 19.05522023245373, "_Compute (SM) Throughput": 6.350704020902889, "_DRAM Throughput": 9.729663156598312, "_Memory Throughput": 10.387197567875692, "_Registers": 19.05522023245373, "_Static Shared Memory": 3.8838592978200177, "exclusive_throughput": 6.350704020902889, "sm%": 19.05522023245373, "mem%": 10.387197567875692, "memcap": 9.729663156598312}, "workload2": {"Best shared with 100-100% MPS thread%": 93.996459037502, "Random select collocation": 38.770685257823395, "stage1-shared 100-100% throughput of predicted pairs": 83.86888306466089, "_Threads": 5.126327352618089, "_Compute (SM) Throughput": 93.996459037502, "_DRAM Throughput": 83.86888306466089, "_Memory Throughput": 54.86166753075364, "_Registers": 5.126327352618089, "_Static Shared Memory": 3.693033998756298, "exclusive_throughput": 93.996459037502, "sm%": 5.126327352618089, "mem%": 54.86166753075364, "memcap": 83.86888306466089}, "workload1+workload2": {"Best shared with 100-100% MPS thread%": 100.3471630584049, "Random select collocation": 50.27562799284071, "stage1-shared 100-100% throughput of predicted pairs": 93.5985462212592, "_Threads": 24.18154758507182, "_Compute (SM) Throughput": 100.3471630584049, "_DRAM Throughput": 93.5985462212592, "_Memory Throughput": 65.24886509862934, "_Registers": 24.18154758507182, "_Static Shared Memory": 7.576893296576316, "exclusive_throughput": 100.3471630584049, "sm%": 24.18154758507182, "mem%": 65.24886509862934, "memcap": 93.5985462212592}}