mse,r2
0.16545291468208753,0.8027798756308454
