mse,r2
0.13324357694539277,0.8614266799767916
