mse,r2
0.1256998268829078,0.8716814267236983
