mse,r2
0.25600496151294805,0.7405816390002126
