mse,r2
0.5210622710014515,0.4572268010401547
