mse,r2
0.1855063860968892,0.7879927016035553
