mse,r2
0.11208460785758895,0.8654984705708932
