mse,r2
0.030526165397483696,0.9688633112945666
