{"workload1": {"Best shared with 100-100% MPS thread%": 94.45635032954593, "stage1-shared 100-100% throughput of predicted pairs": 78.86696264285352}, "workload2": {"Best shared with 100-100% MPS thread%": 5.135074793480688, "stage1-shared 100-100% throughput of predicted pairs": 19.00976676833965}, "workload1+workload2": {"Best shared with 100-100% MPS thread%": 99.59142512302661, "stage1-shared 100-100% throughput of predicted pairs": 97.87672941119317}}