mse,r2
0.31952269040744496,0.6348312109629201
