mse,r2
0.1348326821806276,0.8459055060792827
