{"workload1": {"Best shared with 100-100% MPS thread%": 61.571012959534514, "Random select collocation": 57.91596909737452, "stage1-shared 100-100% throughput of predicted pairs": 62.87844288147885, "_PCIe read bandwidth": 41.31169170922575, "_PCIe write bandwidth": 41.31169170922575, "_Long_Kernel": 62.271797135176335, "_ave_Kernel_Length": 61.38835783505834, "_long/short_Ratio": 61.38835783505834, "_avg_Thread": 62.271797135176335, "sm%": 62.271797135176335, "mem%": 60.66003409582453, "CPU%": 51.14776398571672, "MainMem%": 62.09865217698116}, "workload2": {"Best shared with 100-100% MPS thread%": 62.26737884110588, "Random select collocation": 31.233583905433495, "stage1-shared 100-100% throughput of predicted pairs": 41.65255068380793, "_PCIe read bandwidth": 54.48460040350325, "_PCIe write bandwidth": 54.48460040350325, "_Long_Kernel": 6.373776462554064, "_ave_Kernel_Length": 7.720493621401698, "_long/short_Ratio": 7.720493621401698, "_avg_Thread": 6.373776462554064, "sm%": 6.373776462554064, "mem%": 15.085145537959098, "CPU%": 40.54640445732734, "MainMem%": 21.73832123580868}, "workload1+workload2": {"Best shared with 100-100% MPS thread%": 123.8383918006404, "Random select collocation": 89.149553002808, "stage1-shared 100-100% throughput of predicted pairs": 104.53099356528678, "_PCIe read bandwidth": 95.79629211272899, "_PCIe write bandwidth": 95.79629211272899, "_Long_Kernel": 68.6455735977304, "_ave_Kernel_Length": 69.10885145646004, "_long/short_Ratio": 69.10885145646004, "_avg_Thread": 68.6455735977304, "sm%": 68.6455735977304, "mem%": 75.74517963378362, "CPU%": 91.69416844304406, "MainMem%": 83.83697341278985}}