{"workload1": {"Best shared with 100-100% MPS thread%": 2.717503191007535, "Random select collocation": 1.858952097693517, "stage1-shared 100-100% throughput of predicted pairs": 2.717503191007535, "_PCIe read bandwidth": 1.4333245495001836, "_PCIe write bandwidth": 1.4333245495001836, "_Long_Kernel": 2.8225571786067625, "_ave_Kernel_Length": 0.95585192305125, "_long/short_Ratio": 1.8773345719870715, "_avg_Thread": 2.8225571786067625, "sm%": 2.4402924996645643, "mem%": 2.717503191007535, "CPU%": 1.5484488905443516, "MainMem%": 1.9338632074217816}, "workload2": {"Best shared with 100-100% MPS thread%": 67.33929086191986, "Random select collocation": 18.488221595777826, "stage1-shared 100-100% throughput of predicted pairs": 67.33929086191986, "_PCIe read bandwidth": 22.384642157132127, "_PCIe write bandwidth": 22.384642157132127, "_Long_Kernel": 9.260726722893526, "_ave_Kernel_Length": 3.1421541302185334, "_long/short_Ratio": 1.887885216578832, "_avg_Thread": 9.260726722893526, "sm%": 3.1159964925466617, "mem%": 67.33929086191986, "CPU%": 22.538107194401057, "MainMem%": 18.106009718666986}, "workload1+workload2": {"Best shared with 100-100% MPS thread%": 70.0567940529274, "Random select collocation": 20.347173693471344, "stage1-shared 100-100% throughput of predicted pairs": 70.0567940529274, "_PCIe read bandwidth": 23.817966706632312, "_PCIe write bandwidth": 23.817966706632312, "_Long_Kernel": 12.08328390150029, "_ave_Kernel_Length": 4.098006053269783, "_long/short_Ratio": 3.7652197885659033, "_avg_Thread": 12.08328390150029, "sm%": 5.5562889922112255, "mem%": 70.0567940529274, "CPU%": 24.086556084945407, "MainMem%": 20.03987292608877}}