mse,r2
0.6617416211398254,0.27913255393537534
