mse,r2
0.07151265453496378,0.9247235215421434
