mse,r2
0.12853295064638995,0.8691300866145848
