{"workload1": {"Best shared with 100-100% MPS thread%": 21.71277615937177, "Random select collocation": 21.86175203454303, "stage1-shared 100-100% throughput of predicted pairs": 21.71277615937177, "_Threads": 26.24167067390259, "_Compute (SM) Throughput": 28.354682253451063, "_DRAM Throughput": 28.354682253451063, "_Memory Throughput": 28.354682253451063, "_Registers": 26.24167067390259, "_Static Shared Memory": 11.811782413568404, "exclusive_throughput": 21.71277615937177, "sm%": 26.24167067390259, "mem%": 21.13183382694309, "memcap": 28.354682253451063}, "workload2": {"Best shared with 100-100% MPS thread%": 42.5469911117587, "Random select collocation": 16.476640556340616, "stage1-shared 100-100% throughput of predicted pairs": 42.5469911117587, "_Threads": 1.9816984321268287, "_Compute (SM) Throughput": 18.33076995511472, "_DRAM Throughput": 18.33076995511472, "_Memory Throughput": 18.33076995511472, "_Registers": 1.9816984321268287, "_Static Shared Memory": 2.7796848974035977, "exclusive_throughput": 42.5469911117587, "sm%": 1.9816984321268287, "mem%": 31.13131853436748, "memcap": 18.33076995511472}, "workload1+workload2": {"Best shared with 100-100% MPS thread%": 64.25976727113047, "Random select collocation": 38.33839259088364, "stage1-shared 100-100% throughput of predicted pairs": 64.25976727113047, "_Threads": 28.22336910602942, "_Compute (SM) Throughput": 46.685452208565785, "_DRAM Throughput": 46.685452208565785, "_Memory Throughput": 46.685452208565785, "_Registers": 28.22336910602942, "_Static Shared Memory": 14.591467310972002, "exclusive_throughput": 64.25976727113047, "sm%": 28.22336910602942, "mem%": 52.263152361310574, "memcap": 46.685452208565785}}