{"workload1": {"Best shared with 100-100% MPS thread%": 92.6984126984127, "Random select collocation": 81.09728000971114, "stage1-shared 100-100% throughput of predicted pairs": 72.32534018607676, "_Threads": 101.56742537881256, "_Compute (SM) Throughput": 96.51496684363832, "_DRAM Throughput": 101.56742537881256, "_Memory Throughput": 101.56742537881256, "_Registers": 101.56742537881256, "_Static Shared Memory": 58.367897656289045, "exclusive_throughput": 72.32534018607676, "sm%": 87.77829967120714, "mem%": 101.56742537881256, "memcap": 72.32534018607676}, "workload2": {"Best shared with 100-100% MPS thread%": 52.61810519682559, "Random select collocation": 17.7371055241106, "stage1-shared 100-100% throughput of predicted pairs": 40.41189042160482, "_Threads": 20.798668885191347, "_Compute (SM) Throughput": 38.74561084877104, "_DRAM Throughput": 20.798668885191347, "_Memory Throughput": 20.798668885191347, "_Registers": 20.798668885191347, "_Static Shared Memory": 2.485012269748082, "exclusive_throughput": 40.41189042160482, "sm%": 2.062128222075347, "mem%": 20.798668885191347, "memcap": 40.41189042160482}, "workload1+workload2": {"Best shared with 100-100% MPS thread%": 145.3165178952383, "Random select collocation": 98.83438553382172, "stage1-shared 100-100% throughput of predicted pairs": 112.73723060768157, "_Threads": 122.3660942640039, "_Compute (SM) Throughput": 135.26057769240936, "_DRAM Throughput": 122.3660942640039, "_Memory Throughput": 122.3660942640039, "_Registers": 122.3660942640039, "_Static Shared Memory": 60.85290992603713, "exclusive_throughput": 112.73723060768157, "sm%": 89.84042789328248, "mem%": 122.3660942640039, "memcap": 112.73723060768157}}