{"workload1": {"Best shared with 100-100% MPS thread%": 3.108606955508063, "Random select collocation": 3.1710730726803873, "stage1-shared 100-100% throughput of predicted pairs": 3.108606955508063, "_Threads": 3.72830460632995, "_Compute (SM) Throughput": 3.108606955508063, "_DRAM Throughput": 3.108606955508063, "_Memory Throughput": 3.424276694985491, "_Registers": 3.72830460632995, "_Static Shared Memory": 2.1413381078209435, "exclusive_throughput": 3.108606955508063, "sm%": 3.322266247958369, "mem%": 3.424276694985491, "memcap": 3.108606955508063}, "workload2": {"Best shared with 100-100% MPS thread%": 43.00639756984397, "Random select collocation": 12.737111790033683, "stage1-shared 100-100% throughput of predicted pairs": 43.00639756984397, "_Threads": 3.293390534862815, "_Compute (SM) Throughput": 43.00639756984397, "_DRAM Throughput": 43.00639756984397, "_Memory Throughput": 17.324787369671142, "_Registers": 3.293390534862815, "_Static Shared Memory": 2.389257357954705, "exclusive_throughput": 43.00639756984397, "sm%": 7.450307986514724, "mem%": 17.324787369671142, "memcap": 43.00639756984397}, "workload1+workload2": {"Best shared with 100-100% MPS thread%": 46.115004525352035, "Random select collocation": 15.908184862714071, "stage1-shared 100-100% throughput of predicted pairs": 46.115004525352035, "_Threads": 7.021695141192765, "_Compute (SM) Throughput": 46.115004525352035, "_DRAM Throughput": 46.115004525352035, "_Memory Throughput": 20.749064064656633, "_Registers": 7.021695141192765, "_Static Shared Memory": 4.530595465775649, "exclusive_throughput": 46.115004525352035, "sm%": 10.772574234473092, "mem%": 20.749064064656633, "memcap": 46.115004525352035}}