mse,r2
0.16780633835987624,0.8047061808840462
