{"workload1": {"Best shared with 100-100% MPS thread%": 2.062128222075347, "Random select collocation": 4.054978557193017, "stage1-shared 100-100% throughput of predicted pairs": 2.062128222075347, "_Threads": 6.707317073170732, "_Compute (SM) Throughput": 5.873819043912105, "_DRAM Throughput": 6.707317073170732, "_Memory Throughput": 6.707317073170732, "_Registers": 6.707317073170732, "_Static Shared Memory": 1.6991106175383557, "exclusive_throughput": 2.062128222075347, "sm%": 3.788667717972369, "mem%": 6.707317073170732, "memcap": 6.707317073170732}, "workload2": {"Best shared with 100-100% MPS thread%": 87.77829967120714, "Random select collocation": 35.77803452009222, "stage1-shared 100-100% throughput of predicted pairs": 87.77829967120714, "_Threads": 56.58366437360721, "_Compute (SM) Throughput": 65.43600661082944, "_DRAM Throughput": 56.58366437360721, "_Memory Throughput": 56.58366437360721, "_Registers": 56.58366437360721, "_Static Shared Memory": 3.313421491979044, "exclusive_throughput": 87.77829967120714, "sm%": 3.849762533491967, "mem%": 56.58366437360721, "memcap": 56.58366437360721}, "workload1+workload2": {"Best shared with 100-100% MPS thread%": 89.84042789328248, "Random select collocation": 39.83301307728523, "stage1-shared 100-100% throughput of predicted pairs": 89.84042789328248, "_Threads": 63.29098144677795, "_Compute (SM) Throughput": 71.30982565474154, "_DRAM Throughput": 63.29098144677795, "_Memory Throughput": 63.29098144677795, "_Registers": 63.29098144677795, "_Static Shared Memory": 5.0125321095174, "exclusive_throughput": 89.84042789328248, "sm%": 7.638430251464336, "mem%": 63.29098144677795, "memcap": 63.29098144677795}}