mse,r2
0.1313901834518868,0.8489186169167553
