{"workload1": {"Best shared with 100-100% MPS thread%": 16.371572525807245, "Random select collocation": 23.17173781993293, "stage1-shared 100-100% throughput of predicted pairs": 29.40360610263523, "_PCIe read bandwidth": 17.335072891258722, "_PCIe write bandwidth": 16.371572525807245, "_Long_Kernel": 31.03071335378539, "_ave_Kernel_Length": 31.03071335378539, "_long/short_Ratio": 28.69084237968468, "_avg_Thread": 31.03071335378539, "sm%": 26.24167067390259, "mem%": 31.03071335378539, "CPU%": 21.71277615937177, "MainMem%": 28.354682253451063}, "workload2": {"Best shared with 100-100% MPS thread%": 59.896667991436, "Random select collocation": 18.249531249346767, "stage1-shared 100-100% throughput of predicted pairs": 41.937452874223546, "_PCIe read bandwidth": 17.449377691330405, "_PCIe write bandwidth": 59.896667991436, "_Long_Kernel": 21.55379221258535, "_ave_Kernel_Length": 21.55379221258535, "_long/short_Ratio": 5.291518333310246, "_avg_Thread": 21.55379221258535, "sm%": 1.9816984321268287, "mem%": 21.55379221258535, "CPU%": 42.5469911117587, "MainMem%": 18.33076995511472}, "workload1+workload2": {"Best shared with 100-100% MPS thread%": 76.26824051724324, "Random select collocation": 41.4212690692797, "stage1-shared 100-100% throughput of predicted pairs": 71.34105897685878, "_PCIe read bandwidth": 34.78445058258913, "_PCIe write bandwidth": 76.26824051724324, "_Long_Kernel": 52.58450556637074, "_ave_Kernel_Length": 52.58450556637074, "_long/short_Ratio": 33.982360712994925, "_avg_Thread": 52.58450556637074, "sm%": 28.22336910602942, "mem%": 52.58450556637074, "CPU%": 64.25976727113047, "MainMem%": 46.685452208565785}}