{"workload1": {"Best shared with 100-100% MPS thread%": 29.28171366807507, "Random select collocation": 23.25009292759391, "stage1-shared 100-100% throughput of predicted pairs": 28.799499139145404, "_Threads": 29.404750213942, "_Compute (SM) Throughput": 28.799499139145404, "_DRAM Throughput": 28.799499139145404, "_Memory Throughput": 28.055331347936207, "_Registers": 29.404750213942, "_Static Shared Memory": 11.104234944275774, "exclusive_throughput": 28.799499139145404, "sm%": 22.005087777647937, "mem%": 28.055331347936207, "memcap": 28.799499139145404}, "workload2": {"Best shared with 100-100% MPS thread%": 58.51630114853271, "Random select collocation": 14.958316618927938, "stage1-shared 100-100% throughput of predicted pairs": 21.35361439175107, "_Threads": 5.391672547635851, "_Compute (SM) Throughput": 21.35361439175107, "_DRAM Throughput": 21.35361439175107, "_Memory Throughput": 15.52579629728432, "_Registers": 5.391672547635851, "_Static Shared Memory": 2.9377099490948373, "exclusive_throughput": 21.35361439175107, "sm%": 13.501095638651304, "mem%": 15.52579629728432, "memcap": 21.35361439175107}, "workload1+workload2": {"Best shared with 100-100% MPS thread%": 87.79801481660778, "Random select collocation": 38.20840954652185, "stage1-shared 100-100% throughput of predicted pairs": 50.153113530896476, "_Threads": 34.79642276157785, "_Compute (SM) Throughput": 50.153113530896476, "_DRAM Throughput": 50.153113530896476, "_Memory Throughput": 43.581127645220526, "_Registers": 34.79642276157785, "_Static Shared Memory": 14.041944893370612, "exclusive_throughput": 50.153113530896476, "sm%": 35.50618341629924, "mem%": 43.581127645220526, "memcap": 50.153113530896476}}