{"workload1": {"Best shared with 100-100% MPS thread%": 56.28430791433652, "Random select collocation": 45.1076659323609, "stage1-shared 100-100% throughput of predicted pairs": 59.77980791754509, "_Threads": 59.77980791754509, "_Compute (SM) Throughput": 59.77980791754509, "_DRAM Throughput": 59.77980791754509, "_Memory Throughput": 53.82806375751241, "_Registers": 59.77980791754509, "_Static Shared Memory": 22.861831112831894, "exclusive_throughput": 55.35159559446485, "sm%": 51.83239079129002, "mem%": 53.82806375751241, "memcap": 55.35159559446485}, "workload2": {"Best shared with 100-100% MPS thread%": 64.34995799071665, "Random select collocation": 21.777971694434015, "stage1-shared 100-100% throughput of predicted pairs": 59.68318855390904, "_Threads": 59.68318855390904, "_Compute (SM) Throughput": 59.68318855390904, "_DRAM Throughput": 59.68318855390904, "_Memory Throughput": 20.1300498063088, "_Registers": 59.68318855390904, "_Static Shared Memory": 3.044093697204, "exclusive_throughput": 29.918032786885245, "sm%": 3.133285128946734, "mem%": 20.1300498063088, "memcap": 29.918032786885245}, "workload1+workload2": {"Best shared with 100-100% MPS thread%": 120.63426590505317, "Random select collocation": 66.88563762679493, "stage1-shared 100-100% throughput of predicted pairs": 119.46299647145413, "_Threads": 119.46299647145413, "_Compute (SM) Throughput": 119.46299647145413, "_DRAM Throughput": 119.46299647145413, "_Memory Throughput": 73.95811356382121, "_Registers": 119.46299647145413, "_Static Shared Memory": 25.905924810035895, "exclusive_throughput": 85.26962838135009, "sm%": 54.96567592023675, "mem%": 73.95811356382121, "memcap": 85.26962838135009}}