mse,r2
0.2215358374942759,0.7572711627221734
