mse,r2
0.16271954336652922,0.8331081606497136
