mse,r2
0.10542389296653587,0.890671518405074
